time,latitude,longitude,depth,mag,magType,nst,gap,dmin,rms,net,id,updated,place,type,horizontalError,depthError,magError,magNst,status,locationSource,magSource,region
2026-05-16T22:48:50.700Z,18.083,-66.947833333333,17.5,2.91,md,26,96,0.06551,0.12,pr,pr71516823,2026-05-17T00:11:06.040Z,"1 km ENE of Sabana Grande, Puerto Rico",earthquake,0.21,0.33,0.09296527967848,11.0,reviewed,pr,pr,Global
2026-05-16T22:30:01.757Z,-2.887,148.0014,10.0,4.3,mb,12,144,1.051,0.65,us,us6000sycy,2026-05-17T09:41:30.040Z,"124 km SE of Lorengau, Papua New Guinea",earthquake,8.37,1.975,0.201,7.0,reviewed,us,us,Global
2026-05-16T21:16:17.475Z,13.0317,93.7365,105.224,4.7,mb,68,51,5.935,0.71,us,us6000sy9z,2026-05-16T21:51:39.040Z,"184 km NE of Bamboo Flat, India",earthquake,8.29,5.923,0.064,75.0,reviewed,us,us,Global
2026-05-16T20:36:48.788Z,49.43,-116.8321,16.856,3.2,ml,30,127,0.767,0.54,us,us6000sy9s,2026-05-16T20:58:33.263Z,"33 km ESE of Nelson, Canada",earthquake,2.66,7.04,0.043,70.0,reviewed,us,us,Global
2026-05-16T18:30:31.638Z,39.2652,-119.1225,1.8241,2.52,ml,13,104,0.41,0.1143,nn,nn00918759,2026-05-16T19:28:24.040Z,"18 km SSE of Silver Springs, Nevada",earthquake,,4.5901,0.32,6.0,automatic,nn,nn,Global
2026-05-16T17:59:00.090Z,-22.5537,-70.2765,40.075,4.4,mwr,28,139,0.668,0.7,us,us6000sy9c,2026-05-16T18:14:32.040Z,"51 km S of Tocopilla, Chile",earthquake,4.97,7.098,0.059,28.0,reviewed,us,us,Global
2026-05-16T16:49:18.847Z,36.8493,53.8076,10.0,4.4,mb,89,95,4.389,0.76,us,us6000sy95,2026-05-16T19:27:41.040Z,"28 km NE of Behshahr, Iran",earthquake,8.9,1.896,0.062,74.0,reviewed,us,us,Global
2026-05-16T15:58:04.288Z,-17.8726,169.1752,10.0,5.4,mww,109,42,3.064,0.58,us,us6000sy90,2026-05-16T18:26:59.954Z,"92 km E of Port-Vila, Vanuatu",earthquake,6.66,1.852,0.051,37.0,reviewed,us,us,Global
2026-05-16T15:50:26.300Z,18.587833333333,-65.098333333333,63.4,3.41,md,19,191,0.2701,0.39,pr,pr71516788,2026-05-16T19:10:50.040Z,"32 km NNW of Charlotte Amalie, U.S. Virgin Islands",earthquake,2.82,1.84,0.060263474240588,10.0,reviewed,pr,pr,Global
2026-05-16T15:48:22.607Z,-37.027,177.0065,293.053,4.4,mb,30,71,1.166,0.74,us,us6000sy8w,2026-05-16T17:44:42.040Z,"95 km NNE of Maketu, New Zealand",earthquake,9.02,7.847,0.13,17.0,reviewed,us,us,Global
2026-05-16T15:47:21.251Z,-18.31,-175.3186,210.799,4.7,mb,97,58,5.167,0.77,us,us6000sy8y,2026-05-16T16:37:28.040Z,"145 km WNW of Neiafu, Tonga",earthquake,9.14,7.22,0.042,169.0,reviewed,us,us,Global
2026-05-16T15:35:20.974Z,-17.8828,168.8619,10.0,4.9,mb,30,156,2.897,0.56,us,us6000sy8u,2026-05-16T16:27:10.040Z,"60 km ESE of Port-Vila, Vanuatu",earthquake,8.67,1.928,0.112,25.0,reviewed,us,us,Global
2026-05-16T15:17:56.098Z,-8.5526,160.9161,23.374,5.7,mww,175,45,1.3,1.02,us,us6000sy8k,2026-05-16T17:45:24.315Z,"33 km NE of Auki, Solomon Islands",earthquake,7.12,4.98,0.068,21.0,reviewed,us,us,Global
2026-05-16T14:50:03.503Z,17.5127,-61.1771,30.038,6.0,mww,209,20,0.601,0.95,us,us6000sy84,2026-05-17T01:40:54.055Z,"70 km ESE of Codrington, Antigua and Barbuda",earthquake,5.58,3.762,0.034,82.0,reviewed,us,us,Global
2026-05-16T14:12:25.202Z,39.9428,77.9256,10.0,4.4,mb,42,102,1.595,1.16,us,us6000sy7x,2026-05-16T18:44:05.040Z,"97 km W of Tumxuk, China",earthquake,6.25,1.887,0.103,27.0,reviewed,us,us,Global
2026-05-16T14:07:54.649Z,-17.7708,169.2036,10.0,5.2,mww,97,67,3.003,0.55,us,us6000sy7u,2026-05-16T18:32:43.040Z,"94 km E of Port-Vila, Vanuatu",earthquake,5.64,1.743,0.054,33.0,reviewed,us,us,Global
2026-05-16T13:50:57.855Z,39.8092,-114.1186,4.851,2.9,ml,35,69,0.567,0.9,us,us6000sy7w,2026-05-16T18:19:40.040Z,"72 km NE of McGill, Nevada",earthquake,3.01,4.513,0.026,195.0,reviewed,us,us,Global
2026-05-16T13:06:33.999Z,54.2765,-164.6852,86.17,3.8,ml,32,170,0.218,0.64,us,us6000sy7m,2026-05-17T00:22:28.350Z,"72 km ENE of Akutan, Alaska",earthquake,8.15,5.258,0.077,22.0,reviewed,us,us,Global
2026-05-16T12:59:30.959Z,-17.8503,169.1937,10.0,5.3,mww,38,116,3.058,0.51,us,us6000sy7l,2026-05-16T13:15:08.040Z,"94 km E of Port-Vila, Vanuatu",earthquake,9.36,1.877,0.069,20.0,reviewed,us,us,Global
2026-05-16T11:25:43.857Z,6.8241,124.6816,10.0,5.0,mww,56,42,0.924,0.91,us,us6000sy76,2026-05-16T13:39:35.780Z,"5 km WSW of Badak, Philippines",earthquake,7.4,1.878,0.089,12.0,reviewed,us,us,Global
2026-05-16T10:59:47.078Z,-22.985,-66.294,244.83,4.7,mb,60,63,1.737,0.9,us,us6000sy6x,2026-05-16T11:14:33.040Z,"67 km WNW of El Aguilar, Argentina",earthquake,8.72,5.605,0.038,210.0,reviewed,us,us,Global
2026-05-16T10:49:52.788Z,-24.3191,-67.3824,202.207,4.4,mb,17,130,1.544,0.71,us,us6000sy6v,2026-05-16T11:57:51.040Z,"108 km W of San Antonio de los Cobres, Argentina",earthquake,11.43,14.904,0.179,9.0,reviewed,us,us,Global
2026-05-16T10:47:57.145Z,9.6215,-84.5797,10.0,3.3,ml,6,224,0.579,0.73,us,us6000sy6z,2026-05-16T13:15:55.547Z,"5 km E of Jacó, Costa Rica",earthquake,1.43,1.996,0.105,12.0,reviewed,us,us,Global
2026-05-16T10:42:00.686Z,51.889,176.108,20.0,4.3,ml,15,202,1.5,1.0,ak,aka2026jqejkz,2026-05-17T00:14:58.814Z,"225 km ESE of Attu Station, Alaska",earthquake,22.2,0.0,0.2,12.0,reviewed,ak,ak,Global
2026-05-16T08:54:02.463Z,-53.432,25.1395,10.0,4.7,mb,18,117,21.27,0.62,us,us6000sycw,2026-05-17T09:26:32.040Z,south of Africa,earthquake,10.05,1.92,0.133,17.0,reviewed,us,us,Global
2026-05-16T08:28:04.050Z,33.027833333333,-116.30333333333,5.97,2.69,ml,92,25,0.07303,0.21,ci,ci41468456,2026-05-16T14:40:12.376Z,"21 km SW of Ocotillo Wells, CA",earthquake,0.13,0.61,0.17465439651351,26.0,automatic,ci,ci,Global
2026-05-16T07:22:15.762Z,32.07,-103.723,7.5226,2.7,ml,18,56,0.0,0.1,tx,tx2026jojrya,2026-05-16T23:04:25.934Z,"37 km ESE of Malaga, New Mexico",earthquake,0.31624742155664,0.39771522736285,0.1,12.0,reviewed,tx,tx,Global
2026-05-16T07:19:59.319Z,-17.7445,-66.7592,310.947,4.3,mb,62,71,1.954,0.99,us,us6000sy5y,2026-05-16T08:18:12.040Z,"47 km S of Colchani, Bolivia",earthquake,9.1,8.367,0.052,105.0,reviewed,us,us,Global
2026-05-16T06:49:35.528Z,-24.142,-66.8656,191.035,4.3,mb,65,85,1.69,0.78,us,us6000sy5u,2026-05-16T07:25:58.040Z,"56 km W of San Antonio de los Cobres, Argentina",earthquake,8.23,9.442,0.095,31.0,reviewed,us,us,Global
2026-05-16T06:48:55.360Z,-31.9282,-178.203,10.0,5.0,mb,25,132,2.685,0.97,us,us6000sy5x,2026-05-16T07:17:02.040Z,Kermadec Islands region,earthquake,12.86,1.927,0.108,27.0,reviewed,us,us,Global
2026-05-16T06:34:13.991Z,-41.764,174.2287,20.623,4.4,mb,34,108,0.269,0.83,us,us6000sy5t,2026-05-16T07:02:54.878Z,"34 km SE of Witherlea, New Zealand",earthquake,4.2,4.783,0.155,12.0,reviewed,us,us,Global
2026-05-16T06:29:07.587Z,-15.5201,-175.0816,287.657,4.6,mb,34,98,3.571,0.44,us,us6000sy5s,2026-05-16T06:49:18.040Z,"145 km WNW of Hihifo, Tonga",earthquake,13.61,8.274,0.037,222.0,reviewed,us,us,Global
2026-05-16T04:21:31.590Z,18.8978,-68.4733,58.0,4.09,md,26,161,0.3947,0.35,pr,pr2026136000,2026-05-16T05:38:51.752Z,"33 km NE of Otra Banda, Dominican Republic",earthquake,2.29,2.81,0.16,22.0,reviewed,pr,pr,Global
2026-05-16T03:03:46.895Z,-24.2151,-67.0342,229.108,4.1,mb,24,127,1.638,1.05,us,us6000sy54,2026-05-16T04:44:02.040Z,"72 km W of San Antonio de los Cobres, Argentina",earthquake,11.39,13.954,0.234,5.0,reviewed,us,us,Global
2026-05-16T01:59:43.392Z,-21.8473,-68.4323,133.173,4.8,mb,46,70,0.754,1.36,us,us6000sy50,2026-05-16T02:12:24.040Z,"71 km SSW of Ollagüe, Chile",earthquake,5.32,3.755,0.097,33.0,reviewed,us,us,Global
2026-05-16T01:34:40.031Z,79.7331,4.088,10.0,4.3,mb,19,120,1.677,1.38,us,us6000sy4y,2026-05-16T02:15:53.040Z,"298 km WNW of Longyearbyen, Svalbard and Jan Mayen",earthquake,8.72,1.637,0.147,13.0,reviewed,us,us,Global
2026-05-16T01:22:16.192Z,-32.555,-178.5946,35.0,4.6,mb,14,236,5.604,1.11,us,us6000sy4v,2026-05-16T01:45:02.040Z,south of the Kermadec Islands,earthquake,9.87,2.0,0.193,8.0,reviewed,us,us,Global
2026-05-16T00:42:04.430Z,51.5099,-176.7351,35.0,3.8,ml,25,198,0.401,0.71,us,us6000sy5a,2026-05-16T04:24:10.040Z,"41 km S of Adak, Alaska",earthquake,3.57,2.0,0.081,20.0,reviewed,us,us,Global
2026-05-16T00:35:58.488Z,-21.5312,-67.0192,243.727,4.4,mb,33,72,1.776,0.79,us,us6000sy4q,2026-05-16T01:16:32.040Z,"105 km SW of Atocha, Bolivia",earthquake,11.65,16.807,0.24,5.0,reviewed,us,us,Global
2026-05-15T23:47:13.113Z,38.5186,89.3531,10.0,4.3,mb,45,104,8.243,0.63,us,us6000sy4p,2026-05-16T03:32:29.040Z,"89 km SSE of Bingtuan Sanshiliu Tuan, China",earthquake,9.39,1.929,0.114,24.0,reviewed,us,us,Global
2026-05-15T23:21:36.859Z,10.5469,-72.4724,10.0,4.4,mb,36,61,2.453,1.33,us,us6000sy4k,2026-05-16T03:16:27.040Z,"30 km NW of La Villa del Rosario, Venezuela",earthquake,6.47,1.891,0.1,29.0,reviewed,us,us,Global
2026-05-15T22:39:01.001Z,69.576,-144.632,5.0,3.1,ml,55,142,0.3,0.8,ak,aka2026jpggmx,2026-05-16T03:21:56.577Z,"73 km SSW of Kaktovik, Alaska",earthquake,4.3,0.0,0.1,38.0,reviewed,ak,ak,Global
2026-05-15T22:20:25.566Z,-17.8368,-178.6924,568.345,4.5,mb,66,121,3.102,0.78,us,us6000sy49,2026-05-16T01:28:52.040Z,"212 km E of Levuka, Fiji",earthquake,11.57,7.734,0.037,212.0,reviewed,us,us,Global
2026-05-15T21:15:25.536Z,-17.8372,-178.6268,556.283,4.7,mb,60,83,3.165,0.8,us,us6000sy3u,2026-05-15T21:34:28.040Z,"219 km E of Levuka, Fiji",earthquake,12.39,8.561,0.03,336.0,reviewed,us,us,Global
2026-05-15T20:38:05.800Z,40.588665008545,-122.71516418457,49.54999923706,2.55,md,15,75,0.122,0.33,nc,nc75361026,2026-05-15T22:22:20.457Z,"15 km SSW of French Gulch, CA",earthquake,2.01,4.23000002,0.15,11.0,automatic,nc,nc,Global
2026-05-15T20:33:23.179Z,53.5222,-166.0425,73.201,2.5,ml,14,214,0.425,0.24,us,us6000sy57,2026-05-16T17:55:24.040Z,"50 km SE of Unalaska, Alaska",earthquake,12.52,32.997,0.105,12.0,reviewed,us,us,Global
2026-05-15T19:35:55.842Z,52.7535,-168.8048,35.0,3.5,ml,32,209,0.221,0.9,us,us6000sy3y,2026-05-16T17:52:10.040Z,"20 km S of Nikolski, Alaska",earthquake,3.33,1.94,0.085,18.0,reviewed,us,us,Global
2026-05-15T18:53:15.166Z,54.6291,-159.6218,14.927,2.9,ml,25,213,1.397,0.48,us,us6000sy55,2026-05-16T17:22:26.040Z,"96 km SE of Sand Point, Alaska",earthquake,6.39,10.915,0.097,14.0,reviewed,us,us,Global
2026-05-15T18:36:15.340Z,20.159333333333,-155.895,26.12,2.95,ml,52,123,0.02565,0.14,hv,hv74960787,2026-05-15T19:43:14.080Z,"11 km SW of Hāwī, Hawaii",earthquake,0.53,0.67,0.20792529743474,35.0,reviewed,hv,hv,Global
2026-05-15T18:28:04.147Z,-17.9867,169.176,10.0,4.6,mb,22,211,3.154,1.29,us,us6000sy5n,2026-05-16T06:19:55.040Z,"95 km ESE of Port-Vila, Vanuatu",earthquake,11.22,1.976,0.133,17.0,reviewed,us,us,Global
2026-05-15T17:36:18.529Z,51.6045,-175.39,34.025,3.6,mb,29,199,0.507,0.54,us,us6000sy3x,2026-05-16T17:26:07.040Z,"91 km ESE of Adak, Alaska",earthquake,4.2,12.186,0.204,6.0,reviewed,us,us,Global
2026-05-15T16:05:42.670Z,17.823333333333,-65.800666666667,9.71,2.74,md,12,223,0.2864,0.36,pr,pr71516718,2026-05-15T16:25:55.990Z,"21 km SSE of Emajagua, Puerto Rico",earthquake,1.62,1.24,0.19454466394196,11.0,reviewed,pr,pr,Global
2026-05-15T15:45:18.856Z,-17.732,-70.0593,135.386,4.9,mb,48,125,0.69,1.19,us,us6000sxz1,2026-05-15T16:01:15.040Z,"11 km WNW of Palca, Peru",earthquake,7.71,5.89,0.058,98.0,reviewed,us,us,Global
2026-05-15T15:34:44.060Z,32.2211,-112.7807,10.0,2.5,ml,8,99,0.266,0.96,us,us6000sxyw,2026-05-15T16:08:32.280Z,"6 km SW of Why, Arizona",earthquake,2.57,2.011,0.091,16.0,reviewed,us,us,Global
2026-05-15T14:14:31.920Z,19.5736,-66.7013,35.0,3.6,md,24,221,1.1098,0.3,pr,pr2026135001,2026-05-15T15:02:02.230Z,"121 km N of Hatillo, Puerto Rico",earthquake,1.61,13.59,0.15,21.0,reviewed,pr,pr,Global
2026-05-15T13:44:26.940Z,18.194,-68.2655,145.0,3.69,md,9,243,0.3402,0.55,pr,pr2026135000,2026-05-15T15:21:31.040Z,"41 km ESE of Boca de Yuma, Dominican Republic",earthquake,8.02,2.92,0.1,5.0,reviewed,pr,pr,Global
2026-05-15T13:35:13.614Z,55.241,-154.967,17.6,2.6,ml,21,277,2.3,0.5,ak,aka2026jooczf,2026-05-15T22:38:27.348Z,"196 km SSW of Akhiok, Alaska",earthquake,32.7,17.8285,0.2,16.0,reviewed,ak,ak,Global
2026-05-15T12:00:44.208Z,65.128,-146.128,18.5,2.8,ml,41,33,0.5,0.7,ak,aka2026jokzby,2026-05-15T22:17:54.625Z,"44 km NE of Pleasant Valley, Alaska",earthquake,2.3,1.9181,0.2,26.0,reviewed,ak,ak,Global
2026-05-15T11:22:01.649Z,38.9127,142.2498,43.592,6.7,mww,99,43,2.085,1.07,us,us6000sxwq,2026-05-17T12:36:31.704Z,"49 km ESE of Ōfunato, Japan",earthquake,5.99,5.204,0.047,44.0,reviewed,us,us,Global
2026-05-15T11:20:54.030Z,27.9065,142.15,35.954,4.8,mb,39,94,8.607,1.08,us,us6000sxx0,2026-05-15T12:34:17.040Z,"Bonin Islands, Japan region",earthquake,11.45,8.189,0.088,40.0,reviewed,us,us,Global
2026-05-15T11:05:45.280Z,42.392833333333,-111.4245,1.39,3.81,ml,22,119,0.3833,0.21,uu,uu80140161,2026-05-16T20:46:24.823Z,"8 km W of Bennington, Idaho",earthquake,0.55,0.9,0.13808439549049,44.0,reviewed,uu,uu,Global
2026-05-15T10:06:55.794Z,14.3367,-93.0073,35.0,4.3,mb,90,186,2.108,0.64,us,us6000sxwg,2026-05-15T15:41:13.040Z,"76 km SW of Puerto Madero, Mexico",earthquake,4.86,1.977,0.05,113.0,reviewed,us,us,Global
2026-05-15T06:51:55.560Z,36.435166666667,-89.5385,9.34,2.64,md,48,31,0.04815,0.1,nm,nm60621566,2026-05-16T14:39:42.819Z,"8 km NW of Tiptonville, Tennessee",earthquake,0.14,0.31,0.060530528680185,32.0,reviewed,nm,nm,Global
2026-05-15T05:22:02.822Z,51.345,-174.333,17.6,3.9,ml,31,219,0.9,0.8,ak,aka2026jnxrkd,2026-05-15T17:14:35.342Z,"95 km S of Atka, Alaska",earthquake,5.2,5.2436,0.1,20.0,reviewed,ak,ak,Global
2026-05-15T05:09:20.870Z,38.822166442871,-122.76416778565,2.210000038147,2.82,md,75,46,0.009429,0.12,nc,nc75360696,2026-05-15T06:42:19.330Z,"4 km W of Cobb, CA",earthquake,0.17,0.270000011,0.14,90.0,automatic,nc,nc,Global
2026-05-15T04:56:18.530Z,34.4225,-97.468,5.57,2.72,ml,98,41,0.0,0.4,ok,ok2026jlfe,2026-05-15T11:59:59.885Z,"4 km SE of Ratliff City, Oklahoma",earthquake,,0.8,0.25,41.0,reviewed,ok,ok,Global
2026-05-15T03:40:34.621Z,39.4244,-119.0889,13.4941,2.64,ml,34,97,0.074,0.1437,nn,nn00918644,2026-05-16T02:04:08.630Z,"11 km E of Silver Springs, Nevada",earthquake,,0.9377,0.28,15.0,reviewed,nn,nn,Global
2026-05-15T03:14:25.405Z,57.628,-155.968,4.2,2.6,ml,35,125,0.2,0.6,ak,aka2026jntiye,2026-05-15T21:22:32.740Z,"86 km E of Ugashik, Alaska",earthquake,3.8,2.3359,0.2,26.0,reviewed,ak,ak,Global
2026-05-15T03:14:25.327Z,57.613,-155.953,5.4,2.5,ml,29,126,0.2,0.6,ak,aka2026jntkwa,2026-05-15T17:55:28.331Z,"87 km E of Ugashik, Alaska",earthquake,4.3,2.5828,0.2,22.0,reviewed,ak,ak,Global
2026-05-15T02:13:32.779Z,58.267,-155.537,7.3,2.7,ml,13,67,0.1,0.3,ak,aka2026jnrjnf,2026-05-15T19:20:52.670Z,"80 km SE of King Salmon, Alaska",earthquake,3.6,5.2199,0.2,47.0,reviewed,ak,ak,Global
2026-05-15T02:13:02.507Z,58.267,-155.572,1.9,2.7,ml,61,41,0.1,0.7,ak,aka2026jnrjng,2026-05-15T19:15:52.330Z,"79 km SE of King Salmon, Alaska",earthquake,2.5,1.9622,0.2,47.0,reviewed,ak,ak,Global
2026-05-15T01:13:58.659Z,-2.9915,147.7607,10.0,5.4,mww,61,50,1.021,1.12,us,us6000sxu9,2026-05-16T01:39:23.156Z,"119 km SSE of Lorengau, Papua New Guinea",earthquake,6.95,1.87,0.11,8.0,reviewed,us,us,Global
2026-05-14T23:51:39.761Z,-4.0617,152.4304,160.554,4.4,mb,35,127,0.295,0.65,us,us6000sxu3,2026-05-15T02:10:00.040Z,"33 km ENE of Rabaul, Papua New Guinea",earthquake,11.77,4.369,0.1,29.0,reviewed,us,us,Global
2026-05-14T23:46:01.569Z,-20.2209,-178.5266,608.515,4.3,mb,41,127,4.067,0.8,us,us6000sxty,2026-05-15T00:37:10.040Z,Fiji region,earthquake,14.82,6.236,0.065,68.0,reviewed,us,us,Global
2026-05-14T23:09:28.238Z,-40.5826,-16.7257,10.0,4.5,mb,18,82,31.086,0.67,us,us6000sxx5,2026-05-15T12:51:40.040Z,southern Mid-Atlantic Ridge,earthquake,15.81,1.92,0.131,17.0,reviewed,us,us,Global
2026-05-14T22:14:05.512Z,-55.4449,-26.8022,10.0,4.8,mb,30,119,5.714,0.45,us,us6000sxtg,2026-05-14T22:35:18.040Z,South Sandwich Islands region,earthquake,13.22,1.928,0.097,34.0,reviewed,us,us,Global
2026-05-14T22:09:31.704Z,57.629,-156.008,3.9,3.1,ml,45,123,0.2,0.7,ak,aka2026jnjghm,2026-05-15T09:43:55.340Z,"84 km E of Ugashik, Alaska",earthquake,3.9,2.1025,0.2,35.0,reviewed,ak,ak,Global
2026-05-14T22:08:09.119Z,51.4231,-177.6603,35.0,2.6,ml,15,220,0.365,0.26,us,us6000sxve,2026-05-15T21:05:15.040Z,"86 km SW of Adak, Alaska",earthquake,2.45,1.956,0.115,10.0,reviewed,us,us,Global
2026-05-14T22:06:26.877Z,-20.0584,-71.0707,10.0,4.1,mb,20,203,0.908,0.86,us,us6000sxt8,2026-05-14T22:53:36.040Z,"97 km W of Puerto, Chile",earthquake,4.15,1.946,0.262,4.0,reviewed,us,us,Global
2026-05-14T19:32:05.582Z,50.566,-172.864,8.7,3.2,ml,14,256,1.8,0.9,ak,aka2026jneacd,2026-05-15T05:33:36.069Z,"203 km SSE of Atka, Alaska",earthquake,19.5,13.1553,0.2,12.0,reviewed,ak,ak,Global
2026-05-14T17:53:14.710Z,-6.198,130.3702,146.066,6.2,mww,75,26,1.728,0.88,us,us6000sxqf,2026-05-15T18:21:27.923Z,"271 km WSW of Tual, Indonesia",earthquake,8.36,6.149,0.039,62.0,reviewed,us,us,Global
2026-05-14T17:30:45.670Z,19.1435,-155.50766666667,36.0,2.85,ml,46,149,0.04467,0.11,hv,hv74959852,2026-05-14T19:08:22.171Z,"7 km SSW of Pāhala, Hawaii",earthquake,0.43,0.52,0.15315883060243,38.0,reviewed,hv,hv,Global
2026-05-14T15:50:29.118Z,62.292,-151.065,82.4,3.8,ml,156,21,0.3,0.9,ak,aka2026jmwpsb,2026-05-15T16:14:27.511Z,"27 km SW of Petersville, Alaska",earthquake,1.8,2.3726,0.2,108.0,reviewed,ak,ak,Global
2026-05-14T15:34:06.382Z,25.1362,141.443,157.426,5.2,mww,94,33,9.259,1.14,us,us6000sxnw,2026-05-14T15:55:53.040Z,"Volcano Islands, Japan region",earthquake,9.7,5.264,0.073,18.0,reviewed,us,us,Global
2026-05-14T15:34:00.722Z,60.759,-151.286,83.5,2.5,ml,75,40,0.1,0.7,ak,aka2026jmwblc,2026-05-15T04:44:04.643Z,"7 km N of Nikiski, Alaska",earthquake,2.6,2.417,0.2,48.0,reviewed,ak,ak,Global
2026-05-14T13:06:19.516Z,59.533,-152.581,93.5,4.0,ml,61,91,0.4,1.0,ak,aka2026jmrcur,2026-05-15T21:59:10.714Z,"42 km WNW of Nanwalek, Alaska",earthquake,3.5,1.9395,0.2,47.0,reviewed,ak,ak,Global
2026-05-14T12:48:22.202Z,4.0895,-76.7348,117.101,5.3,mww,115,65,2.521,1.31,us,us6000sxn9,2026-05-14T17:45:55.451Z,"32 km WNW of Darien, Colombia",earthquake,7.6,4.693,0.058,29.0,reviewed,us,us,Global
2026-05-14T09:55:47.289Z,-58.3477,-25.63,52.398,5.1,mb,73,80,7.28,0.56,us,us6000sxmm,2026-05-14T10:22:17.040Z,South Sandwich Islands region,earthquake,11.6,7.334,0.066,75.0,reviewed,us,us,Global
2026-05-14T09:33:33.772Z,51.031,-178.449,17.0,2.6,ml,17,220,0.6,0.5,ak,aka2026jmkatk,2026-05-15T03:34:38.428Z,"157 km SW of Adak, Alaska",earthquake,6.5,4.0972,0.1,10.0,reviewed,ak,ak,Global
2026-05-14T09:29:57.505Z,51.014,-178.468,18.2,3.2,ml,21,221,0.6,0.8,ak,aka2026jmjxph,2026-05-15T03:32:43.419Z,"159 km SW of Adak, Alaska",earthquake,6.0,3.6341,0.2,17.0,reviewed,ak,ak,Global
2026-05-14T09:22:04.559Z,39.1617,-119.0358,8.5765,2.59,ml,35,50,0.09,0.1435,nn,nn00918594,2026-05-14T16:21:39.169Z,"22 km NNE of Yerington, Nevada",earthquake,,0.9435,0.36,17.0,reviewed,nn,nn,Global
2026-05-14T08:09:11.830Z,17.924666666667,-66.912166666667,13.95,2.51,md,17,226,0.0591,0.17,pr,pr71516593,2026-05-14T09:06:16.180Z,"5 km S of Guánica, Puerto Rico",earthquake,0.7,0.57,0.01457084799416,3.0,reviewed,pr,pr,Global
2026-05-14T07:47:44.952Z,30.176,56.4998,10.0,4.7,mb,68,66,5.217,0.88,us,us6000sxm9,2026-05-14T08:29:58.040Z,"28 km NNW of Bardsīr, Iran",earthquake,9.05,1.867,0.06,84.0,reviewed,us,us,Global
2026-05-14T06:47:39.521Z,57.5765,-142.8766,10.0,2.7,ml,35,206,2.491,0.52,us,us6000sxm6,2026-05-15T05:49:29.040Z,"285 km SW of Yakutat, Alaska",earthquake,8.28,2.008,0.045,66.0,reviewed,us,us,Global
2026-05-14T05:25:47.847Z,39.2635,-119.0834,9.2057,2.57,ml,23,90,0.035,0.1764,nn,nn00918569,2026-05-15T05:42:32.040Z,"20 km SE of Silver Springs, Nevada",earthquake,,1.4561,0.17,13.0,reviewed,nn,nn,Global
2026-05-14T04:48:46.740Z,51.188,-176.984,36.9,2.5,ml,15,234,0.6,0.5,ak,aka2026jmanyz,2026-05-14T20:31:36.025Z,"80 km SSW of Adak, Alaska",earthquake,11.9,12.7908,0.2,11.0,reviewed,ak,ak,Global
2026-05-14T04:44:51.705Z,9.5253,-84.6545,10.0,3.2,ml,5,233,0.715,0.23,us,us6000sxlv,2026-05-14T13:47:38.679Z,"10 km SSW of Jacó, Costa Rica",earthquake,4.74,1.835,0.115,10.0,reviewed,us,us,Global
2026-05-14T04:23:29.430Z,19.048,-155.36833333333,33.66,2.78,ml,44,214,0.1389,0.14,hv,hv74959527,2026-05-14T20:08:47.250Z,"20 km SE of Pāhala, Hawaii",earthquake,0.54,0.8,0.16687980425856,35.0,reviewed,hv,hv,Global
2026-05-14T03:36:57.699Z,9.5876,-84.5871,10.0,4.4,mb,36,154,0.624,0.93,us,us6000sxne,2026-05-14T13:44:15.607Z,"5 km ESE of Jacó, Costa Rica",earthquake,4.47,1.851,0.099,29.0,reviewed,us,us,Global
2026-05-14T03:13:45.029Z,54.219,-162.302,1.7,2.5,ml,10,230,0.8,0.5,ak,aka2026jlxjor,2026-05-14T20:08:34.415Z,"93 km S of King Cove, Alaska",earthquake,10.9,6.3704,0.1,6.0,reviewed,ak,ak,Global
2026-05-14T02:59:47.627Z,0.5784,126.2296,35.0,4.7,mb,33,89,6.948,1.05,us,us6000sxky,2026-05-14T03:15:55.040Z,"130 km W of Ternate, Indonesia",earthquake,12.2,1.923,0.115,23.0,reviewed,us,us,Global
2026-05-14T02:55:32.060Z,54.274,-162.365,26.0,3.3,ml,12,244,0.7,0.7,ak,aka2026jlwttp,2026-05-14T20:02:31.187Z,"87 km S of King Cove, Alaska",earthquake,17.4,9.9682,0.1,7.0,reviewed,ak,ak,Global
2026-05-14T02:53:43.509Z,54.2286,-162.4686,50.302,4.2,mb,11,164,0.838,0.48,us,us6000sxkn,2026-05-15T22:21:00.233Z,"92 km SE of False Pass, Alaska",earthquake,7.53,14.345,0.121,19.0,reviewed,us,us,Global
2026-05-14T02:46:38.356Z,-24.2997,-66.9979,182.694,4.7,mb,60,65,1.724,1.2,us,us6000sxkm,2026-05-14T03:08:36.040Z,"69 km W of San Antonio de los Cobres, Argentina",earthquake,8.7,7.004,0.038,206.0,reviewed,us,us,Global
2026-05-14T02:03:05.557Z,52.206,-173.317,147.1,2.7,ml,10,187,0.5,0.3,ak,aka2026jlvahw,2026-05-14T19:58:10.209Z,"60 km E of Atka, Alaska",earthquake,111.9,7.3176,0.4,7.0,reviewed,ak,ak,Global
2026-05-14T01:33:25.558Z,51.9997,-30.7976,10.0,4.5,mb,59,99,13.69,1.13,us,us6000sxke,2026-05-14T02:21:16.040Z,northern Mid-Atlantic Ridge,earthquake,10.37,1.917,0.063,73.0,reviewed,us,us,Global
2026-05-14T00:51:10.984Z,51.31,-174.493,1.4,2.6,ml,10,275,0.9,0.9,ak,aka2026jlspyj,2026-05-14T19:22:13.913Z,"100 km SSW of Atka, Alaska",earthquake,12.2,10.0388,0.1,8.0,reviewed,ak,ak,Global
2026-05-14T00:14:01.393Z,5.0578,36.842,10.0,4.7,mb,28,117,2.195,1.1,us,us6000sxka,2026-05-14T00:28:07.040Z,"41 km ENE of Turmi, Ethiopia",earthquake,10.38,1.908,0.113,24.0,reviewed,us,us,Global
2026-05-14T00:12:30.178Z,51.253,-178.272,40.2,2.5,ml,10,234,0.5,0.3,ak,aka2026jlrijx,2026-05-14T19:10:58.972Z,"132 km WSW of Adak, Alaska",earthquake,17.9,14.3903,0.1,7.0,reviewed,ak,ak,Global
2026-05-13T22:10:17.110Z,19.0278,121.2171,35.0,4.6,mb,48,114,3.773,0.61,us,us6000sxk3,2026-05-14T02:28:02.040Z,"46 km N of Namuac, Philippines",earthquake,9.83,1.935,0.068,64.0,reviewed,us,us,Global
2026-05-13T22:07:03.394Z,56.017,-159.869,5.0,3.4,ml,35,165,0.8,0.9,ak,aka2026jlndux,2026-05-14T18:40:20.476Z,"27 km WNW of Ivanof Bay, Alaska",earthquake,8.1,0.0,0.1,26.0,reviewed,ak,ak,Global
2026-05-13T22:01:06.478Z,19.0659,121.2754,35.0,5.3,mww,72,46,3.737,0.59,us,us6000sxk1,2026-05-14T12:23:59.023Z,"51 km NNE of Namuac, Philippines",earthquake,9.72,1.789,0.066,22.0,reviewed,us,us,Global
2026-05-13T20:48:01.461Z,79.1495,2.1053,10.0,4.4,mb,13,134,1.895,1.1,us,us6000sxvm,2026-05-15T18:36:40.040Z,Greenland Sea,earthquake,6.9,1.975,0.103,27.0,reviewed,us,us,Global
2026-05-13T20:37:19.036Z,41.2905,84.0645,10.0,4.4,mb,48,93,3.656,0.62,us,us6000sxjk,2026-05-13T22:17:56.040Z,"105 km ESE of Kuqa, China",earthquake,6.68,1.762,0.094,33.0,reviewed,us,us,Global
2026-05-13T20:18:42.034Z,-5.9901,130.9,123.533,4.0,mb,12,100,1.763,0.59,us,us6000sxjd,2026-05-14T15:14:00.040Z,"208 km W of Tual, Indonesia",earthquake,9.7,10.132,0.231,5.0,reviewed,us,us,Global
2026-05-13T20:08:12.314Z,54.1277,-162.39,2.515,2.9,ml,16,225,0.846,0.54,us,us6000sxqy,2026-05-15T16:31:07.040Z,"103 km S of King Cove, Alaska",earthquake,3.31,12.769,0.181,4.0,reviewed,us,us,Global
2026-05-13T20:01:36.130Z,39.9322,141.2848,10.0,4.4,mww,169,58,0.873,0.57,us,us6000sxj5,2026-05-13T21:17:02.040Z,"13 km ENE of Hachimantai, Japan",earthquake,6.24,1.832,0.11,8.0,reviewed,us,us,Global
2026-05-13T19:40:14.620Z,18.721333333333,-67.335833333333,10.44,3.02,md,12,304,0.3304,0.36,pr,pr71516588,2026-05-13T20:01:57.806Z,"35 km NW of San Antonio, Puerto Rico",earthquake,1.89,1.43,0.086660769364985,5.0,reviewed,pr,pr,Global
2026-05-13T19:38:13.230Z,39.324,-119.0372,4.0,3.38,mwr,27,72,0.073,0.1303,nn,nn00918550,2026-05-15T19:44:34.985Z,"19 km ESE of Silver Springs, Nevada",earthquake,,1.0546,,,reviewed,nn,nn,Global
2026-05-13T19:35:49.924Z,54.201,-162.4807,9.545,2.9,ml,34,209,0.777,0.65,us,us6000sxqs,2026-05-15T15:25:19.040Z,"94 km SE of False Pass, Alaska",earthquake,3.2,8.317,0.148,6.0,reviewed,us,us,Global
2026-05-13T19:32:01.620Z,56.037,-158.175,59.7,3.0,ml,30,196,0.3,0.6,ak,aka2026jlhzfm,2026-05-15T15:06:15.040Z,"31 km SSE of Chignik, Alaska",earthquake,7.7,4.4217,0.1,19.0,reviewed,ak,ak,Global
2026-05-13T18:28:26.134Z,51.4816,-173.6431,5.683,2.8,ml,17,219,0.799,0.44,us,us6000sxqi,2026-05-15T15:07:53.040Z,"88 km SSE of Atka, Alaska",earthquake,2.25,9.398,0.115,10.0,reviewed,us,us,Global
2026-05-13T17:17:45.375Z,37.1179,-115.3139,10.8161,2.85,ml,32,193,0.357,0.1783,nn,nn00918536,2026-05-14T02:07:59.796Z,"30 km SSW of Alamo, Nevada",earthquake,,2.1639,0.24,19.0,reviewed,nn,nn,Global
2026-05-13T16:58:44.087Z,9.8919,57.0362,10.0,4.8,mb,81,105,14.038,0.37,us,us6000sxi7,2026-05-13T18:58:07.040Z,Carlsberg Ridge,earthquake,11.27,1.873,0.067,68.0,reviewed,us,us,Global
2026-05-13T16:22:30.822Z,9.6946,-84.4999,10.0,4.9,mb,80,85,0.49,0.91,us,us6000sxh5,2026-05-15T03:00:50.917Z,"16 km ENE of Jacó, Costa Rica",earthquake,4.26,1.843,0.044,164.0,reviewed,us,us,Global
2026-05-13T15:52:33.860Z,53.852,-163.953,28.2,3.1,ml,34,215,0.8,0.6,ak,aka2026jlaqyc,2026-05-14T04:44:19.534Z,"116 km SSW of False Pass, Alaska",earthquake,7.1,4.4524,0.1,24.0,reviewed,ak,ak,Global
2026-05-13T14:50:32.105Z,52.15,-175.681,185.7,2.6,ml,21,174,0.2,0.4,ak,aka2026jkypfb,2026-05-14T04:36:56.327Z,"72 km ENE of Adak, Alaska",earthquake,56.4,3.9568,0.3,15.0,reviewed,ak,ak,Global
2026-05-13T14:21:49.890Z,19.295666666667,-67.3365,22.08,3.12,md,14,306,0.851,0.29,pr,pr71516573,2026-05-13T14:40:45.400Z,"92 km NNW of San Antonio, Puerto Rico",earthquake,1.37,22.61,0.053922842176534,10.0,reviewed,pr,pr,Global
2026-05-13T13:55:23.498Z,-20.3552,-68.8668,110.697,4.3,mb,28,66,0.343,0.5,us,us6000sxfd,2026-05-13T14:32:20.040Z,"82 km E of La Tirana, Chile",earthquake,5.72,6.091,0.16,11.0,reviewed,us,us,Global
2026-05-13T13:49:16.121Z,59.954,-153.252,132.3,2.6,ml,115,41,0.1,0.8,ak,aka2026jkwock,2026-05-14T04:26:59.779Z,"51 km ENE of Pedro Bay, Alaska",earthquake,3.1,1.4548,0.3,67.0,reviewed,ak,ak,Global
2026-05-13T13:40:05.263Z,51.275,-174.327,8.1,3.0,ml,19,222,0.9,0.6,ak,aka2026jkwgde,2026-05-13T21:59:46.057Z,"102 km S of Atka, Alaska",earthquake,9.5,5.0495,0.2,13.0,reviewed,ak,ak,Global
2026-05-13T13:33:04.394Z,39.2737,-119.1025,8.1389,2.79,ml,25,58,0.053,0.159,nn,nn00918519,2026-05-14T02:06:58.023Z,"18 km SSE of Silver Springs, Nevada",earthquake,,1.1321,0.29,16.0,reviewed,nn,nn,Global
2026-05-13T12:50:34.441Z,-15.448,-173.3698,10.0,4.5,mb,61,82,4.882,0.6,us,us6000sxf6,2026-05-14T08:03:54.040Z,"72 km NE of Hihifo, Tonga",earthquake,10.62,1.87,0.075,53.0,reviewed,us,us,Global
2026-05-13T12:49:20.115Z,51.553,-176.553,55.9,2.6,ml,21,215,0.3,0.4,ak,aka2026jkuoca,2026-05-13T21:40:05.485Z,"36 km S of Adak, Alaska",earthquake,20.7,7.8085,0.2,17.0,reviewed,ak,ak,Global
2026-05-13T11:41:16.799Z,51.9233,-176.0518,140.629,2.7,ml,19,178,0.101,0.26,us,us6000sxjv,2026-05-14T07:32:54.040Z,"40 km E of Adak, Alaska",earthquake,17.12,5.833,0.105,12.0,reviewed,us,us,Global
2026-05-13T11:03:29.339Z,52.934,-163.313,11.2,2.8,ml,14,246,1.8,1.0,ak,aka2026jkraof,2026-05-13T21:17:38.826Z,"210 km SE of Akutan, Alaska",earthquake,23.5,16.4157,0.2,11.0,reviewed,ak,ak,Global
2026-05-13T10:43:55.455Z,43.6733,-127.7953,10.0,4.1,mb,38,193,1.914,0.65,us,us6000sxeg,2026-05-17T10:54:01.401Z,"281 km WNW of Bandon, Oregon",earthquake,4.53,2.001,0.302,3.0,reviewed,us,us,Global
2026-05-13T10:43:29.759Z,23.9567,121.6574,18.214,4.7,mwr,83,81,0.224,0.61,us,us6000sxef,2026-05-13T11:14:39.149Z,"5 km ESE of Hualien City, Taiwan",earthquake,4.45,4.326,0.062,25.0,reviewed,us,us,Global
2026-05-13T10:18:42.784Z,-29.3229,-69.762,118.335,4.3,mb,24,155,0.713,0.6,us,us6000sxe8,2026-05-14T07:25:44.040Z,"121 km NE of Vicuña, Chile",earthquake,6.55,5.958,0.218,6.0,reviewed,us,us,Global
2026-05-13T09:21:48.563Z,13.1585,-87.8136,197.726,4.5,mb,63,137,0.584,0.62,us,us6000sxdu,2026-05-13T09:42:37.040Z,"17 km SSE of Conchagua, El Salvador",earthquake,10.54,8.353,0.045,143.0,reviewed,us,us,Global
2026-05-13T08:20:12.866Z,17.8902,-76.6236,10.0,4.3,mb,36,145,0.929,0.92,us,us6000sxdg,2026-05-13T11:45:19.536Z,"5 km SW of Easington, Jamaica",earthquake,6.7,1.973,0.098,29.0,reviewed,us,us,Global
2026-05-13T08:12:59.760Z,-55.3924,-28.2611,31.914,5.1,mb,42,88,4.884,0.8,us,us6000sxdf,2026-05-13T08:27:56.040Z,South Sandwich Islands region,earthquake,12.41,6.594,0.07,66.0,reviewed,us,us,Global
2026-05-13T07:29:39.992Z,-30.153,-179.4729,348.072,4.6,mb,32,69,1.62,0.94,us,us6000sxd9,2026-05-13T07:48:38.040Z,Kermadec Islands region,earthquake,14.25,8.015,0.07,61.0,reviewed,us,us,Global
2026-05-13T07:19:45.716Z,53.955,-163.839,27.5,2.5,ml,24,217,0.7,0.6,ak,aka2026jkjolx,2026-05-13T20:22:04.163Z,"103 km SSW of False Pass, Alaska",earthquake,7.7,3.9437,0.1,17.0,reviewed,ak,ak,Global
2026-05-13T06:36:37.861Z,-55.3734,-28.3706,10.0,5.0,mb,49,88,4.819,0.83,us,us6000sxd4,2026-05-13T06:52:15.040Z,South Sandwich Islands region,earthquake,11.3,1.826,0.074,58.0,reviewed,us,us,Global
2026-05-13T05:39:54.585Z,51.4073,158.4693,56.534,4.6,mb,46,137,1.768,0.63,us,us6000sxcz,2026-05-13T05:58:21.040Z,"137 km E of Ozernovskiy, Russia",earthquake,11.81,7.502,0.046,142.0,reviewed,us,us,Global
2026-05-13T05:22:28.769Z,-2.8372,147.7243,10.0,4.6,mb,21,158,0.866,0.81,us,us6000sxwc,2026-05-15T09:34:26.040Z,"102 km SSE of Lorengau, Papua New Guinea",earthquake,5.82,1.909,0.132,17.0,reviewed,us,us,Global
2026-05-13T04:54:36.706Z,61.84,-148.867,8.1,2.5,ml,61,38,0.1,0.9,ak,aka2026jkesks,2026-05-13T19:37:01.455Z,"8 km NW of Sutton-Alpine, Alaska",earthquake,1.9,1.3872,0.1,40.0,reviewed,ak,ak,Global
2026-05-13T03:45:21.331Z,11.5397,-86.7186,67.914,4.5,mb,30,155,1.521,1.03,us,us6000sxc7,2026-05-14T03:18:24.069Z,"35 km SW of Masachapa, Nicaragua",earthquake,10.04,11.586,0.049,124.0,reviewed,us,us,Global
2026-05-13T03:42:37.551Z,60.177,-152.493,97.3,2.7,ml,98,38,0.3,0.7,ak,aka2026jkcibc,2026-05-13T19:30:33.701Z,"47 km WNW of Ninilchik, Alaska",earthquake,2.7,1.6842,0.2,63.0,reviewed,ak,ak,Global
2026-05-13T03:37:20.394Z,50.9897,179.3603,24.954,3.9,mb,19,262,0.391,0.96,us,us6000sxcd,2026-05-13T07:30:13.806Z,"295 km WSW of Adak, Alaska",earthquake,6.02,9.592,0.112,21.0,reviewed,us,us,Global
2026-05-13T03:08:33.276Z,30.3722,138.4279,457.16,5.1,mww,58,105,5.101,1.1,us,us6000sxc0,2026-05-14T17:31:31.040Z,"Izu Islands, Japan region",earthquake,11.2,9.048,0.103,9.0,reviewed,us,us,Global
2026-05-13T03:06:28.343Z,58.452,-137.119,0.8,2.6,ml,18,162,0.7,0.9,ak,aka2026jkbcrd,2026-05-13T19:05:08.263Z,"53 km WNW of Elfin Cove, Alaska",earthquake,5.9,3.535,0.1,14.0,reviewed,ak,ak,Global
2026-05-13T02:24:36.823Z,41.6624,145.9025,10.0,4.9,mb,46,129,2.081,0.83,us,us6000sxbv,2026-05-13T02:39:26.040Z,"175 km SSE of Akkeshi, Japan",earthquake,8.48,1.883,0.053,109.0,reviewed,us,us,Global
2026-05-13T00:58:43.209Z,51.193,-178.4431,35.0,2.7,ml,22,216,0.429,0.74,us,us6000sxcu,2026-05-13T21:35:01.040Z,"146 km WSW of Adak, Alaska",earthquake,1.86,2.0,0.115,10.0,reviewed,us,us,Global
2026-05-13T00:56:45.656Z,51.3905,-176.1665,31.002,3.2,ml,25,215,0.495,0.69,us,us6000sxct,2026-05-13T21:00:35.040Z,"62 km SSE of Adak, Alaska",earthquake,3.54,11.89,0.105,12.0,reviewed,us,us,Global
2026-05-13T00:30:52.498Z,-23.6515,179.8852,545.037,4.4,mb,34,171,14.528,0.42,us,us6000sxbe,2026-05-13T01:01:51.040Z,south of the Fiji Islands,earthquake,13.07,9.986,0.098,30.0,reviewed,us,us,Global
2026-05-12T23:58:11.543Z,61.822,-150.902,65.3,2.9,ml,103,37,0.4,0.8,ak,aka2026jjuvlq,2026-05-14T21:44:33.533Z,"32 km SE of Skwentna, Alaska",earthquake,2.0,2.4997,0.2,71.0,reviewed,ak,ak,Global
2026-05-12T21:53:44.573Z,-21.1489,-174.4653,10.0,5.1,mb,33,145,21.213,0.72,us,us6000sxaj,2026-05-13T02:28:32.040Z,"55 km ENE of ‘Ohonua, Tonga",earthquake,17.32,1.92,0.089,41.0,reviewed,us,us,Global
2026-05-12T21:19:36.870Z,-23.2041,-176.8485,154.0,5.7,mww,100,48,6.094,0.99,us,us6000sx9x,2026-05-14T17:29:40.040Z,"275 km SW of Houma, Tonga",earthquake,10.63,1.846,0.062,25.0,reviewed,us,us,Global
2026-05-12T20:55:58.360Z,33.235,-116.79033333333,13.69,2.51,ml,98,14,0.02648,0.22,ci,ci41465616,2026-05-13T15:32:24.930Z,"3 km WSW of Lake Henshaw, CA",earthquake,0.14,0.36,0.19358400562617,118.0,reviewed,ci,ci,Global
2026-05-12T20:16:09.353Z,35.7363,52.0695,10.0,4.3,mb,61,99,4.248,0.87,us,us6000sx99,2026-05-12T22:02:55.769Z,"1 km N of Damāvand, Iran",earthquake,8.73,1.93,0.089,36.0,reviewed,us,us,Global
2026-05-12T19:38:13.700Z,38.769332885742,-122.60832977295,4.0,3.0,ml,73,24,0.05074,0.16,nc,nc75359541,2026-05-13T08:53:16.471Z,"2 km NNE of Middletown, CA",earthquake,0.19,0.660000026,0.297,17.0,automatic,nc,nc,Global
2026-05-12T19:21:08.822Z,51.361,-177.58,48.0,3.0,ml,20,218,0.4,0.5,ak,aka2026jjlpfx,2026-05-14T21:34:42.429Z,"86 km SW of Adak, Alaska",earthquake,17.2,11.0396,0.1,16.0,reviewed,ak,ak,Global
2026-05-12T18:32:39.115Z,-16.8629,-69.7192,178.19,4.2,mb,31,103,1.478,1.0,us,us6000sx82,2026-05-12T20:23:10.040Z,"13 km S of Mazo Cruz, Peru",earthquake,8.05,10.08,0.176,9.0,reviewed,us,us,Global
2026-05-12T18:19:49.339Z,53.471,-164.734,9.1,2.5,ml,15,277,1.0,0.6,ak,aka2026jjjobx,2026-05-14T21:30:48.362Z,"100 km SE of Akutan, Alaska",earthquake,8.5,4.096,0.1,9.0,reviewed,ak,ak,Global
2026-05-12T18:10:22.469Z,2.8835,127.9058,72.578,4.7,mb,121,75,7.216,0.61,us,us6000sx7r,2026-05-12T20:13:11.040Z,"128 km N of Tobelo, Indonesia",earthquake,9.35,5.276,0.051,116.0,reviewed,us,us,Global
2026-05-12T17:05:27.784Z,57.691,-137.824,5.8,3.0,ml,24,179,1.3,0.7,ak,aka2026jjhbps,2026-05-14T21:26:57.158Z,"99 km WSW of Pelican, Alaska",earthquake,9.3,7.6319,0.2,16.0,reviewed,ak,ak,Global
2026-05-12T16:34:07.579Z,59.712,-153.143,110.7,2.5,ml,38,88,0.1,0.5,ak,aka2026jjgaot,2026-05-14T21:23:52.884Z,"54 km E of Pedro Bay, Alaska",earthquake,5.5,2.7884,0.3,24.0,reviewed,ak,ak,Global
2026-05-12T15:39:31.100Z,-10.649,164.9925,68.161,5.6,mww,186,28,5.112,0.71,us,us6000sx5k,2026-05-13T16:06:31.238Z,"88 km W of Lata, Solomon Islands",earthquake,7.6,4.396,0.061,26.0,reviewed,us,us,Global
2026-05-12T15:31:58.569Z,52.222,-169.514,14.9,3.0,ml,21,289,0.6,0.8,ak,aka2026jjdywa,2026-05-14T21:15:44.017Z,"91 km SSW of Nikolski, Alaska",earthquake,23.9,0.0,0.2,16.0,reviewed,ak,ak,Global
2026-05-12T15:25:25.974Z,52.261,-169.458,20.9,2.7,ml,17,284,0.6,0.6,ak,aka2026jjdswt,2026-05-14T21:14:10.657Z,"85 km SSW of Nikolski, Alaska",earthquake,9.4,6.5679,0.1,11.0,reviewed,ak,ak,Global
2026-05-12T15:15:49.609Z,56.2063,-149.1807,10.0,3.0,ml,31,233,2.442,0.81,us,us6000sx7j,2026-05-14T21:14:20.808Z,"245 km SE of Chiniak, Alaska",earthquake,10.93,2.019,0.069,28.0,reviewed,us,us,Global
2026-05-12T14:58:21.781Z,64.523,-147.142,1.7,2.5,ml,42,35,0.1,0.7,ak,aka2026jjcvjz,2026-05-14T21:11:49.547Z,"11 km W of Salcha, Alaska",earthquake,2.2,1.8326,0.1,29.0,reviewed,ak,ak,Global
2026-05-12T14:55:15.727Z,28.4795,104.8209,10.0,4.8,mb,161,34,4.454,0.54,us,us6000sx5d,2026-05-12T16:47:25.040Z,"10 km ENE of Xunchang, China",earthquake,4.93,2.758,0.046,150.0,reviewed,us,us,Global
2026-05-12T14:52:58.670Z,40.345500946045,-124.77600097656,17.989999771118,2.99,md,47,227,0.3363,0.24,nc,nc75359406,2026-05-12T16:32:21.438Z,"42 km W of Petrolia, CA",earthquake,2.16,1.15999997,0.08,29.0,automatic,nc,nc,Global
2026-05-12T14:15:57.318Z,56.071,-156.556,5.8,2.5,ml,11,314,1.1,0.3,ak,aka2026jjbktr,2026-05-14T21:09:47.361Z,"117 km ESE of Chignik, Alaska",earthquake,11.1,4.6459,0.2,7.0,reviewed,ak,ak,Global
2026-05-12T12:42:16.578Z,-39.4808,174.2794,207.603,4.2,mb,30,76,0.515,0.68,us,us6000sx4s,2026-05-13T06:04:28.040Z,"5 km N of Normanby, New Zealand",earthquake,7.07,8.869,0.198,7.0,reviewed,us,us,Global
2026-05-12T12:34:17.470Z,56.834,-155.805,9.0,2.5,ml,29,75,0.9,0.7,ak,aka2026jiyaon,2026-05-14T19:54:14.609Z,"100 km W of Akhiok, Alaska",earthquake,3.0,2.1582,0.2,18.0,reviewed,ak,ak,Global
2026-05-12T12:25:12.794Z,54.438,-163.112,1.2,2.9,ml,29,210,0.4,0.4,ak,aka2026jixsps,2026-05-14T19:53:31.037Z,"50 km SSE of False Pass, Alaska",earthquake,6.7,3.4659,0.1,25.0,reviewed,ak,ak,Global
2026-05-12T11:34:16.561Z,47.9595,-128.8473,10.0,2.8,ml,17,126,0.179,0.35,us,us6000sx4g,2026-05-12T12:33:09.040Z,"254 km WSW of Tofino, Canada",earthquake,6.85,2.018,0.057,40.0,reviewed,us,us,Global
2026-05-12T10:40:05.870Z,-23.1277,-68.7122,125.984,4.4,mb,16,104,0.522,0.7,us,us6000sx4c,2026-05-12T12:00:24.040Z,"57 km WSW of San Pedro de Atacama, Chile",earthquake,4.71,3.779,0.241,5.0,reviewed,us,us,Global
2026-05-12T10:30:07.599Z,56.256,-149.258,19.0,3.3,ml,51,207,2.4,0.7,ak,aka2026jitwvc,2026-05-14T19:42:04.645Z,"237 km SE of Chiniak, Alaska",earthquake,11.2,12.2896,0.1,32.0,reviewed,ak,ak,Global
2026-05-12T10:02:15.796Z,69.557,-144.566,1.3,2.6,ml,28,95,0.3,1.1,ak,aka2026jiszco,2026-05-14T19:38:18.587Z,"73 km SSW of Kaktovik, Alaska",earthquake,4.0,3.7297,0.2,18.0,reviewed,ak,ak,Global
2026-05-12T09:45:35.066Z,51.345,-176.571,20.2,3.0,ml,20,238,0.5,0.5,ak,aka2026jiskec,2026-05-14T19:31:54.198Z,"59 km S of Adak, Alaska",earthquake,7.9,5.1101,0.1,15.0,reviewed,ak,ak,Global
2026-05-12T09:23:04.537Z,58.62,-142.641,5.0,2.8,ml,59,147,1.5,1.0,ak,aka2026jirqrs,2026-05-14T19:31:26.491Z,"196 km WSW of Yakutat, Alaska",earthquake,3.4,0.0,0.3,43.0,reviewed,ak,ak,Global
2026-05-12T09:02:57.723Z,-41.4903,174.5627,24.825,4.3,mb,38,86,0.21,0.73,us,us6000sx3w,2026-05-12T12:50:07.911Z,"23 km SW of Owhiro Bay, New Zealand",earthquake,3.52,1.7,0.217,6.0,reviewed,us,us,Global
2026-05-12T08:53:56.666Z,4.8333,127.5121,108.574,5.0,mb,78,47,2.938,0.68,us,us6000sx3v,2026-05-12T09:12:42.040Z,"224 km SE of Pondaguitan, Philippines",earthquake,9.3,5.74,0.045,156.0,reviewed,us,us,Global
2026-05-12T07:38:20.811Z,60.867,-151.902,93.7,2.8,ml,112,34,0.3,0.7,ak,aka2026jiodvh,2026-05-14T19:27:59.545Z,"38 km WNW of Nikiski, Alaska",earthquake,2.3,1.6484,0.2,79.0,reviewed,ak,ak,Global
2026-05-12T07:34:18.215Z,52.327,-166.952,24.1,2.7,ml,19,283,1.2,0.4,ak,aka2026jioajn,2026-05-14T19:26:32.711Z,"146 km ESE of Nikolski, Alaska",earthquake,21.2,26.57,0.1,15.0,reviewed,ak,ak,Global
2026-05-12T07:30:28.658Z,-5.4953,147.0788,207.173,4.3,mb,30,102,3.441,0.56,us,us6000sx3n,2026-05-12T07:46:20.040Z,"136 km N of Lae, Papua New Guinea",earthquake,10.01,9.128,0.113,22.0,reviewed,us,us,Global
2026-05-12T06:53:32.598Z,23.2629,121.4893,26.329,5.1,mww,89,88,0.219,0.7,us,us6000sx3h,2026-05-13T04:18:50.124Z,"79 km S of Hualien City, Taiwan",earthquake,3.83,4.742,0.11,8.0,reviewed,us,us,Global
2026-05-12T06:45:36.678Z,51.281,-174.355,4.6,3.2,ml,16,276,0.9,0.6,ak,aka2026jimkeo,2026-05-14T19:23:27.654Z,"102 km S of Atka, Alaska",earthquake,9.7,5.2051,0.1,12.0,reviewed,ak,ak,Global
2026-05-12T06:32:51.094Z,51.291,-174.345,5.2,3.0,ml,15,276,0.9,0.4,ak,aka2026jilzct,2026-05-14T19:22:31.817Z,"101 km S of Atka, Alaska",earthquake,10.6,7.351,0.1,12.0,reviewed,ak,ak,Global
2026-05-12T06:23:03.205Z,52.3443,160.1716,10.0,4.6,mb,115,117,1.687,0.67,us,us6000sx3g,2026-05-12T06:49:12.040Z,"131 km SE of Petropavlovsk-Kamchatsky, Russia",earthquake,9.01,1.882,0.048,129.0,reviewed,us,us,Global
2026-05-12T06:03:08.618Z,-16.4438,-73.8547,35.0,4.1,mb,27,151,3.862,0.82,us,us6000sx3b,2026-05-12T06:31:52.040Z,"35 km SW of Atico, Peru",earthquake,6.3,1.966,0.097,29.0,reviewed,us,us,Global
2026-05-12T05:18:57.588Z,7.0489,92.4295,10.0,4.9,mb,56,70,4.842,0.8,us,us6000sx36,2026-05-12T05:41:03.040Z,"Nicobar Islands, India region",earthquake,10.59,1.876,0.072,60.0,reviewed,us,us,Global
2026-05-12T05:09:43.590Z,18.327166666667,-67.459666666667,88.74,3.06,md,28,150,0.0599,0.28,pr,pr71516513,2026-05-12T05:47:58.040Z,"22 km W of Rincón, Puerto Rico",earthquake,1.2,0.81,0.061637932985749,16.0,reviewed,pr,pr,Global
2026-05-12T05:00:14.752Z,53.9179,-162.9358,6.075,2.9,ml,30,210,0.868,0.6,us,us6000sx35,2026-05-14T19:12:42.964Z,"108 km SSE of False Pass, Alaska",earthquake,3.56,8.606,0.091,16.0,reviewed,us,us,Global
2026-05-12T04:33:20.690Z,51.278,-174.297,1.3,3.2,ml,22,222,0.9,0.9,ak,aka2026jihzmk,2026-05-14T19:10:15.763Z,"102 km S of Atka, Alaska",earthquake,10.2,4.4527,0.1,18.0,reviewed,ak,ak,Global
2026-05-12T04:08:24.653Z,52.1738,160.8367,10.0,4.5,mb,43,170,2.129,1.01,us,us6000sx2w,2026-05-12T04:35:36.040Z,"179 km SE of Petropavlovsk-Kamchatsky, Russia",earthquake,10.63,1.939,0.08,46.0,reviewed,us,us,Global
2026-05-12T03:45:42.646Z,-10.2288,161.21,60.837,5.0,mb,63,60,1.471,0.47,us,us6000sx2s,2026-05-12T04:03:47.040Z,"81 km WNW of Kirakira, Solomon Islands",earthquake,8.83,5.859,0.057,99.0,reviewed,us,us,Global
2026-05-12T02:01:47.043Z,53.2009,-162.2391,10.0,2.9,ml,17,254,1.758,0.52,us,us6000sx3e,2026-05-14T05:22:43.071Z,"199 km SSE of False Pass, Alaska",earthquake,5.28,2.02,0.148,6.0,reviewed,us,us,Global
2026-05-12T00:21:33.614Z,51.557,-179.156,12.6,2.7,ml,20,169,0.2,0.9,ak,aka2026jhzpfa,2026-05-14T05:09:58.505Z,"177 km WSW of Adak, Alaska",earthquake,8.2,1.9567,0.2,13.0,reviewed,ak,ak,Global
2026-05-12T00:02:38.856Z,36.312,139.6875,68.855,4.3,mwr,53,144,1.214,0.37,us,us6000sx29,2026-05-12T11:35:05.689Z,"7 km NNE of Fujioka, Japan",earthquake,5.56,5.987,0.078,16.0,reviewed,us,us,Global
2026-05-11T23:35:36.279Z,51.296,-176.15,17.2,2.5,ml,11,248,0.6,0.4,ak,aka2026jhybho,2026-05-12T22:49:41.698Z,"72 km SSE of Adak, Alaska",earthquake,7.9,6.2651,0.2,8.0,reviewed,ak,ak,Global
2026-05-11T23:32:24.736Z,59.702,-136.166,10.0,2.9,ml,8,115,0.3,0.7,ak,aka2026jhxyxr,2026-05-12T22:48:26.364Z,"19 km NNW of Mosquito Lake, Alaska",earthquake,4.6,0.0,0.3,14.0,reviewed,ak,ak,Global
2026-05-11T23:20:19.530Z,35.305333333333,-117.81016666667,7.84,2.87,ml,62,33,0.04776,0.15,ci,ci41464632,2026-05-12T19:24:08.141Z,"18 km WSW of Johannesburg, CA",earthquake,0.12,0.39,0.20329279575701,27.0,reviewed,ci,ci,Global
2026-05-11T23:16:35.604Z,-25.6176,-71.3511,10.0,4.5,mb,45,183,0.859,0.79,us,us6000sx1u,2026-05-12T00:36:23.040Z,"90 km WSW of Taltal, Chile",earthquake,5.53,1.929,0.171,10.0,reviewed,us,us,Global
2026-05-11T22:29:04.190Z,17.895,-65.207666666667,14.91,3.23,md,16,166,0.4164,0.31,pr,pr71516503,2026-05-11T23:08:19.040Z,"35 km SE of Esperanza, Puerto Rico",earthquake,0.78,1.25,0.17110379426894,9.0,reviewed,pr,pr,Global
2026-05-11T22:29:03.351Z,51.269,-174.361,5.5,2.6,ml,13,281,0.9,0.4,ak,aka2026jhvvpf,2026-05-12T22:37:46.349Z,"103 km S of Atka, Alaska",earthquake,13.9,8.9563,0.1,9.0,reviewed,ak,ak,Global
2026-05-11T21:16:20.350Z,18.618166666667,-66.7275,18.59,2.54,md,13,228,0.2345,0.24,pr,pr71516488,2026-05-11T21:25:23.400Z,"16 km N of Arecibo, Puerto Rico",earthquake,0.95,0.59,0.15852831753815,8.0,reviewed,pr,pr,Global
2026-05-11T20:36:10.761Z,60.017,-153.128,128.6,2.5,ml,96,56,0.0,0.7,ak,aka2026jhsbvd,2026-05-12T22:28:31.454Z,"60 km ENE of Pedro Bay, Alaska",earthquake,3.3,1.5697,0.3,67.0,reviewed,ak,ak,Global
2026-05-11T20:18:48.528Z,13.0978,145.9155,10.0,4.8,mb,58,79,8.092,0.77,us,us6000sx06,2026-05-11T20:42:37.040Z,"121 km ESE of Yigo Village, Guam",earthquake,12.12,1.886,0.051,119.0,reviewed,us,us,Global
2026-05-11T20:04:58.901Z,-15.5851,-177.6163,10.0,4.9,mb,35,122,3.03,0.52,us,us6000sx3a,2026-05-14T13:47:30.040Z,"150 km SSE of Alo, Wallis and Futuna",earthquake,13.67,1.87,0.105,28.0,reviewed,us,us,Global
2026-05-11T18:55:34.065Z,39.339,-119.0169,7.6569,2.71,ml,29,78,0.069,0.153,nn,nn00918402,2026-05-11T19:16:30.577Z,"19 km ESE of Silver Springs, Nevada",earthquake,,0.9935,0.32,15.0,reviewed,nn,nn,Global
2026-05-11T18:40:49.690Z,18.931833333333,-65.919,21.57,3.11,md,14,232,0.6388,0.18,pr,pr71516478,2026-05-11T19:00:57.640Z,"55 km NNE of San Juan, Puerto Rico",earthquake,0.77,15.42,0.20963095460402,6.0,reviewed,pr,pr,Global
2026-05-11T18:09:28.697Z,-17.8079,125.6214,14.801,4.2,mb,17,85,0.289,0.96,us,us6000swyt,2026-05-11T18:53:06.040Z,"43 km N of Fitzroy Crossing, Australia",earthquake,5.19,5.216,0.152,12.0,reviewed,us,us,Global
2026-05-11T17:14:44.573Z,-31.7052,-70.5124,9.018,4.8,mb,36,87,0.518,0.42,us,us6000swyj,2026-05-12T16:37:02.040Z,"43 km E of Salamanca, Chile",earthquake,2.29,4.341,0.086,42.0,reviewed,us,us,Global
2026-05-11T17:01:18.426Z,55.045,-160.484,16.7,2.6,ml,19,221,0.8,0.6,ak,aka2026jhkxkf,2026-05-12T22:12:30.634Z,"32 km S of Sand Point, Alaska",earthquake,7.5,5.7862,0.2,15.0,reviewed,ak,ak,Global
2026-05-11T16:31:01.791Z,51.5316,-173.3925,10.0,3.5,ml,23,217,0.836,0.54,us,us6000swzp,2026-05-12T22:10:53.872Z,"92 km SE of Atka, Alaska",earthquake,2.47,1.984,0.128,8.0,reviewed,us,us,Global
2026-05-11T16:27:37.860Z,18.8585,-64.487666666667,8.68,2.63,md,4,292,0.3751,0.05,pr,pr71516458,2026-05-11T17:08:28.240Z,"66 km NNE of Cruz Bay, U.S. Virgin Islands",earthquake,0.98,1.48,0.12380671067974,3.0,reviewed,pr,pr,Global
2026-05-11T16:24:46.600Z,39.944999694824,-123.71133422852,3.3599998950958,2.68,md,35,47,0.09318,0.15,nc,nc75358921,2026-05-11T18:22:18.583Z,"22 km SSE of Redway, CA",earthquake,0.24,0.899999976,0.09,28.0,automatic,nc,nc,Global
2026-05-11T15:34:00.350Z,18.977666666667,-67.1365,14.17,3.14,md,16,221,0.508,0.36,pr,pr71516443,2026-05-11T17:07:27.850Z,"53 km N of San Antonio, Puerto Rico",earthquake,1.26,2.02,0.056097228638222,12.0,reviewed,pr,pr,Global
2026-05-11T15:08:09.331Z,56.012,-159.945,5.0,2.6,ml,20,146,0.3,0.6,ak,aka2026jhhdho,2026-05-11T19:53:42.080Z,"31 km WNW of Ivanof Bay, Alaska",earthquake,10.6,,0.5,4.0,automatic,ak,ak,Global
2026-05-11T14:40:16.517Z,40.1578,-98.3734,5.0,2.8,mb_lg,18,53,1.261,0.86,us,us6000swww,2026-05-13T05:02:54.180Z,"6 km ESE of Cowles, Nebraska",earthquake,3.46,1.997,0.054,91.0,reviewed,us,us,Global
2026-05-11T14:10:27.694Z,52.605,-164.883,27.0,3.5,ml,50,227,1.6,0.7,ak,aka2026jhffpj,2026-05-12T22:02:33.088Z,"179 km SE of Unalaska, Alaska",earthquake,8.3,10.5849,0.2,37.0,reviewed,ak,ak,Global
2026-05-11T12:52:52.800Z,19.1418,-67.967,39.0,3.68,md,14,262,0.7523,0.39,pr,pr2026131000,2026-05-11T14:00:46.590Z,"77 km NE of Punta Cana, Dominican Republic",earthquake,3.36,12.2,0.08,12.0,reviewed,pr,pr,Global
2026-05-11T12:14:45.843Z,53.951,-162.463,1.5,2.7,ml,12,282,1.0,0.7,ak,aka2026jhbjbv,2026-05-12T21:48:14.219Z,"117 km SSE of False Pass, Alaska",earthquake,16.5,7.0571,0.3,12.0,reviewed,ak,ak,Global
2026-05-11T12:14:30.703Z,51.775,-173.22,23.6,3.9,ml,37,207,0.7,0.6,ak,aka2026jhbjbh,2026-05-12T21:50:25.258Z,"82 km SE of Atka, Alaska",earthquake,7.4,3.5218,0.1,28.0,reviewed,ak,ak,Global
2026-05-11T12:00:50.198Z,51.012,179.113,19.9,3.4,ml,29,267,0.4,0.7,ak,aka2026jhawwv,2026-05-12T21:45:41.329Z,"Rat Islands, Aleutian Islands, Alaska",earthquake,6.4,3.5299,0.1,22.0,reviewed,ak,ak,Global
2026-05-11T11:24:36.380Z,37.512001037598,-118.83316802978,4.3899998664856,2.56,md,32,58,0.07796,0.06,nc,nc75358766,2026-05-11T14:22:22.010Z,"15 km WSW of Toms Place, CA",earthquake,0.23,1.03999996,0.14,34.0,automatic,nc,nc,Global
2026-05-11T11:16:04.250Z,39.941165924072,-123.71266937256,1.6900000572205,3.19,ml,43,49,0.09298,0.13,nc,nc75358761,2026-05-11T14:07:20.905Z,"22 km SSE of Redway, CA",earthquake,0.2,1.13999999,0.145,13.0,automatic,nc,nc,Global
2026-05-11T11:04:23.120Z,39.945499420166,-123.7123336792,3.0299999713898,2.92,md,40,47,0.1019,0.2,nc,nc75358746,2026-05-11T13:22:22.595Z,"22 km SSE of Redway, CA",earthquake,0.29,1.11000001,0.14,48.0,automatic,nc,nc,Global
2026-05-11T10:38:19.542Z,51.273,-174.224,11.7,2.7,ml,16,280,0.9,0.6,ak,aka2026jgydgx,2026-05-12T21:34:11.236Z,"102 km S of Atka, Alaska",earthquake,14.1,10.8007,0.1,11.0,reviewed,ak,ak,Global
2026-05-11T10:32:07.400Z,39.2744,-119.1062,8.2404,2.79,ml,12,84,0.056,0.0764,nn,nn00918360,2026-05-11T16:30:34.276Z,"18 km SSE of Silver Springs, Nevada",earthquake,,3.0026,0.44,8.0,reviewed,nn,nn,Global
2026-05-11T10:29:33.368Z,39.2777,-119.1003,8.7057,2.89,ml,30,59,0.053,0.1568,nn,nn00918355,2026-05-11T17:23:06.884Z,"18 km SE of Silver Springs, Nevada",earthquake,,0.9869,0.38,15.0,reviewed,nn,nn,Global
2026-05-11T10:26:29.253Z,51.129,-177.059,1.0,3.2,ml,32,231,0.6,0.7,ak,aka2026jgxtct,2026-05-12T21:32:11.741Z,"87 km SSW of Adak, Alaska",earthquake,5.2,3.2993,0.2,24.0,reviewed,ak,ak,Global
2026-05-11T09:53:07.814Z,51.248,-174.277,1.8,3.2,ml,28,226,1.0,0.7,ak,aka2026jgwqfp,2026-05-12T21:28:43.167Z,"105 km S of Atka, Alaska",earthquake,8.4,3.8482,0.1,20.0,reviewed,ak,ak,Global
2026-05-11T09:48:51.604Z,-9.2967,159.1915,10.0,5.2,mww,84,49,0.759,0.6,us,us6000swvm,2026-05-11T17:58:35.040Z,"72 km NW of Malango, Solomon Islands",earthquake,6.55,1.86,0.073,18.0,reviewed,us,us,Global
2026-05-11T09:13:33.730Z,51.389,-179.06,11.6,2.6,ml,24,197,0.2,0.5,ak,aka2026jgvhwo,2026-05-12T21:21:23.042Z,"176 km WSW of Adak, Alaska",earthquake,7.9,2.6282,0.2,18.0,reviewed,ak,ak,Global
2026-05-11T09:13:26.570Z,32.9445,-115.535,15.58,2.53,ml,62,38,0.04805,0.26,ci,ci41463760,2026-05-15T16:48:27.900Z,"4 km S of Brawley, CA",earthquake,0.23,0.44,0.23076324178085,26.0,reviewed,ci,ci,Global
2026-05-11T08:43:38.973Z,52.1078,-170.8151,35.0,3.7,mb,65,210,0.876,1.01,us,us6000swza,2026-05-12T21:19:32.233Z,"161 km SW of Nikolski, Alaska",earthquake,4.26,1.984,0.14,13.0,reviewed,us,us,Global
2026-05-11T08:40:15.570Z,39.945499420166,-123.71050262451,3.1199998855591,2.56,md,31,49,0.09274,0.15,nc,nc75358671,2026-05-11T10:17:25.365Z,"22 km SSE of Redway, CA",earthquake,0.27,1.05999994,0.15,26.0,automatic,nc,nc,Global
2026-05-11T08:29:55.224Z,56.3721,-149.2093,10.0,3.1,ml,43,223,2.322,0.62,us,us6000swvd,2026-05-12T21:17:53.342Z,"232 km SE of Chiniak, Alaska",earthquake,6.87,2.014,0.048,56.0,reviewed,us,us,Global
2026-05-11T08:26:33.512Z,56.402,-149.368,5.0,3.0,ml,39,216,2.2,0.8,ak,aka2026jgttaz,2026-05-12T21:16:05.308Z,"222 km SE of Chiniak, Alaska",earthquake,8.6,0.0,0.2,25.0,reviewed,ak,ak,Global
2026-05-11T08:19:58.120Z,39.943668365479,-123.71050262451,3.1400001049042,2.66,md,38,47,0.09214,0.15,nc,nc75358661,2026-05-11T09:37:21.070Z,"22 km SSE of Redway, CA",earthquake,0.22,0.839999974,0.11,38.0,automatic,nc,nc,Global
2026-05-11T07:25:25.660Z,40.333499908447,-124.91066741943,8.6400003433228,2.57,md,16,292,0.4367,0.43,nc,nc75358636,2026-05-11T15:51:40.665Z,"53 km W of Petrolia, CA",earthquake,13.31,11.7200003,0.03,4.0,automatic,nc,nc,Global
2026-05-11T05:57:05.872Z,51.142,-174.298,1.0,3.1,ml,14,292,1.1,0.3,ak,aka2026jgotpd,2026-05-12T20:10:45.709Z,"117 km S of Atka, Alaska",earthquake,9.5,7.3139,0.1,12.0,reviewed,ak,ak,Global
2026-05-11T05:37:38.212Z,50.812,-175.198,18.2,2.8,ml,16,283,1.3,0.6,ak,aka2026jgocsf,2026-05-12T20:07:29.485Z,"154 km SE of Adak, Alaska",earthquake,21.6,19.1833,0.1,12.0,reviewed,ak,ak,Global
2026-05-11T05:35:52.128Z,-23.046,-68.633,112.298,4.6,mb,44,68,0.429,0.47,us,us6000swuu,2026-05-11T06:05:10.040Z,"46 km WSW of San Pedro de Atacama, Chile",earthquake,3.96,5.258,0.094,34.0,reviewed,us,us,Global
2026-05-11T05:26:46.074Z,62.915,-151.198,111.4,3.3,ml,182,33,0.4,0.8,ak,aka2026jgntfa,2026-05-12T20:05:40.143Z,"51 km NNW of Petersville, Alaska",earthquake,1.8,1.8455,0.2,120.0,reviewed,ak,ak,Global
2026-05-11T04:53:05.464Z,56.2863,-149.2854,19.463,3.0,ml,33,234,2.345,0.65,us,us6000sx8v,2026-05-13T23:40:16.040Z,"234 km SE of Chiniak, Alaska",earthquake,9.39,9.081,0.057,40.0,reviewed,us,us,Global
2026-05-11T04:38:35.279Z,38.9276,-118.8221,9.4556,2.58,ml,23,70,0.331,0.1573,nn,nn00918331,2026-05-13T23:47:46.040Z,"2 km SSW of Schurz, Nevada",earthquake,,5.5289,0.23,11.0,reviewed,nn,nn,Global
2026-05-11T04:30:47.904Z,36.352,69.5369,166.597,4.3,mb,28,102,2.32,0.81,us,us6000swui,2026-05-11T04:54:09.040Z,"37 km SW of Farkhār, Afghanistan",earthquake,8.71,5.431,0.114,22.0,reviewed,us,us,Pakistan
2026-05-11T02:27:44.485Z,41.146,142.3161,51.556,4.3,mb,35,177,1.012,0.45,us,us6000swu3,2026-05-11T02:54:04.040Z,"89 km E of Yokohama, Japan",earthquake,6.95,10.202,0.102,27.0,reviewed,us,us,Global
2026-05-11T01:41:17.815Z,27.3989,129.4593,10.0,5.0,mb,71,88,1.197,0.99,us,us6000swtz,2026-05-11T02:15:09.040Z,"60 km ESE of Isen, Japan",earthquake,5.83,1.837,0.046,149.0,reviewed,us,us,Global
2026-05-11T00:21:40.314Z,39.8116,143.6317,10.0,4.9,mww,90,58,2.193,0.54,us,us6000swtm,2026-05-11T01:57:09.040Z,"146 km E of Miyako, Japan",earthquake,6.95,1.698,0.068,21.0,reviewed,us,us,Global
2026-05-11T00:13:33.581Z,51.852,-179.513,110.0,2.8,ml,27,157,0.5,0.4,ak,aka2026jgdhxr,2026-05-12T19:31:46.543Z,"198 km W of Adak, Alaska",earthquake,20.6,3.3665,0.1,18.0,reviewed,ak,ak,Global
2026-05-11T00:05:04.535Z,54.309,-163.762,66.8,3.0,ml,45,198,0.3,0.7,ak,aka2026jgdagv,2026-05-12T19:28:27.758Z,"64 km SSW of False Pass, Alaska",earthquake,13.4,4.9586,0.2,32.0,reviewed,ak,ak,Global
2026-05-10T23:20:55.111Z,-23.4697,-179.8206,542.202,5.0,mb,56,62,5.996,0.65,us,us6000swte,2026-05-11T03:40:11.040Z,south of the Fiji Islands,earthquake,12.23,6.111,0.031,322.0,reviewed,us,us,Global
2026-05-10T23:15:43.825Z,-23.3618,-179.9969,562.91,5.1,mb,93,66,11.591,0.66,us,us6000swtd,2026-05-11T03:41:42.040Z,south of the Fiji Islands,earthquake,12.0,6.031,0.026,463.0,reviewed,us,us,Global
2026-05-10T23:10:47.874Z,61.827,-146.94,27.7,2.7,ml,83,39,0.2,0.8,ak,aka2026jgbffj,2026-05-13T05:23:49.931Z,"17 km SE of Eureka Roadhouse, Alaska",earthquake,2.2,1.6762,0.2,61.0,reviewed,ak,ak,Global
2026-05-10T22:55:52.600Z,37.997333526611,-122.28350067139,5.7800002098083,2.7,md,91,39,0.01217,0.16,nc,nc75358496,2026-05-11T22:39:00.852Z,"2 km ESE of Pinole, CA",earthquake,0.15,0.300000012,0.12,94.0,automatic,nc,nc,Global
2026-05-10T22:45:17.306Z,52.953,-132.737,15.1,4.1,ml,17,211,0.3,0.9,ak,aka2026jgajzj,2026-05-11T00:08:18.012Z,"220 km SW of Prince Rupert, Canada",earthquake,7.2,2.3271,0.1,13.0,reviewed,ak,ak,Global
2026-05-10T22:44:42.911Z,51.37,173.477,5.0,3.9,ml,13,288,1.4,0.6,ak,aka2026jgajau,2026-05-13T05:16:59.023Z,"165 km S of Attu Station, Alaska",earthquake,10.9,0.0,0.2,11.0,reviewed,ak,ak,Global
2026-05-10T22:26:44.968Z,56.003,-159.873,5.0,2.5,ml,18,155,0.3,0.7,ak,aka2026jfztfd,2026-05-11T15:06:26.230Z,"26 km WNW of Ivanof Bay, Alaska",earthquake,14.6,,0.2,4.0,automatic,ak,ak,Global
2026-05-10T22:01:16.116Z,9.3613,40.0258,10.0,4.3,mb,41,166,3.513,0.61,us,us6000swt4,2026-05-11T02:44:13.040Z,"44 km NNW of Āwash, Ethiopia",earthquake,12.29,1.965,0.094,32.0,reviewed,us,us,Global
2026-05-10T21:55:02.495Z,-19.9819,-71.1494,10.0,4.2,mb,19,195,0.999,0.73,us,us6000swsy,2026-05-11T02:36:05.040Z,"107 km WNW of Puerto, Chile",earthquake,4.7,1.923,0.159,11.0,reviewed,us,us,Global
2026-05-10T21:50:11.683Z,55.68,-155.26,1.2,2.6,ml,25,229,0.2,0.8,ak,aka2026jfynpy,2026-05-13T05:04:34.502Z,"156 km SSW of Akhiok, Alaska",earthquake,7.4,3.2687,0.1,19.0,reviewed,ak,ak,Global
2026-05-10T21:40:59.813Z,59.546,-154.387,180.3,2.8,ml,113,34,0.5,1.0,ak,aka2026jfyfea,2026-05-13T04:59:49.771Z,"6 km ESE of Pope-Vannoy Landing, Alaska",earthquake,3.5,1.4848,0.3,68.0,reviewed,ak,ak,Global
2026-05-10T21:11:08.793Z,55.681,-155.233,4.6,2.9,ml,27,231,0.3,0.9,ak,aka2026jfxfre,2026-05-13T04:35:33.703Z,"155 km SSW of Akhiok, Alaska",earthquake,8.4,3.234,0.1,21.0,reviewed,ak,ak,Global
2026-05-10T21:08:18.305Z,17.8567,145.6782,174.768,4.6,mb,49,55,23.325,0.82,us,us6000swss,2026-05-10T22:08:23.727Z,"292 km N of Saipan, Northern Mariana Islands",earthquake,12.93,7.424,0.071,59.0,reviewed,us,us,Global
2026-05-10T21:00:19.896Z,49.5113,154.4044,129.388,4.2,mb,27,160,4.152,0.78,us,us6000swsn,2026-05-11T01:17:47.040Z,"178 km SW of Severo-Kuril’sk, Russia",earthquake,15.83,12.859,0.108,24.0,reviewed,us,us,Global
2026-05-10T20:55:32.407Z,51.775,-175.517,62.7,3.3,ml,30,193,0.3,0.6,ak,aka2026jfwrzh,2026-05-13T04:32:10.605Z,"77 km E of Adak, Alaska",earthquake,18.2,5.0589,0.2,23.0,reviewed,ak,ak,Global
2026-05-10T20:40:15.200Z,19.300666666667,-67.328833333333,28.32,3.29,md,10,306,0.854,0.12,pr,pr71516378,2026-05-10T21:00:16.710Z,"92 km NNW of San Antonio, Puerto Rico",earthquake,0.84,9.49,0.024012562257698,7.0,reviewed,pr,pr,Global
2026-05-10T20:38:14.641Z,32.448,-102.054,6.7871,2.7,ml,45,54,0.1,0.0,tx,tx2026jejpom,2026-05-11T11:45:54.227Z,"32 km SSW of Los Ybanez, Texas",earthquake,0.35891102858109,0.73805684676425,0.2,42.0,reviewed,tx,tx,Global
2026-05-10T20:29:54.713Z,36.7079,26.7078,158.504,4.7,mb,47,64,1.215,0.95,us,us6000swsg,2026-05-10T20:41:13.040Z,"22 km W of Kéfalos, Greece",earthquake,5.87,1.751,0.089,39.0,reviewed,us,us,Global
2026-05-10T20:16:45.329Z,-8.8937,157.997,10.0,4.9,mb,40,62,2.0,0.61,us,us6000swv6,2026-05-11T14:13:03.040Z,"154 km SE of Gizo, Solomon Islands",earthquake,9.36,1.862,0.097,33.0,reviewed,us,us,Global
2026-05-10T19:36:36.864Z,20.495,94.1576,58.752,5.0,mb,104,59,1.002,0.59,us,us6000sws5,2026-05-10T19:55:14.040Z,"74 km W of Yenangyaung, Burma (Myanmar)",earthquake,6.14,6.483,0.043,170.0,reviewed,us,us,Global
2026-05-10T18:59:49.577Z,59.731,-152.397,94.9,4.1,ml,109,79,0.3,0.8,ak,aka2026jfsvox,2026-05-16T06:23:12.267Z,"32 km W of Anchor Point, Alaska",earthquake,2.4,1.6239,0.1,81.0,reviewed,ak,ak,Global
2026-05-10T18:31:16.640Z,38.778331756592,-122.74066925049,0.79000002145767,2.5,md,55,24,0.005787,0.07,nc,nc75358391,2026-05-11T14:16:05.040Z,"1 km E of The Geysers, CA",earthquake,0.14,0.200000003,0.16,66.0,automatic,nc,nc,Global
2026-05-10T18:27:17.940Z,18.6873,-63.6495,11.0,3.56,md,9,325,0.7783,0.61,pr,pr2026130000,2026-05-10T19:59:51.040Z,"79 km NW of Sandy Ground Village, Anguilla",earthquake,27.65,38.95,0.38,5.0,reviewed,pr,pr,Global
2026-05-10T18:24:33.556Z,39.2709,-119.1034,7.7144,2.82,ml,22,87,0.052,0.1157,nn,nn00918224,2026-05-11T02:04:23.487Z,"19 km SSE of Silver Springs, Nevada",earthquake,,1.4049,0.45,10.0,reviewed,nn,nn,Global
2026-05-10T18:22:13.799Z,39.277,-119.0956,6.0,4.05,mwr,21,90,0.05,0.1431,nn,nn00918221,2026-05-12T07:03:35.770Z,"18 km SE of Silver Springs, Nevada",earthquake,,1.7806,,,reviewed,nn,nn,Global
2026-05-10T17:23:24.727Z,18.7188,120.0451,10.0,4.2,mb,38,109,4.191,0.47,us,us6000swrg,2026-05-10T17:56:42.040Z,"62 km WNW of Davila, Philippines",earthquake,11.06,1.914,0.108,24.0,reviewed,us,us,Global
2026-05-10T16:41:43.464Z,-16.8014,-173.4234,10.0,5.3,mb,64,54,3.283,1.19,us,us6000swr8,2026-05-10T17:03:34.040Z,"101 km SSE of Hihifo, Tonga",earthquake,9.23,1.786,0.033,297.0,reviewed,us,us,Global
2026-05-10T16:34:33.326Z,-5.3168,145.5539,91.215,5.2,mww,59,33,4.362,1.05,us,us6000swr6,2026-05-11T05:36:41.721Z,"27 km WSW of Madang, Papua New Guinea",earthquake,7.71,7.073,0.08,15.0,reviewed,us,us,Global
2026-05-10T15:53:24.021Z,0.6495,126.0166,35.0,4.5,mb,24,112,6.44,0.86,us,us6000swr0,2026-05-10T20:31:10.040Z,"132 km SE of Bitung, Indonesia",earthquake,12.58,1.733,0.118,25.0,reviewed,us,us,Global
2026-05-10T15:41:53.931Z,63.225,-150.476,124.0,2.8,ml,107,34,0.7,0.7,ak,aka2026jfmfzy,2026-05-12T23:16:46.932Z,"71 km ESE of Denali National Park, Alaska",earthquake,2.3,2.1247,0.2,72.0,reviewed,ak,ak,Global
2026-05-10T15:24:40.905Z,51.308,-176.185,13.3,2.5,ml,14,243,0.6,0.3,ak,aka2026jflrbh,2026-05-12T23:13:23.015Z,"70 km SSE of Adak, Alaska",earthquake,9.3,4.4944,0.2,11.0,reviewed,ak,ak,Global
2026-05-10T14:57:42.026Z,7.4857,-36.1427,10.0,4.4,mb,27,128,13.226,0.77,us,us6000sxf1,2026-05-13T13:01:56.040Z,central Mid-Atlantic Ridge,earthquake,5.46,1.896,0.114,22.0,reviewed,us,us,Global
2026-05-10T14:16:45.810Z,32.978666666667,-115.54733333333,14.46,2.68,ml,67,39,0.0778,0.29,ci,ci41462904,2026-05-12T21:36:57.790Z,"2 km W of Brawley, CA",earthquake,0.24,0.56,0.25426917045662,26.0,reviewed,ci,ci,Global
2026-05-10T12:24:34.277Z,1.2342,120.5431,35.0,4.7,mb,33,122,6.257,0.98,us,us6000swq8,2026-05-10T12:48:37.040Z,"248 km NNE of Palu, Indonesia",earthquake,13.15,1.948,0.096,33.0,reviewed,us,us,Global
2026-05-10T12:21:22.589Z,38.5344,-27.5038,10.0,4.6,mb,39,170,1.74,0.93,us,us6000swq9,2026-05-10T12:41:37.040Z,"22 km SW of Santa Bárbara, Portugal",earthquake,11.78,1.923,0.062,79.0,reviewed,us,us,Global
2026-05-10T11:59:24.565Z,-24.0095,-67.0041,208.663,4.2,mb,62,87,1.507,1.08,us,us6000swq2,2026-05-10T12:21:03.040Z,"73 km WNW of San Antonio de los Cobres, Argentina",earthquake,9.39,6.815,0.07,57.0,reviewed,us,us,Global
2026-05-10T11:03:42.820Z,32.9805,-115.54433333333,11.96,2.82,ml,58,40,0.08001,0.28,ci,ci41462544,2026-05-12T19:12:44.953Z,"1 km W of Brawley, CA",earthquake,0.25,0.48,0.17064746118619,110.0,reviewed,ci,ci,Global
2026-05-10T10:47:25.810Z,32.979166666667,-115.54316666667,11.56,2.85,ml,63,39,0.07887,0.27,ci,ci41462496,2026-05-12T00:16:28.790Z,"1 km W of Brawley, CA",earthquake,0.23,0.47,0.17619438270817,142.0,reviewed,ci,ci,Global
2026-05-10T10:30:24.609Z,59.048,-136.044,1.8,2.9,ml,18,107,0.4,0.9,ak,aka2026jfbvzf,2026-05-12T21:59:59.544Z,"40 km WSW of Haines, Alaska",earthquake,4.7,2.7274,0.1,14.0,reviewed,ak,ak,Global
2026-05-10T09:26:07.510Z,40.276000976562,-124.31400299072,8.460000038147,2.62,md,5,170,0.02515,0.01,nc,nc75358211,2026-05-10T10:42:23.168Z,"6 km SSW of Petrolia, CA",earthquake,1.97,0.839999974,0.06,9.0,automatic,nc,nc,Global
2026-05-10T09:23:37.025Z,51.756,-173.097,21.0,3.6,ml,32,206,0.8,0.6,ak,aka2026jezpna,2026-05-12T21:36:18.396Z,"90 km ESE of Atka, Alaska",earthquake,9.4,4.5215,0.1,24.0,reviewed,ak,ak,Global
2026-05-10T09:19:11.690Z,59.906,-152.325,82.7,2.7,ml,103,56,0.4,0.6,ak,aka2026jezmda,2026-05-12T21:33:22.658Z,"31 km WNW of Anchor Point, Alaska",earthquake,2.6,1.7099,0.2,59.0,reviewed,ak,ak,Global
2026-05-10T09:07:01.520Z,18.938333333333,-67.562833333333,22.4,3.15,md,12,303,0.5566,0.34,pr,pr71516343,2026-05-10T09:24:54.400Z,"69 km NW of San Antonio, Puerto Rico",earthquake,1.56,22.48,0.011611861784864,4.0,reviewed,pr,pr,Global
2026-05-10T08:54:44.671Z,55.971,-157.346,25.8,2.7,ml,43,185,0.7,0.5,ak,aka2026jeyrbf,2026-05-12T21:29:25.870Z,"74 km ESE of Chignik, Alaska",earthquake,5.6,5.0931,0.2,31.0,reviewed,ak,ak,Global
2026-05-10T08:44:21.144Z,54.561,-159.994,1.8,2.5,ml,18,256,1.2,0.7,ak,aka2026jeyifa,2026-05-12T21:22:54.750Z,"92 km SSE of Sand Point, Alaska",earthquake,7.6,4.5582,0.1,13.0,reviewed,ak,ak,Global
2026-05-10T08:41:00.690Z,52.305,-169.451,19.4,2.7,ml,17,225,0.5,0.8,ak,aka2026jeyfna,2026-05-12T21:18:32.164Z,"81 km SSW of Nikolski, Alaska",earthquake,10.4,5.6431,0.2,16.0,reviewed,ak,ak,Global
2026-05-10T08:08:33.130Z,18.002,-66.928666666667,10.7,3.11,md,25,153,0.02989,0.28,pr,pr71516328,2026-05-10T09:36:00.040Z,"2 km NW of Fuig, Puerto Rico",earthquake,0.5,0.41,0.072247344252801,13.0,reviewed,pr,pr,Global
2026-05-10T08:03:57.027Z,-37.7665,-73.3233,30.633,4.7,mb,39,147,1.025,1.15,us,us6000swni,2026-05-10T08:30:45.040Z,"7 km ENE of Cañete, Chile",earthquake,7.53,5.627,0.092,36.0,reviewed,us,us,Global
2026-05-10T07:53:32.220Z,32.965666666667,-115.56516666667,13.18,2.85,ml,70,38,0.06413,0.26,ci,ci41461936,2026-05-13T05:41:15.040Z,"4 km WSW of Brawley, CA",earthquake,0.22,0.62,0.16100270713947,113.0,reviewed,ci,ci,Global
2026-05-10T07:48:24.000Z,32.961833333333,-115.5695,12.96,2.64,ml,58,38,0.06065,0.27,ci,ci41461904,2026-05-12T21:53:14.040Z,"4 km WSW of Brawley, CA",earthquake,0.25,0.75,0.23218576656994,26.0,reviewed,ci,ci,Global
2026-05-10T07:41:25.840Z,32.968166666667,-115.56216666667,11.33,3.2,ml,56,39,0.06652,0.28,ci,ci41461872,2026-05-11T15:10:12.509Z,"3 km WSW of Brawley, CA",earthquake,0.23,0.53,0.18649643809306,92.0,reviewed,ci,ci,Global
2026-05-10T07:28:10.179Z,51.0462,179.3272,28.049,4.2,mb,49,219,0.333,0.59,us,us6000swn9,2026-05-14T07:39:56.007Z,"295 km WSW of Adak, Alaska",earthquake,5.09,6.262,0.056,90.0,reviewed,us,us,Global
2026-05-10T07:27:52.220Z,32.976666666667,-115.53866666667,10.25,3.23,ml,57,39,0.07725,0.34,ci,ci41461760,2026-05-11T14:31:24.185Z,"1 km WSW of Brawley, CA",earthquake,0.3,0.81,0.18920865864033,91.0,reviewed,ci,ci,Global
2026-05-10T07:18:17.700Z,32.974333333333,-115.538,12.2,2.57,ml,38,77,0.07513,0.27,ci,ci41461688,2026-05-12T22:59:24.954Z,"1 km SW of Brawley, CA",earthquake,0.31,0.84,0.16975652008294,20.0,reviewed,ci,ci,Global
2026-05-10T07:16:49.090Z,32.953333333333,-115.566,9.49,2.68,ml,47,37,0.05191,0.28,ci,ci41461672,2026-05-11T20:33:05.838Z,"4 km SW of Brawley, CA",earthquake,0.25,0.56,0.14949282426787,67.0,reviewed,ci,ci,Global
2026-05-10T07:15:05.830Z,32.967666666667,-115.55983333333,7.69,2.51,ml,37,72,0.06602,0.3,ci,ci41461656,2026-05-12T14:26:26.768Z,"3 km WSW of Brawley, CA",earthquake,0.31,0.86,0.23359124279423,26.0,reviewed,ci,ci,Global
2026-05-10T07:14:38.480Z,32.962333333333,-115.56583333333,3.38,2.63,ml,48,38,0.06085,0.3,ci,ci41461648,2026-05-11T18:36:18.152Z,"4 km WSW of Brawley, CA",earthquake,0.25,0.58,0.2141110272491,40.0,reviewed,ci,ci,Global
2026-05-10T07:14:30.690Z,32.971166666667,-115.53816666667,7.84,2.64,ml,27,77,0.07204,0.28,ci,ci41461640,2026-05-11T20:15:55.194Z,"1 km SW of Brawley, CA",earthquake,0.37,0.92,0.18793870419833,9.0,reviewed,ci,ci,Global
2026-05-10T07:14:15.080Z,32.960166666667,-115.53933333333,6.78,2.55,ml,15,78,0.06123,0.21,ci,ci10239742,2026-05-11T20:34:52.232Z,"2 km SSW of Brawley, CA",earthquake,0.39,0.97,0.21412424987517,11.0,reviewed,ci,ci,Global
2026-05-10T07:13:20.830Z,32.964333333333,-115.55866666667,3.32,2.92,ml,17,71,0.06271,0.24,ci,ci41461624,2026-05-11T18:36:08.178Z,"3 km WSW of Brawley, CA",earthquake,0.48,0.51,0.2945941666816,9.0,reviewed,ci,ci,Global
2026-05-10T07:10:21.250Z,32.971333333333,-115.56233333333,14.53,4.6648691912206,mw,66,39,0.06968,0.25,ci,ci41461608,2026-05-17T07:20:36.410Z,"3 km WSW of Brawley, CA",earthquake,0.22,0.49,,10.0,reviewed,ci,ci,Global
2026-05-10T06:43:51.370Z,32.982666666667,-115.5285,10.51,3.16,ml,53,41,0.08538,0.28,ci,ci41461472,2026-05-11T16:16:55.220Z,"0 km NNE of Brawley, CA",earthquake,0.22,0.53,0.16386500491351,76.0,reviewed,ci,ci,Global
2026-05-10T06:42:57.310Z,32.964333333333,-115.5645,12.38,2.61,ml,55,38,0.06277,0.27,ci,ci41461464,2026-05-12T22:27:38.010Z,"4 km WSW of Brawley, CA",earthquake,0.24,0.79,0.26203850971585,26.0,reviewed,ci,ci,Global
2026-05-10T06:36:44.604Z,36.4642,70.0578,217.198,4.1,mb,28,190,2.672,1.11,us,us6000swmi,2026-05-10T07:06:56.040Z,"21 km SE of Farkhār, Afghanistan",earthquake,12.58,9.099,0.131,16.0,reviewed,us,us,Pakistan
2026-05-10T06:36:25.630Z,32.967,-115.55733333333,12.12,3.01,ml,61,38,0.06541,0.26,ci,ci41461424,2026-05-11T19:04:57.360Z,"3 km WSW of Brawley, CA",earthquake,0.21,0.77,0.19083809935938,77.0,reviewed,ci,ci,Global
2026-05-10T06:18:38.760Z,18.9735,-65.847166666667,21.39,3.0,md,27,238,0.5832,0.15,pr,pr71516308,2026-05-10T06:44:08.470Z,"60 km N of Loíza, Puerto Rico",earthquake,0.5,12.19,0.088359083921535,12.0,reviewed,pr,pr,Global
2026-05-10T06:02:26.390Z,32.96,-115.5675,11.78,3.42,ml,62,38,0.05865,0.25,ci,ci41461256,2026-05-10T21:08:29.052Z,"4 km WSW of Brawley, CA",earthquake,0.19,0.41,0.16302234250347,142.0,reviewed,ci,ci,Global
2026-05-10T05:51:16.340Z,32.990833333333,-115.536,10.46,3.25,ml,60,41,0.09151,0.3,ci,ci41461216,2026-05-11T14:43:47.970Z,"1 km NNW of Brawley, CA",earthquake,0.25,0.61,0.15657104076301,94.0,reviewed,ci,ci,Global
2026-05-10T05:11:44.190Z,32.966333333333,-115.57566666667,3.4,3.05,ml,50,66,0.0659,0.31,ci,ci41461040,2026-05-11T22:17:42.483Z,"4 km WSW of Brawley, CA",earthquake,0.26,0.56,0.15442870146827,57.0,reviewed,ci,ci,Global
2026-05-10T05:11:13.280Z,32.966333333333,-115.56183333333,12.23,2.99,ml,56,38,0.06469,0.25,ci,ci41461032,2026-05-11T15:46:42.447Z,"3 km WSW of Brawley, CA",earthquake,0.21,0.68,0.18762070650841,73.0,reviewed,ci,ci,Global
2026-05-10T05:05:20.670Z,32.9725,-115.54816666667,14.52,2.83,ml,62,39,0.07161,0.27,ci,ci41460992,2026-05-11T23:06:53.730Z,"2 km WSW of Brawley, CA",earthquake,0.23,0.58,0.17265899305928,147.0,reviewed,ci,ci,Global
2026-05-10T04:53:53.294Z,32.003,-103.807,7.7789,2.5,ml,31,43,0.0,0.1,tx,tx2026jdekua,2026-05-11T02:20:26.752Z,"35 km SE of Malaga, New Mexico",earthquake,0.37742866640835,0.35149010814611,0.2,30.0,reviewed,tx,tx,Global
2026-05-10T04:47:12.683Z,61.558,-148.897,24.8,2.8,ml,107,45,0.1,0.9,ak,aka2026jeqkie,2026-05-12T20:25:41.538Z,"7 km ENE of Butte, Alaska",earthquake,1.8,1.3749,0.2,69.0,reviewed,ak,ak,Global
2026-05-10T04:43:05.460Z,32.958,-115.56533333333,9.89,2.52,ml,47,38,0.05651,0.25,ci,ci41460872,2026-05-12T23:17:11.890Z,"4 km SW of Brawley, CA",earthquake,0.25,0.62,0.16743148616283,26.0,reviewed,ci,ci,Global
2026-05-10T04:26:34.941Z,51.224,-177.511,4.5,2.8,ml,22,229,0.6,0.8,ak,aka2026jepslp,2026-05-12T20:21:16.290Z,"94 km SW of Adak, Alaska",earthquake,6.2,3.1951,0.1,17.0,reviewed,ak,ak,Global
2026-05-10T04:18:44.810Z,32.9665,-115.55233333333,11.54,2.86,ml,67,38,0.06523,0.28,ci,ci41460744,2026-05-11T23:44:17.260Z,"2 km WSW of Brawley, CA",earthquake,0.25,0.49,0.16765383650038,143.0,reviewed,ci,ci,Global
2026-05-10T04:18:10.780Z,19.086666666667,-64.508333333333,64.1,3.41,md,12,278,0.6017,0.5,pr,pr71516298,2026-05-10T05:14:53.040Z,"88 km NNE of Cruz Bay, U.S. Virgin Islands",earthquake,7.68,9.94,0.11574140946268,8.0,reviewed,pr,pr,Global
2026-05-10T03:46:52.110Z,32.960833333333,-115.55466666667,11.92,2.65,ml,58,38,0.05942,0.28,ci,ci41460560,2026-05-12T20:48:31.780Z,"3 km SW of Brawley, CA",earthquake,0.26,0.53,0.25492286100652,27.0,reviewed,ci,ci,Global
2026-05-10T03:44:09.330Z,32.970166666667,-115.54783333333,11.36,3.48,ml,61,39,0.06936,0.28,ci,ci41460536,2026-05-10T20:46:44.749Z,"2 km WSW of Brawley, CA",earthquake,0.23,0.49,0.17803220771341,119.0,reviewed,ci,ci,Global
2026-05-10T03:41:40.670Z,32.9725,-115.5365,8.26,2.59,ml,30,77,0.0737,0.24,ci,ci41460528,2026-05-11T21:45:00.631Z,"1 km SW of Brawley, CA",earthquake,0.27,0.99,0.13724927991078,9.0,reviewed,ci,ci,Global
2026-05-10T03:39:29.810Z,32.977833333333,-115.54983333333,15.9,4.4811285884881,mw,67,39,0.0767,0.27,ci,ci41460512,2026-05-16T02:10:33.488Z,"2 km W of Brawley, CA",earthquake,0.21,0.38,,10.0,reviewed,ci,ci,Global
2026-05-10T03:13:23.720Z,32.9675,-115.5555,9.17,3.979955881043,mw,59,39,0.06599,0.27,ci,ci41460416,2026-05-16T02:05:53.455Z,"3 km WSW of Brawley, CA",earthquake,0.23,0.77,,7.0,reviewed,ci,ci,Global
2026-05-10T03:10:32.380Z,32.961666666667,-115.547,6.37,2.63,ml,27,75,0.06113,0.26,ci,ci41460400,2026-05-12T23:34:26.566Z,"2 km SW of Brawley, CA",earthquake,0.37,1.06,0.17636982375269,19.0,reviewed,ci,ci,Global
2026-05-10T03:06:12.160Z,36.630500793457,-121.27700042725,5.289999961853,2.55,md,67,26,0.03609,0.26,nc,nc75358051,2026-05-10T05:52:23.232Z,"16 km NW of Pinnacles, CA",earthquake,0.28,1.04999995,0.12,68.0,automatic,nc,nc,Global
2026-05-10T03:05:45.940Z,32.9625,-115.564,11.94,2.72,ml,62,38,0.06092,0.28,ci,ci41460368,2026-05-12T20:26:18.260Z,"4 km WSW of Brawley, CA",earthquake,0.23,0.46,0.18109182375263,25.0,reviewed,ci,ci,Global
2026-05-10T03:03:39.921Z,37.3662,144.4869,10.0,4.4,mb,37,136,4.333,0.73,us,us6000swkj,2026-05-10T03:59:26.040Z,"292 km ESE of Onagawa Chō, Japan",earthquake,10.11,1.91,0.102,28.0,reviewed,us,us,Global
2026-05-10T02:42:23.775Z,-7.0242,132.0136,10.0,5.0,mb,25,104,3.253,0.98,us,us6000swk8,2026-05-10T03:01:45.040Z,"174 km SSW of Tual, Indonesia",earthquake,5.51,1.885,0.113,26.0,reviewed,us,us,Global
2026-05-10T02:34:07.249Z,-37.7219,-73.1062,34.251,5.5,mww,55,136,1.092,1.12,us,us6000swk0,2026-05-11T22:41:36.201Z,"27 km ENE of Cañete, Chile",earthquake,3.09,4.725,0.059,28.0,reviewed,us,us,Global
2026-05-10T02:33:49.090Z,32.972,-115.54933333333,10.88,2.87,ml,49,39,0.07098,0.26,ci,ci41460184,2026-05-12T19:36:54.400Z,"2 km WSW of Brawley, CA",earthquake,0.25,0.55,0.20228343490237,107.0,reviewed,ci,ci,Global
2026-05-10T02:22:08.170Z,32.969333333333,-115.55916666667,15.05,4.3782298205275,mw,64,39,0.06769,0.26,ci,ci41460112,2026-05-16T02:12:31.973Z,"3 km WSW of Brawley, CA",earthquake,0.22,0.48,,10.0,reviewed,ci,ci,Global
2026-05-10T02:10:24.537Z,51.238,179.582,42.5,3.4,ml,29,234,0.2,0.4,ak,aka2026jeleki,2026-05-12T19:48:12.945Z,"271 km WSW of Adak, Alaska",earthquake,7.4,5.5442,0.1,22.0,reviewed,ak,ak,Global
2026-05-10T01:55:14.518Z,62.771,-149.58,72.5,2.8,ml,131,27,0.3,0.9,ak,aka2026jekrfu,2026-05-12T19:40:48.554Z,"44 km NE of Chase, Alaska",earthquake,1.8,2.3914,0.2,84.0,reviewed,ak,ak,Global
2026-05-10T01:54:42.473Z,51.467,-173.555,8.3,2.6,ml,15,224,0.8,0.6,ak,aka2026jekqvu,2026-05-12T19:33:47.263Z,"92 km SSE of Atka, Alaska",earthquake,12.0,6.3394,0.1,11.0,reviewed,ak,ak,Global
2026-05-10T01:50:13.905Z,5.6691,126.3518,98.708,4.6,mb,41,105,1.589,0.91,us,us6000swjc,2026-05-10T04:28:34.040Z,"78 km SSE of Pondaguitan, Philippines",earthquake,10.98,7.56,0.087,39.0,reviewed,us,us,Global
2026-05-10T01:38:53.216Z,53.579,-165.847,27.8,2.5,ml,22,198,0.5,0.5,ak,aka2026jekdct,2026-05-12T19:31:42.461Z,"55 km SE of Unalaska, Alaska",earthquake,9.0,3.3535,0.2,17.0,reviewed,ak,ak,Global
2026-05-10T01:26:25.998Z,55.802,-149.906,5.3,3.3,ml,69,211,2.4,0.6,ak,aka2026jejsfd,2026-05-12T19:28:56.150Z,"248 km SE of Chiniak, Alaska",earthquake,5.3,4.0899,0.2,44.0,reviewed,ak,ak,Global
2026-05-10T01:11:22.760Z,61.533,-144.34,48.8,2.7,ml,78,41,0.1,0.7,ak,aka2026jejfez,2026-05-12T17:58:49.243Z,"5 km ENE of Chitina, Alaska",earthquake,2.3,2.6723,0.2,51.0,reviewed,ak,ak,Global
2026-05-10T00:59:47.993Z,51.2485,179.6755,35.0,3.4,ml,26,221,0.268,0.37,us,us6000swm9,2026-05-11T21:21:17.470Z,"265 km WSW of Adak, Alaska",earthquake,4.53,1.999,0.081,20.0,reviewed,us,us,Global
2026-05-10T00:58:55.580Z,32.963333333333,-115.55466666667,11.38,2.62,ml,55,38,0.0619,0.27,ci,ci41460016,2026-05-12T22:10:25.330Z,"3 km SW of Brawley, CA",earthquake,0.25,0.49,0.16313830919721,25.0,reviewed,ci,ci,Global
2026-05-10T00:44:25.818Z,-40.2185,176.4794,27.388,4.2,mb,19,122,0.348,1.2,us,us6000swj1,2026-05-10T05:27:36.040Z,"32 km E of Dannevirke, New Zealand",earthquake,3.29,6.384,0.215,6.0,reviewed,us,us,Global
2026-05-10T00:36:11.070Z,32.963166666667,-115.56483333333,12.56,2.95,ml,71,34,0.06162,0.26,ci,ci41459968,2026-05-11T19:00:52.320Z,"4 km WSW of Brawley, CA",earthquake,0.2,0.54,0.24896454684299,19.0,reviewed,ci,ci,Global
2026-05-10T00:34:13.400Z,32.967666666667,-115.56316666667,14.6,3.35,ml,57,39,0.06605,0.25,ci,ci41459960,2026-05-10T18:58:20.330Z,"3 km WSW of Brawley, CA",earthquake,0.2,0.47,0.14637549636313,104.0,reviewed,ci,ci,Global
2026-05-09T23:49:17.250Z,32.9915,-115.57733333333,2.12,3.48,ml,22,64,0.09086,0.35,ci,ci10239694,2026-05-12T04:05:52.040Z,"5 km WNW of Brawley, CA",earthquake,0.51,0.89,0.21360202965594,24.0,reviewed,ci,ci,Global
2026-05-09T23:49:12.380Z,32.968,-115.55666666667,14.84,3.45,ml,59,39,0.06643,0.25,ci,ci41459800,2026-05-10T17:28:41.525Z,"3 km WSW of Brawley, CA",earthquake,0.21,0.5,0.21295966423522,67.0,reviewed,ci,ci,Global
2026-05-09T23:22:12.350Z,32.970833333333,-115.56216666667,13.12,2.83,ml,63,39,0.06918,0.28,ci,ci41459752,2026-05-12T20:19:28.973Z,"3 km WSW of Brawley, CA",earthquake,0.23,0.63,0.27233484328361,26.0,reviewed,ci,ci,Global
2026-05-09T23:18:37.010Z,32.966333333333,-115.55733333333,11.84,2.57,ml,54,38,0.06475,0.25,ci,ci41459744,2026-05-12T22:43:45.540Z,"3 km WSW of Brawley, CA",earthquake,0.24,0.44,0.27525306008268,26.0,reviewed,ci,ci,Global
2026-05-09T23:14:16.480Z,32.9715,-115.55433333333,14.36,3.44,ml,60,39,0.07004,0.25,ci,ci41459712,2026-05-10T18:44:45.682Z,"2 km WSW of Brawley, CA",earthquake,0.2,0.5,0.15164196102394,117.0,reviewed,ci,ci,Global
2026-05-09T23:11:14.273Z,-17.5199,-173.3122,35.0,4.8,mb,44,126,3.881,1.06,us,us6000swj8,2026-05-10T23:11:33.040Z,"143 km NNE of Neiafu, Tonga",earthquake,13.5,1.881,0.085,48.0,reviewed,us,us,Global
2026-05-09T22:21:14.724Z,55.256,-155.445,3.5,2.9,ml,35,232,0.6,0.7,ak,aka2026jedoai,2026-05-12T03:43:47.040Z,"204 km SSW of Akhiok, Alaska",earthquake,7.3,4.7396,0.2,27.0,reviewed,ak,ak,Global
2026-05-09T22:10:27.075Z,50.8891,-170.9929,10.0,3.1,ml,15,239,2.383,0.57,us,us6000sx2c,2026-05-12T03:48:58.040Z,"265 km SE of Atka, Alaska",earthquake,7.41,2.018,0.097,14.0,reviewed,us,us,Global
2026-05-09T21:52:46.536Z,-38.8053,175.1941,225.129,4.9,mb,34,98,0.394,0.79,us,us6000swi4,2026-05-10T22:30:52.122Z,"57 km WNW of Turangi, New Zealand",earthquake,7.96,5.59,0.212,7.0,reviewed,us,us,Global
2026-05-09T21:33:16.842Z,-5.6297,154.3353,121.199,4.3,mb,36,122,2.593,1.19,us,us6000swi3,2026-05-10T03:06:34.040Z,"148 km WNW of Panguna, Papua New Guinea",earthquake,12.16,2.901,0.1,31.0,reviewed,us,us,Global
2026-05-09T21:16:47.973Z,53.014,-166.885,18.7,2.6,ml,24,252,0.7,0.4,ak,aka2026jebjtt,2026-05-12T00:09:13.175Z,"98 km SSW of Unalaska, Alaska",earthquake,5.8,5.3776,0.1,19.0,reviewed,ak,ak,Global
2026-05-09T20:39:49.843Z,-26.8393,-176.7692,10.0,5.3,mb,35,76,2.607,0.98,us,us6000swhy,2026-05-09T21:34:57.040Z,south of the Fiji Islands,earthquake,11.95,1.88,0.049,139.0,reviewed,us,us,Global
2026-05-09T20:26:12.892Z,8.5964,-82.8661,29.933,4.5,mb,26,153,0.76,1.29,us,us6000swhx,2026-05-09T21:20:32.040Z,"5 km NW of Paso Canoas Arriba, Panama",earthquake,8.75,6.447,0.113,23.0,reviewed,us,us,Global
2026-05-09T20:16:04.438Z,56.161,-161.347,203.1,3.1,ml,61,106,0.6,0.6,ak,aka2026jdzixg,2026-05-12T00:15:15.227Z,"19 km NNW of Nelson Lagoon, Alaska",earthquake,12.4,2.9935,0.4,43.0,reviewed,ak,ak,Global
2026-05-09T19:28:09.416Z,55.198,-162.139,97.7,2.7,ml,45,98,0.1,0.8,ak,aka2026jdxtpe,2026-05-14T22:12:32.029Z,"19 km NE of King Cove, Alaska",earthquake,13.5,1.998,0.4,33.0,reviewed,ak,ak,Global
2026-05-09T19:07:04.814Z,51.915,176.185,20.5,3.7,ml,10,199,1.4,0.6,ak,aka2026jdxbps,2026-05-14T22:10:54.455Z,"228 km ESE of Attu Station, Alaska",earthquake,28.2,0.0,0.2,8.0,reviewed,ak,ak,Global
2026-05-09T19:03:40.525Z,51.509,178.47,50.8,2.7,ml,12,260,0.4,0.4,ak,aka2026jdwylt,2026-05-14T22:07:48.627Z,"Rat Islands, Aleutian Islands, Alaska",earthquake,11.9,6.1357,0.3,10.0,reviewed,ak,ak,Global
2026-05-09T17:51:29.670Z,19.548666666667,-155.623,7.77,2.88,ml,40,104,0.02119,0.17,hv,hv74956427,2026-05-11T19:53:06.180Z,"27 km ENE of Honaunau-Napoopoo, Hawaii",earthquake,0.3,0.32,0.20629196393037,32.0,reviewed,hv,hv,Global
2026-05-09T17:14:14.573Z,59.65,-150.41,44.6,2.6,ml,28,185,0.2,0.6,ak,aka2026jdthmv,2026-05-09T19:14:24.040Z,"38 km SE of Fox River, Alaska",earthquake,10.9,3.6617,0.1,4.0,automatic,ak,ak,Global
2026-05-09T17:10:51.168Z,14.1041,57.34,10.0,4.4,mb,47,137,10.837,0.7,us,us6000swhi,2026-05-10T14:43:15.040Z,Owen Fracture Zone region,earthquake,12.55,1.935,0.086,39.0,reviewed,us,us,Global
2026-05-09T16:18:52.053Z,24.5387,123.7707,35.445,4.6,mww,203,50,0.695,0.61,us,us6000swhc,2026-05-09T20:57:30.040Z,"44 km WNW of Ishigaki, Japan",earthquake,5.26,4.118,0.083,14.0,reviewed,us,us,Global
2026-05-09T15:05:05.444Z,54.009,-112.6217,9.614,4.3,mb,98,48,0.899,0.74,us,us6000swh4,2026-05-11T17:47:56.040Z,"15 km SW of Smoky Lake, Canada",earthquake,5.56,6.555,0.039,184.0,reviewed,us,us,Global
2026-05-09T14:22:52.509Z,-58.024,-25.6886,97.443,5.1,mb,68,92,7.099,0.57,us,us6000swh0,2026-05-09T19:11:49.040Z,South Sandwich Islands region,earthquake,6.11,5.544,0.082,48.0,reviewed,us,us,Global
2026-05-09T12:08:24.977Z,51.3404,-176.4032,31.706,3.6,ml,22,204,0.522,0.47,us,us6000swi7,2026-05-10T05:06:27.040Z,"61 km SSE of Adak, Alaska",earthquake,3.74,14.227,0.085,18.0,reviewed,us,us,Global
2026-05-09T11:51:23.290Z,36.348167419434,-120.02600097656,23.10000038147,2.71,md,45,64,0.07475,0.19,nc,nc75357721,2026-05-09T13:12:25.679Z,"14 km SW of Lanare, CA",earthquake,0.45,0.379999995,0.19,57.0,automatic,nc,nc,Global
2026-05-09T09:12:13.117Z,-2.9287,147.7678,10.0,5.0,mb,47,54,0.967,1.15,us,us6000swg6,2026-05-09T09:27:24.040Z,"113 km SSE of Lorengau, Papua New Guinea",earthquake,8.15,1.877,0.094,36.0,reviewed,us,us,Global
2026-05-09T09:10:06.428Z,26.2477,90.2191,10.0,4.4,mb,38,164,9.929,0.72,us,us6000swg5,2026-05-09T09:34:27.255Z,"2 km NW of Bilāsipāra, India",earthquake,13.55,1.924,0.1,29.0,reviewed,us,us,Global
2026-05-09T08:12:43.058Z,-38.4189,146.2054,10.0,3.3,ml,6,132,1.017,0.98,us,us6000swg3,2026-05-10T14:08:21.671Z,"4 km ESE of Mirboo North, Australia",earthquake,8.1,2.008,0.148,6.0,reviewed,us,us,Global
2026-05-09T07:59:36.760Z,19.325333333333,-155.22966666667,6.71,2.81,ml,49,61,0.04413,0.1,hv,hv74956212,2026-05-11T19:41:34.480Z,"13 km S of Volcano, Hawaii",earthquake,0.22,0.31,0.34680574109467,40.0,reviewed,hv,hv,Global
2026-05-09T07:12:45.552Z,51.005,179.336,10.0,4.2,ml,38,261,0.4,0.7,ak,aka2026jczfvx,2026-05-09T21:59:38.357Z,"296 km WSW of Adak, Alaska",earthquake,5.6,0.0,0.2,29.0,reviewed,ak,ak,Global
2026-05-09T06:49:22.132Z,39.3101,-119.0579,9.4092,3.06,ml,24,111,0.06,0.1111,nn,nn00918126,2026-05-10T07:01:49.015Z,"18 km SE of Silver Springs, Nevada",earthquake,,1.3361,0.39,10.0,reviewed,nn,nn,Global
2026-05-09T06:32:27.970Z,34.147833333333,-117.3355,13.19,3.29,ml,160,24,0.03535,0.21,ci,ci41459312,2026-05-11T14:13:23.603Z,"1 km SE of Muscoy, CA",earthquake,0.11,0.24,0.1426643310864,307.0,reviewed,ci,ci,Global
2026-05-09T06:29:41.610Z,19.079166666667,-155.46883333333,27.35,2.69,ml,48,186,0.07611,0.11,hv,hv74956177,2026-05-12T03:21:11.360Z,"11 km E of Naalehu, Hawaii",earthquake,0.44,0.62,0.16129712069788,37.0,reviewed,hv,hv,Global
2026-05-09T05:30:41.730Z,17.786833333333,-66.914833333333,4.86,2.53,md,9,244,0.1902,0.29,pr,pr71516263,2026-05-09T05:44:24.610Z,"20 km S of Guánica, Puerto Rico",earthquake,0.93,0.96,0.17436222992968,6.0,reviewed,pr,pr,Global
2026-05-09T04:59:16.337Z,51.022,179.454,20.2,2.9,ml,13,265,0.4,0.6,ak,aka2026jcuufv,2026-05-14T22:34:44.194Z,"287 km WSW of Adak, Alaska",earthquake,10.5,6.0638,0.1,11.0,reviewed,ak,ak,Global
2026-05-09T04:58:17.527Z,50.94,179.561,21.1,3.0,ml,8,323,0.5,0.4,ak,aka2026jcutje,2026-05-14T22:33:11.947Z,"284 km WSW of Adak, Alaska",earthquake,14.2,8.3024,0.1,6.0,reviewed,ak,ak,Global
2026-05-09T04:58:02.120Z,41.502666666667,-125.218,26.13,4.8,mw,31,240,0.8106,0.31,nc,nc75357576,2026-05-17T05:08:05.624Z,"89 km WSW of Crescent City, CA",earthquake,1.32,25.29,,16.0,reviewed,nc,nc,Global
2026-05-09T04:51:28.619Z,51.011,179.341,15.0,3.1,ml,9,269,0.4,0.9,ak,aka2026jcunkt,2026-05-14T22:16:12.049Z,"295 km WSW of Adak, Alaska",earthquake,10.7,3.7164,0.1,3.0,reviewed,ak,ak,Global
2026-05-09T04:42:23.298Z,51.0818,179.349,26.482,5.8,mww,63,132,0.299,1.15,us,us6000swf4,2026-05-17T04:52:30.993Z,"292 km WSW of Adak, Alaska",earthquake,4.6,5.473,0.039,63.0,reviewed,us,us,Global
2026-05-09T04:42:21.975Z,50.981,179.214,16.3,6.1,ml,43,230,0.4,0.7,ak,aka2026jcufoy,2026-05-09T05:03:04.759Z,"Rat Islands, Aleutian Islands, Alaska",earthquake,5.5,3.0809,0.1,32.0,reviewed,ak,ak,Global
2026-05-09T04:39:21.911Z,54.567,-159.878,19.4,2.8,ml,28,206,1.4,0.5,ak,aka2026jcucwx,2026-05-14T22:20:22.749Z,"94 km SSE of Sand Point, Alaska",earthquake,15.5,14.5834,0.2,21.0,reviewed,ak,ak,Global
2026-05-09T04:06:33.713Z,52.797,-167.365,0.9,2.5,ml,19,285,0.7,0.4,ak,aka2026jctamj,2026-05-14T22:26:30.970Z,"102 km E of Nikolski, Alaska",earthquake,7.8,4.3857,0.1,15.0,reviewed,ak,ak,Global
2026-05-09T03:40:18.314Z,32.002,-103.828,7.0612,2.5,ml,31,59,0.0,0.1,tx,tx2026jbgghx,2026-05-11T02:06:57.696Z,"33 km SE of Malaga, New Mexico",earthquake,0.34100158666125,0.40179654142094,0.2,30.0,reviewed,tx,tx,Global
2026-05-09T03:25:32.967Z,50.587,-176.689,13.2,2.7,ml,20,294,1.2,0.3,ak,aka2026jcrqzc,2026-05-14T22:03:56.100Z,"143 km S of Adak, Alaska",earthquake,9.1,8.3406,0.1,16.0,reviewed,ak,ak,Global
2026-05-09T03:18:39.080Z,18.839333333333,-67.322166666667,47.72,2.81,md,12,309,0.4205,0.29,pr,pr71516228,2026-05-09T03:33:29.750Z,"45 km NNW of San Antonio, Puerto Rico",earthquake,1.45,2.65,0.056626654274511,6.0,reviewed,pr,pr,Global
2026-05-09T03:09:52.978Z,40.1705,-98.3688,5.0,2.8,mb_lg,14,80,1.248,0.71,us,us6000sweg,2026-05-09T03:18:52.040Z,"6 km E of Cowles, Nebraska",earthquake,3.01,1.995,0.059,76.0,reviewed,us,us,Global
2026-05-09T02:59:56.480Z,18.168333333333,-67.532666666667,14.26,2.87,md,15,262,0.2209,0.17,pr,pr71516223,2026-05-09T03:19:11.910Z,"34 km WSW of Stella, Puerto Rico",earthquake,0.64,0.77,0.074191838648698,8.0,reviewed,pr,pr,Global
2026-05-09T01:53:36.062Z,54.346,-161.478,1.3,3.2,ml,39,203,0.8,0.5,ak,aka2026jcopvf,2026-05-11T22:56:32.257Z,"96 km SE of King Cove, Alaska",earthquake,5.4,3.137,0.1,31.0,reviewed,ak,ak,Global
2026-05-09T01:52:43.195Z,53.682,-164.241,21.1,2.7,ml,29,235,0.8,0.7,ak,aka2026jcookm,2026-05-11T22:54:39.767Z,"112 km ESE of Akutan, Alaska",earthquake,7.3,4.2998,0.3,22.0,reviewed,ak,ak,Global
2026-05-09T01:40:23.400Z,33.999,-117.21533333333,4.48,3.23,ml,141,13,0.06246,0.21,ci,ci41459168,2026-05-11T14:12:08.820Z,"7 km SE of Loma Linda, CA",earthquake,0.1,0.34,0.15273282076317,264.0,reviewed,ci,ci,Global
2026-05-09T01:26:56.595Z,24.1702,125.2755,35.0,4.4,mb,37,132,2.087,1.4,us,us6000swe6,2026-05-09T02:02:14.040Z,"68 km S of Miyakojima, Japan",earthquake,12.24,1.961,0.108,25.0,reviewed,us,us,Global
2026-05-09T00:46:05.877Z,51.646,-173.8738,35.0,2.7,ml,18,283,0.591,0.63,us,us6000sx16,2026-05-12T03:29:42.040Z,"65 km SSE of Atka, Alaska",earthquake,3.67,2.026,0.128,8.0,reviewed,us,us,Global
2026-05-09T00:39:34.660Z,57.7211,-142.8631,10.0,2.8,ml,29,209,2.356,0.65,us,us6000swe1,2026-05-11T22:17:26.939Z,"272 km SW of Yakutat, Alaska",earthquake,4.52,1.988,0.044,68.0,reviewed,us,us,Global
2026-05-09T00:10:26.670Z,-2.1622,139.0989,10.0,4.6,mb,32,74,1.641,0.67,us,us6000swe0,2026-05-09T00:34:30.040Z,"177 km WNW of Abepura, Indonesia",earthquake,8.98,1.874,0.085,42.0,reviewed,us,us,Global
2026-05-08T23:51:48.412Z,-7.6081,117.3191,312.092,4.2,mb,39,62,3.251,0.85,us,us6000swdw,2026-05-09T01:22:53.040Z,"90 km NNW of Pototano, Indonesia",earthquake,9.78,6.992,0.092,33.0,reviewed,us,us,Global
2026-05-08T23:28:44.203Z,51.8498,176.2052,22.584,3.0,ml,11,202,1.432,0.45,us,us6000sx0s,2026-05-11T21:48:05.040Z,"233 km ESE of Attu Station, Alaska",earthquake,9.26,9.839,0.105,12.0,reviewed,us,us,Global
2026-05-08T21:19:34.572Z,-22.6969,-70.5319,37.429,4.4,mwr,21,148,0.813,0.9,us,us6000swce,2026-05-08T22:19:17.040Z,"45 km N of Mejillones, Chile",earthquake,3.62,7.993,0.055,32.0,reviewed,us,us,Global
2026-05-08T21:18:55.370Z,-2.8144,147.7297,10.0,4.9,mb,35,83,0.848,0.84,us,us6000swcg,2026-05-08T21:53:11.040Z,"100 km SSE of Lorengau, Papua New Guinea",earthquake,3.78,1.9,0.097,33.0,reviewed,us,us,Global
2026-05-08T21:15:06.256Z,-22.9664,179.0119,573.426,4.5,mb,47,131,5.272,0.88,us,us6000swcc,2026-05-08T22:26:18.040Z,south of the Fiji Islands,earthquake,13.34,8.533,0.04,182.0,reviewed,us,us,Global
2026-05-08T20:45:28.523Z,51.412,178.767,39.1,2.5,ml,8,251,0.3,0.5,ak,aka2026jcehrh,2026-05-11T20:00:38.325Z,"Rat Islands, Aleutian Islands, Alaska",earthquake,12.5,5.5227,0.1,6.0,reviewed,ak,ak,Global
2026-05-08T20:25:06.933Z,50.737,173.877,20.0,3.7,ml,11,348,3.1,0.4,ak,aka2026jcdrcz,2026-05-11T20:02:01.321Z,"239 km S of Attu Station, Alaska",earthquake,31.7,0.0,0.1,9.0,reviewed,ak,ak,Global
2026-05-08T20:04:25.140Z,62.261,-148.181,28.1,2.8,ml,111,25,0.5,0.8,ak,aka2026jccyme,2026-05-11T19:53:28.406Z,"53 km NNE of Chickaloon, Alaska",earthquake,1.5,1.688,0.2,83.0,reviewed,ak,ak,Global
2026-05-08T20:03:25.803Z,51.0534,179.4162,37.027,4.7,mb,101,181,0.333,0.96,us,us6000swbu,2026-05-08T20:27:38.977Z,"289 km WSW of Adak, Alaska",earthquake,6.43,7.642,0.039,201.0,reviewed,us,us,Global
2026-05-08T19:30:15.678Z,67.13,-147.628,1.6,2.5,ml,32,82,1.0,0.7,ak,aka2026jcbuwm,2026-05-11T19:44:01.624Z,"54 km WNW of Venetie, Alaska",earthquake,3.2,2.7186,0.2,25.0,reviewed,ak,ak,Global
2026-05-08T19:26:39.259Z,24.6405,122.0113,70.384,4.2,mwr,78,45,0.573,0.51,us,us6000swbi,2026-05-08T21:08:22.040Z,"29 km ESE of Yilan, Taiwan",earthquake,4.0,4.722,0.073,18.0,reviewed,us,us,Global
2026-05-08T19:00:58.828Z,53.594,-162.884,12.5,2.8,ml,35,242,1.2,0.6,ak,aka2026jcavbc,2026-05-11T19:38:37.153Z,"144 km SSE of False Pass, Alaska",earthquake,7.2,7.2424,0.1,27.0,reviewed,ak,ak,Global
2026-05-08T18:57:38.065Z,39.2916,-119.0761,10.0,3.1,ml,20,80,0.332,0.62,us,us6000swb5,2026-05-09T19:29:20.016Z,"18 km SE of Silver Springs, Nevada",earthquake,1.75,2.01,0.059,38.0,reviewed,us,us,Global
2026-05-08T18:57:22.926Z,39.2692,-119.0909,8.5861,2.83,ml,10,87,0.043,0.166,nn,nn00918069,2026-05-09T19:08:37.540Z,"19 km SE of Silver Springs, Nevada",earthquake,,2.1893,0.37,5.0,reviewed,nn,nn,Global
2026-05-08T18:37:11.693Z,54.5056,-164.9334,113.536,4.3,mb,51,138,0.123,0.63,us,us6000sway,2026-05-08T23:27:18.422Z,"68 km NE of Akutan, Alaska",earthquake,7.24,5.293,0.07,57.0,reviewed,us,us,Global
2026-05-08T18:31:21.403Z,54.593,-160.016,3.9,3.2,ml,26,229,1.2,0.5,ak,aka2026jbzvzt,2026-05-11T19:22:45.896Z,"88 km SSE of Sand Point, Alaska",earthquake,6.9,4.9235,0.1,20.0,reviewed,ak,ak,Global
2026-05-08T17:54:47.691Z,-36.6479,176.935,10.0,4.7,mb,17,207,1.574,0.73,us,us6000sxeq,2026-05-13T12:14:14.040Z,"103 km ENE of Pauanui, New Zealand",earthquake,7.98,1.958,0.166,11.0,reviewed,us,us,Global
2026-05-08T17:50:14.413Z,-4.6052,-77.9947,37.84,4.3,mb,29,125,2.319,0.48,us,us6000swaq,2026-05-08T18:49:23.040Z,"120 km SE of Yantzaza, Ecuador",earthquake,8.76,6.292,0.119,20.0,reviewed,us,us,Global
2026-05-08T17:44:03.411Z,16.7822,-94.8051,116.786,4.4,mb,24,182,2.607,0.62,us,us6000swan,2026-05-08T17:57:46.040Z,"8 km NE of Lázaro Cárdenas, Mexico",earthquake,8.17,13.771,0.072,56.0,reviewed,us,us,Global
2026-05-08T17:14:38.393Z,-15.1037,-75.8215,10.0,4.8,mb,34,143,3.253,0.86,us,us6000swai,2026-05-08T17:55:56.545Z,"76 km WNW of San Juan, Peru",earthquake,11.06,1.923,0.055,102.0,reviewed,us,us,Global
2026-05-08T17:10:18.808Z,39.9216,143.2621,35.0,4.6,mb,59,136,1.89,0.59,us,us6000swak,2026-05-08T17:37:27.040Z,"117 km ENE of Miyako, Japan",earthquake,8.35,1.927,0.068,65.0,reviewed,us,us,Global
2026-05-08T16:24:40.790Z,54.2395,-161.7696,10.0,2.9,ml,22,222,0.801,0.45,us,us6000swdn,2026-05-10T20:09:52.040Z,"98 km SSE of King Cove, Alaska",earthquake,3.32,1.646,0.077,22.0,reviewed,us,us,Global
2026-05-08T16:18:00.503Z,54.2913,-159.9338,35.0,2.9,ml,28,219,1.412,0.94,us,us6000swdk,2026-05-10T20:07:04.040Z,"121 km SSE of Sand Point, Alaska",earthquake,6.41,2.019,0.077,22.0,reviewed,us,us,Global
2026-05-08T16:11:33.102Z,11.0397,126.1142,15.046,4.3,mb,19,138,28.955,0.54,us,us6000sy0q,2026-05-16T20:08:57.040Z,"33 km ENE of Sulangan, Philippines",earthquake,12.46,4.731,0.169,12.0,reviewed,us,us,Global
2026-05-08T15:58:01.313Z,-24.8692,179.9504,506.339,4.1,mb,21,194,7.306,0.65,us,us6000sy0p,2026-05-16T19:49:42.040Z,south of the Fiji Islands,earthquake,11.15,14.757,0.174,15.0,reviewed,us,us,Global
2026-05-08T15:19:33.259Z,60.6301,-139.855,5.0,2.6,ml,15,118,0.598,1.01,us,us6000sw9m,2026-05-08T22:55:49.614Z,"120 km N of Yakutat, Alaska",earthquake,4.24,1.37,0.064,32.0,reviewed,us,us,Global
2026-05-08T14:03:36.013Z,-17.3853,-178.471,562.332,4.2,mb,18,117,3.335,0.55,us,us6000sy0f,2026-05-16T19:22:15.040Z,"246 km ENE of Levuka, Fiji",earthquake,13.14,11.402,0.141,16.0,reviewed,us,us,Global
2026-05-08T13:51:25.626Z,-2.9775,148.0542,10.0,4.4,mb,13,99,1.155,0.88,us,us6000sy0d,2026-05-16T19:07:58.040Z,"135 km SE of Lorengau, Papua New Guinea",earthquake,7.94,1.866,0.19,9.0,reviewed,us,us,Global
2026-05-08T13:48:11.686Z,-3.0807,147.8968,10.0,4.4,mb,14,80,1.159,1.45,us,us6000sy09,2026-05-16T18:59:50.040Z,"135 km SSE of Lorengau, Papua New Guinea",earthquake,7.82,1.934,0.19,8.0,reviewed,us,us,Global
2026-05-08T13:43:54.507Z,-2.9893,147.9086,10.0,4.5,mb,12,98,1.085,1.01,us,us6000sy0e,2026-05-16T18:52:00.040Z,"127 km SE of Lorengau, Papua New Guinea",earthquake,7.82,1.907,0.222,6.0,reviewed,us,us,Global
2026-05-08T13:31:24.414Z,-2.9759,147.5175,10.0,4.5,mb,17,149,0.939,1.08,us,us6000swa1,2026-05-16T18:37:01.040Z,"107 km SSE of Lorengau, Papua New Guinea",earthquake,9.62,1.918,0.156,12.0,reviewed,us,us,Global
2026-05-08T13:02:54.602Z,-2.8659,148.0876,10.0,4.3,mb,17,101,1.09,1.06,us,us6000sw9z,2026-05-16T17:37:39.040Z,"129 km SE of Lorengau, Papua New Guinea",earthquake,7.01,1.809,0.218,9.0,reviewed,us,us,Global
2026-05-08T12:53:00.180Z,33.999666666667,-117.2165,5.4,3.13,ml,125,15,0.06356,0.17,ci,ci41458472,2026-05-09T13:25:46.681Z,"7 km SE of Loma Linda, CA",earthquake,0.1,0.3,0.15677339317979,327.0,reviewed,ci,ci,Global
2026-05-08T12:43:01.028Z,51.247,-177.021,26.0,2.6,ml,26,226,0.5,0.4,ak,aka2026jboftp,2026-05-08T23:14:20.182Z,"74 km SSW of Adak, Alaska",earthquake,7.6,3.548,0.1,18.0,reviewed,ak,ak,Global
2026-05-08T12:38:37.970Z,-2.9327,147.7874,10.0,4.9,mb,17,153,0.979,1.15,us,us6000sw71,2026-05-08T13:05:27.040Z,"114 km SSE of Lorengau, Papua New Guinea",earthquake,5.76,1.899,0.125,20.0,reviewed,us,us,Global
2026-05-08T12:24:32.698Z,44.0409,-114.4537,7.098,2.6,ml,44,48,0.291,0.85,us,us6000sw6w,2026-05-09T13:04:48.040Z,"24 km S of Clayton, Idaho",earthquake,2.01,4.881,0.038,92.0,reviewed,us,us,Global
2026-05-08T12:23:41.880Z,19.119666666667,-66.792166666667,22.6,2.91,md,18,273,0.6859,0.34,pr,pr71516183,2026-05-08T14:51:36.060Z,"70 km N of Hatillo, Puerto Rico",earthquake,1.23,22.66,0.077611394880638,15.0,reviewed,pr,pr,Global
2026-05-08T12:22:31.861Z,-2.9127,147.7321,10.0,5.6,mww,68,54,0.938,0.75,us,us6000sw6y,2026-05-09T12:50:04.932Z,"109 km SSE of Lorengau, Papua New Guinea",earthquake,6.21,1.867,0.083,14.0,reviewed,us,us,Global
2026-05-08T12:15:04.960Z,39.801333333333,-123.1985,6.37,3.22,ml,117,23,0.1738,0.25,nc,nc75357091,2026-05-08T18:54:34.525Z,"4 km ENE of Covelo, CA",earthquake,0.15,0.44,0.261,91.0,reviewed,nc,nc,Global
2026-05-08T12:13:21.448Z,-3.0594,147.7629,10.0,4.6,mb,49,149,1.084,0.78,us,us6000sw6x,2026-05-09T12:57:51.040Z,"125 km SSE of Lorengau, Papua New Guinea",earthquake,8.58,1.883,0.073,56.0,reviewed,us,us,Global
2026-05-08T12:13:03.850Z,18.994,-67.354166666667,20.8,3.17,md,14,287,0.5721,0.32,pr,pr71516168,2026-05-09T12:42:55.040Z,"61 km NNW of San Antonio, Puerto Rico",earthquake,1.42,23.08,0.10527527336876,6.0,reviewed,pr,pr,Global
2026-05-08T12:06:02.939Z,-2.8549,147.8959,10.0,4.7,mb,36,58,0.964,1.28,us,us6000sw6v,2026-05-08T12:28:18.040Z,"114 km SE of Lorengau, Papua New Guinea",earthquake,6.44,1.875,0.097,32.0,reviewed,us,us,Global
2026-05-08T11:38:55.907Z,46.8298,92.8746,10.0,4.7,mb,63,67,7.264,0.65,us,us6000sw6q,2026-05-08T13:44:08.023Z,"160 km SE of Khovd, Mongolia",earthquake,8.66,1.87,0.053,106.0,reviewed,us,us,Global
2026-05-08T09:50:28.185Z,50.1822,-178.5464,10.0,2.9,ml,29,260,1.383,0.74,us,us6000swdd,2026-05-11T10:48:20.040Z,"231 km SW of Adak, Alaska",earthquake,6.7,2.02,0.091,16.0,reviewed,us,us,Global
2026-05-08T09:32:03.492Z,-3.0223,147.9244,10.0,4.6,mb,31,72,1.121,0.44,us,us6000sw9y,2026-05-11T10:00:07.040Z,"131 km SSE of Lorengau, Papua New Guinea",earthquake,7.38,1.903,0.104,28.0,reviewed,us,us,Global
2026-05-08T08:16:49.060Z,44.7426,-112.4016,10.711,2.8,ml,57,34,0.149,0.6,us,us6000sw5x,2026-05-17T07:02:50.040Z,"19 km NE of Lima, Montana",earthquake,1.44,8.128,0.036,100.0,reviewed,us,us,Global
2026-05-08T07:17:42.791Z,-43.391,91.5605,10.0,5.9,mww,90,61,15.871,0.77,us,us6000sw5q,2026-05-17T07:07:06.896Z,southeast Indian Ridge,earthquake,10.45,1.8,0.061,26.0,reviewed,us,us,Global
2026-05-08T06:30:56.566Z,52.474,-169.126,32.3,2.8,ml,27,257,0.5,0.9,ak,aka2026jbbvrd,2026-05-08T21:15:56.862Z,"54 km SSW of Nikolski, Alaska",earthquake,8.8,6.7442,0.1,21.0,reviewed,ak,ak,Global
2026-05-08T06:23:46.038Z,60.181,-153.177,145.1,3.5,ml,250,32,0.1,0.9,ak,aka2026jbboyp,2026-05-08T19:07:11.263Z,"63 km E of Port Alsworth, Alaska",earthquake,2.1,1.0298,0.2,146.0,reviewed,ak,ak,Global
2026-05-08T06:18:30.570Z,18.198,-67.836666666667,78.1,3.29,md,29,188,0.387,0.23,pr,pr71516138,2026-05-08T10:30:16.040Z,"63 km WSW of Stella, Puerto Rico",earthquake,1.33,0.75,0.068484884642732,6.0,reviewed,pr,pr,Global
2026-05-08T05:09:56.209Z,53.8368,-163.9254,10.0,2.6,ml,27,221,0.746,0.46,us,us6000sw54,2026-05-08T10:41:07.040Z,"118 km SSW of False Pass, Alaska",earthquake,1.47,1.951,0.097,14.0,reviewed,us,us,Global
2026-05-08T03:53:33.514Z,10.2011,91.4667,10.0,4.6,mb,53,134,8.184,0.77,us,us6000sw5i,2026-05-14T00:01:19.040Z,"214 km SW of Port Blair, India",earthquake,11.22,1.89,0.083,43.0,reviewed,us,us,Global
2026-05-08T03:47:23.753Z,38.3798,44.9692,10.0,4.4,mb,50,87,1.504,1.08,us,us6000sw49,2026-05-08T04:41:34.040Z,"18 km S of Khowy, Iran",earthquake,3.08,1.892,0.083,42.0,reviewed,us,us,Global
2026-05-08T03:39:30.083Z,6.5836,-82.2847,10.0,4.8,mww,37,154,2.826,1.04,us,us6000sw44,2026-05-08T03:52:41.040Z,"163 km SW of Río Grande, Panama",earthquake,7.87,1.946,0.089,12.0,reviewed,us,us,Global
2026-05-08T03:36:10.625Z,34.9763,138.0748,27.873,4.4,mb,36,143,0.86,0.69,us,us6000sw45,2026-05-11T05:43:31.493Z,"17 km NNW of Kanaya, Japan",earthquake,6.08,3.852,0.114,22.0,reviewed,us,us,Global
2026-05-08T03:22:53.929Z,49.9047,155.9402,61.13,4.4,mb,61,166,3.391,0.81,us,us6000sw41,2026-05-08T04:26:11.040Z,"86 km S of Severo-Kuril’sk, Russia",earthquake,12.69,9.63,0.073,54.0,reviewed,us,us,Global
2026-05-08T02:32:02.840Z,38.4472,-116.5086,5.8282,2.52,ml,6,186,0.221,0.1021,nn,nn00918033,2026-05-08T16:13:11.444Z,"75 km ENE of Tonopah, Nevada",earthquake,,5.1107,0.0,1.0,reviewed,nn,nn,Global
2026-05-08T01:29:17.864Z,-23.7788,-66.5836,197.525,4.8,mww,79,48,1.681,1.21,us,us6000sw3f,2026-05-08T01:46:59.040Z,"55 km NNW of San Antonio de los Cobres, Argentina",earthquake,6.49,5.745,0.078,16.0,reviewed,us,us,Global
2026-05-08T00:54:22.326Z,50.837,-179.286,10.9,2.7,ml,18,242,1.0,0.4,ak,aka2026jaqpnb,2026-05-08T05:27:47.603Z,"217 km WSW of Adak, Alaska",earthquake,8.8,6.1141,0.1,12.0,reviewed,ak,ak,Global
2026-05-08T00:29:18.433Z,51.8644,178.2712,133.286,3.2,ml,17,163,0.195,0.59,us,us6000sw4y,2026-05-09T01:44:08.040Z,"Rat Islands, Aleutian Islands, Alaska",earthquake,9.14,6.352,0.085,18.0,reviewed,us,us,Global
2026-05-07T23:59:24.614Z,60.4392,-140.0489,5.0,2.5,ml,14,147,0.609,1.23,us,us6000sw2t,2026-05-12T06:21:19.253Z,"101 km N of Yakutat, Alaska",earthquake,4.23,1.979,0.046,62.0,reviewed,us,us,Global
2026-05-07T23:31:16.196Z,37.6229,141.4443,65.208,4.7,mww,71,139,2.803,0.53,us,us6000sw2r,2026-05-08T01:10:21.040Z,"41 km E of Minami-Sōma, Japan",earthquake,9.69,7.216,0.086,13.0,reviewed,us,us,Global
2026-05-07T22:26:10.092Z,52.537,-169.39,5.0,2.5,ml,14,257,0.3,0.6,ak,aka2026jalqvr,2026-05-12T04:37:35.115Z,"57 km SW of Nikolski, Alaska",earthquake,11.3,0.0,0.1,10.0,reviewed,ak,ak,Global
2026-05-07T22:23:30.490Z,18.877333333333,-67.340166666667,14.5,3.27,md,12,226,0.4619,0.11,pr,pr71516128,2026-05-07T22:42:04.450Z,"49 km NNW of San Antonio, Puerto Rico",earthquake,0.67,0.87,0.074856345082299,5.0,reviewed,pr,pr,Global
2026-05-07T20:57:34.420Z,24.1692,121.8825,28.824,4.3,mwr,64,75,0.263,0.66,us,us6000sw1q,2026-05-07T21:41:24.040Z,"35 km NE of Hualien City, Taiwan",earthquake,4.6,4.982,0.06,27.0,reviewed,us,us,Global
2026-05-07T20:45:27.927Z,6.1472,126.9958,209.203,4.3,mb,78,118,1.679,0.53,us,us6000sw1m,2026-05-11T15:54:51.040Z,"93 km ESE of Pondaguitan, Philippines",earthquake,12.56,5.884,0.064,70.0,reviewed,us,us,Global
2026-05-07T18:50:02.354Z,36.3135,140.047,78.805,4.6,mb,127,103,1.5,0.79,us,us6000sw0d,2026-05-14T15:56:57.625Z,"5 km E of Chikusei, Japan",earthquake,8.54,6.132,0.052,109.0,reviewed,us,us,Global
2026-05-07T18:17:31.790Z,39.795166666667,-123.197,7.91,2.71,md,49,34,0.1329,0.12,nc,nc75359492,2026-05-16T01:32:24.723Z,"4 km E of Covelo, CA",earthquake,0.16,0.39,0.12,48.0,reviewed,nc,nc,Global
2026-05-07T17:46:00.480Z,19.173333333333,-155.48566666667,35.51,2.54,ml,50,93,0.02852,0.12,hv,hv74955172,2026-05-07T19:05:30.040Z,"3 km SSW of Pāhala, Hawaii",earthquake,0.41,0.49,0.19150042858715,39.0,reviewed,hv,hv,Global
2026-05-07T17:44:50.866Z,51.047,-178.171,15.1,2.5,ml,21,228,0.6,0.6,ak,aka2026jacgwe,2026-05-11T22:56:39.724Z,"140 km SW of Adak, Alaska",earthquake,6.4,5.7446,0.1,12.0,reviewed,ak,ak,Global
2026-05-07T17:44:24.086Z,36.9854,-104.9295,8.696,4.0,mwr,27,79,0.18,0.53,us,us6000svzn,2026-05-16T17:54:37.638Z,"17 km SSW of Weston, Colorado",earthquake,2.75,8.49,0.048,42.0,reviewed,us,us,Global
2026-05-07T16:54:03.761Z,7.4632,-34.6257,10.0,4.7,mb,33,131,13.126,0.64,us,us6000svzd,2026-05-15T14:59:23.040Z,central Mid-Atlantic Ridge,earthquake,12.61,1.908,0.07,64.0,reviewed,us,us,Global
2026-05-07T16:45:06.884Z,61.0546,-140.081,5.0,2.8,ml,22,111,0.507,1.3,us,us6000svza,2026-05-11T22:02:23.086Z,"158 km ESE of McCarthy, Alaska",earthquake,2.44,1.995,0.051,50.0,reviewed,us,us,Global
2026-05-07T16:41:05.953Z,51.0775,-178.1796,35.0,2.5,ml,16,225,0.621,0.29,us,us6000sx11,2026-05-15T14:56:13.040Z,"139 km SW of Adak, Alaska",earthquake,3.13,2.001,0.097,14.0,reviewed,us,us,Global
2026-05-07T16:37:46.210Z,35.067833333333,-116.98383333333,1.69,3.12,ml,38,39,0.1927,0.12,ci,ci41243583,2026-05-15T14:51:42.040Z,"19 km N of Barstow, CA",earthquake,0.13,0.62,0.15925357727189,157.0,reviewed,ci,ci,Global
2026-05-07T16:21:27.052Z,50.871,-179.309,2.7,2.7,ml,18,240,0.8,0.5,ak,aka2026izzmpj,2026-05-11T21:57:38.352Z,"217 km WSW of Adak, Alaska",earthquake,7.4,3.0891,0.1,13.0,reviewed,ak,ak,Global
2026-05-07T15:54:27.358Z,51.301,-176.704,20.3,2.6,ml,21,223,0.6,0.5,ak,aka2026izypeh,2026-05-11T21:53:45.619Z,"63 km S of Adak, Alaska",earthquake,8.5,5.6247,0.1,14.0,reviewed,ak,ak,Global
2026-05-07T15:10:34.717Z,51.072,-176.39,20.6,2.6,ml,17,247,0.8,0.4,ak,aka2026izxdbj,2026-05-11T21:50:39.484Z,"90 km S of Adak, Alaska",earthquake,12.1,8.8878,0.2,13.0,reviewed,ak,ak,Global
2026-05-07T15:09:34.867Z,60.605,-150.722,56.3,2.5,ml,93,53,0.3,0.8,ak,aka2026izxcgu,2026-05-11T21:47:33.075Z,"7 km NNE of Sterling, Alaska",earthquake,2.1,2.3051,0.2,54.0,reviewed,ak,ak,Global
2026-05-07T15:02:05.670Z,51.5155,179.5608,72.765,3.7,ml,30,142,0.212,0.32,us,us6000sw09,2026-05-10T20:01:59.040Z,"266 km W of Adak, Alaska",earthquake,9.49,11.429,0.085,18.0,reviewed,us,us,Global
2026-05-07T14:23:37.811Z,51.5111,-177.4676,42.847,2.6,ml,21,197,0.29,0.78,us,us6000sx0m,2026-05-15T14:40:56.040Z,"70 km SW of Adak, Alaska",earthquake,4.02,10.682,0.097,14.0,reviewed,us,us,Global
2026-05-07T13:57:40.198Z,-13.775,174.9824,10.0,4.6,mb,35,83,4.931,0.72,us,us6000sxdv,2026-05-15T14:17:31.040Z,Fiji region,earthquake,6.18,1.87,0.105,27.0,reviewed,us,us,Global
2026-05-07T13:50:47.488Z,52.119,-173.7987,85.383,2.8,ml,15,193,0.241,0.62,us,us6000sx03,2026-05-15T14:02:19.040Z,"28 km ESE of Atka, Alaska",earthquake,23.02,17.163,0.115,10.0,reviewed,us,us,Global
2026-05-07T13:45:54.915Z,-24.2872,-67.3112,195.981,4.0,mb,20,85,1.549,1.12,us,us6000svx6,2026-05-15T14:07:07.040Z,"101 km W of San Antonio de los Cobres, Argentina",earthquake,10.62,9.47,0.259,5.0,reviewed,us,us,Global
2026-05-07T13:33:07.722Z,50.6805,-172.9344,10.0,3.2,ml,20,224,1.716,0.62,us,us6000swzz,2026-05-15T13:57:59.040Z,"190 km SSE of Atka, Alaska",earthquake,4.77,1.975,0.091,16.0,reviewed,us,us,Global
2026-05-07T12:00:01.351Z,65.096,-150.147,24.8,2.7,ml,46,31,0.3,0.6,ak,aka2026izqtxn,2026-05-11T19:13:18.292Z,"25 km ENE of Manley Hot Springs, Alaska",earthquake,3.1,2.2646,0.1,32.0,reviewed,ak,ak,Global
2026-05-07T11:48:41.636Z,-17.9613,-178.0277,586.653,5.1,mb,60,94,3.634,1.08,us,us6000svwn,2026-05-07T12:03:09.040Z,"281 km E of Levuka, Fiji",earthquake,11.65,9.074,0.074,60.0,reviewed,us,us,Global
2026-05-07T11:42:07.095Z,51.192,-174.983,9.3,3.2,ml,22,253,1.0,0.6,ak,aka2026izqeiz,2026-05-11T18:55:22.553Z,"124 km SSW of Atka, Alaska",earthquake,6.8,2.8878,0.1,15.0,reviewed,ak,ak,Global
2026-05-07T11:32:01.976Z,51.8366,158.6642,87.869,4.5,mb,46,138,1.404,0.84,us,us6000svwk,2026-05-08T06:34:22.040Z,"123 km S of Vilyuchinsk, Russia",earthquake,10.84,7.361,0.061,78.0,reviewed,us,us,Global
2026-05-07T09:54:40.440Z,38.739833333333,-122.706,2.06,2.56,md,115,17,0.004435,0.1,nc,nc75358892,2026-05-15T20:52:21.828Z,"4 km SSW of Anderson Springs, CA",earthquake,0.1,0.22,0.213,84.0,reviewed,nc,nc,Global
2026-05-07T09:42:43.400Z,38.791333333333,-122.77716666667,3.68,4.42,mw,121,16,0.008602,0.09,nc,nc75358752,2026-05-17T09:52:55.584Z,"2 km NW of The Geysers, CA",earthquake,0.1,0.16,,13.0,reviewed,nc,nc,Global
2026-05-07T09:34:11.984Z,50.436,-179.746,6.8,3.2,ml,26,264,1.1,0.8,ak,aka2026izlxmv,2026-05-11T18:18:58.132Z,"270 km SW of Adak, Alaska",earthquake,7.0,3.4563,0.2,19.0,reviewed,ak,ak,Global
2026-05-07T09:27:16.499Z,61.301,-150.583,67.6,2.5,ml,96,23,0.2,0.7,ak,aka2026izlrmd,2026-05-11T18:16:56.792Z,"27 km S of Susitna, Alaska",earthquake,2.1,1.9246,0.2,60.0,reviewed,ak,ak,Global
2026-05-07T08:53:27.146Z,-27.348,-176.655,35.0,5.4,mww,49,81,2.199,0.85,us,us6000svw1,2026-05-17T10:56:18.170Z,Kermadec Islands region,earthquake,12.28,1.909,0.071,19.0,reviewed,us,us,Global
2026-05-07T08:25:26.730Z,17.866666666667,-66.879833333333,10.43,2.64,md,27,209,0.1078,0.33,pr,pr71516033,2026-05-16T10:42:13.040Z,"11 km SSE of Guánica, Puerto Rico",earthquake,0.51,0.6,0.1387421674717,5.0,reviewed,pr,pr,Global
2026-05-07T08:13:51.506Z,14.1976,-93.0468,10.0,4.7,mb,57,176,2.25,0.58,us,us6000svvr,2026-05-16T10:38:13.040Z,"88 km SW of Puerto Madero, Mexico",earthquake,5.18,1.895,0.029,370.0,reviewed,us,us,Global
2026-05-07T08:09:36.883Z,53.053,-166.89,14.2,2.5,ml,16,224,0.7,0.4,ak,aka2026izjcfd,2026-05-11T18:06:50.478Z,"94 km SSW of Unalaska, Alaska",earthquake,9.8,3.7266,0.1,13.0,reviewed,ak,ak,Global
2026-05-07T08:00:59.464Z,53.898,-164.581,21.7,2.5,ml,35,205,0.6,0.6,ak,aka2026iziuqq,2026-05-11T17:57:13.528Z,"82 km ESE of Akutan, Alaska",earthquake,7.9,4.0355,0.1,24.0,reviewed,ak,ak,Global
2026-05-07T07:41:07.605Z,52.895,-167.853,34.3,2.5,ml,18,217,0.5,0.6,ak,aka2026izidmr,2026-05-09T03:56:10.608Z,"68 km E of Nikolski, Alaska",earthquake,14.1,7.8491,0.3,13.0,reviewed,ak,ak,Global
2026-05-07T07:20:21.480Z,52.9493,-167.8918,35.0,3.2,ml,22,209,0.439,0.66,us,us6000swev,2026-05-16T09:28:30.040Z,"65 km E of Nikolski, Alaska",earthquake,2.63,1.999,0.091,16.0,reviewed,us,us,Global
2026-05-07T06:39:17.954Z,29.2749,129.4094,10.0,4.7,mb,46,110,2.402,0.91,us,us6000svvf,2026-05-16T09:19:59.040Z,"93 km NNW of Tatsugō, Japan",earthquake,7.73,1.849,0.069,63.0,reviewed,us,us,Global
2026-05-07T06:11:03.935Z,51.8179,-173.0557,35.0,3.0,ml,14,210,0.79,0.41,us,us6000swer,2026-05-16T09:13:20.040Z,"89 km ESE of Atka, Alaska",earthquake,6.81,2.015,0.128,8.0,reviewed,us,us,Global
2026-05-07T05:57:03.500Z,-32.4614,-178.4192,31.338,4.4,mb,14,172,3.234,0.48,us,us6000sxdq,2026-05-16T09:05:01.040Z,south of the Kermadec Islands,earthquake,7.31,8.274,0.17,10.0,reviewed,us,us,Global
2026-05-07T05:20:07.800Z,48.5305,-121.80783333333,4.69,2.54,ml,23,47,0.04546,0.14,uw,uw62242697,2026-05-16T06:49:45.040Z,"4 km WSW of Concrete, Washington",earthquake,0.23,0.78,0.21043346821631,44.0,reviewed,uw,uw,Global
2026-05-07T04:15:27.621Z,51.4451,159.8895,35.0,4.5,mb,41,124,2.141,0.55,us,us6000svuv,2026-05-14T00:17:00.040Z,"194 km SSE of Vilyuchinsk, Russia",earthquake,8.83,1.935,0.091,35.0,reviewed,us,us,Global
2026-05-07T03:56:31.360Z,38.791833333333,-122.71716666667,2.5,2.96,md,126,20,0.0006675,0.13,nc,nc75358597,2026-05-15T16:42:22.197Z,"3 km NW of Anderson Springs, CA",earthquake,0.12,0.21,0.211,96.0,reviewed,nc,nc,Global
2026-05-07T03:48:23.147Z,-5.9976,105.586,107.097,4.4,mb,22,126,2.514,1.11,us,us6000svup,2026-05-14T01:07:57.040Z,"50 km NNW of Labuan, Indonesia",earthquake,7.16,8.505,0.138,15.0,reviewed,us,us,Global
2026-05-07T03:10:57.410Z,66.846,-163.46,2.1,2.8,ml,17,131,1.2,0.5,ak,aka2026iyzdnk,2026-05-14T01:14:06.040Z,"38 km W of Kotzebue, Alaska",earthquake,6.0,4.4527,0.1,16.0,reviewed,ak,ak,Global
2026-05-07T03:07:31.237Z,50.0823,179.36,10.0,3.1,ml,19,284,1.298,0.78,us,us6000swee,2026-05-14T01:17:30.040Z,"Rat Islands, Aleutian Islands, Alaska",earthquake,5.99,2.024,0.091,16.0,reviewed,us,us,Global
2026-05-07T02:30:11.629Z,-27.4584,82.1869,10.0,4.6,mb,23,130,38.361,0.52,us,us6000sxdj,2026-05-14T01:37:52.040Z,South Indian Ocean,earthquake,10.56,1.914,0.129,18.0,reviewed,us,us,Global
2026-05-07T01:23:05.220Z,-5.7445,154.2368,142.299,5.1,mww,46,87,2.578,1.03,us,us6000svu7,2026-05-07T01:42:11.040Z,"151 km WNW of Panguna, Papua New Guinea",earthquake,10.86,6.892,0.08,15.0,reviewed,us,us,Global
2026-05-07T01:18:43.400Z,18.4383,-64.7433,101.0,3.46,md,17,184,0.1268,0.08,pr,pr2026127001,2026-05-14T01:26:30.040Z,"12 km NNE of Cruz Bay, U.S. Virgin Islands",earthquake,8.95,0.84,0.11,13.0,reviewed,pr,pr,Global
2026-05-07T01:06:57.489Z,-18.7721,-175.4188,217.623,4.5,mb,36,85,5.14,0.85,us,us6000svu2,2026-05-14T01:44:44.040Z,"151 km W of Neiafu, Tonga",earthquake,11.74,7.057,0.079,47.0,reviewed,us,us,Global
2026-05-07T00:48:23.134Z,54.512,-160.237,5.0,2.8,ml,30,209,1.1,0.6,ak,aka2026iyujoh,2026-05-08T23:24:27.795Z,"93 km S of Sand Point, Alaska",earthquake,6.1,0.0,0.2,25.0,reviewed,ak,ak,Global
2026-05-07T00:35:48.500Z,19.2575,-64.8158,18.0,3.57,md,12,267,0.8713,0.34,pr,pr2026127000,2026-05-07T21:17:03.040Z,"102 km N of Charlotte Amalie, U.S. Virgin Islands",earthquake,3.78,7.37,0.27,5.0,reviewed,pr,pr,Global
2026-05-06T23:03:52.685Z,62.115,-148.382,18.0,2.8,ml,121,19,0.3,0.9,ak,aka2026iyqwyh,2026-05-12T18:25:19.593Z,"35 km N of Chickaloon, Alaska",earthquake,1.6,1.717,0.2,84.0,reviewed,ak,ak,Global
2026-05-06T23:02:20.933Z,-21.1542,-68.9134,124.772,4.3,mb,23,58,0.547,0.79,us,us6000svti,2026-05-06T23:13:46.040Z,"68 km W of Ollagüe, Chile",earthquake,4.78,6.579,0.142,14.0,reviewed,us,us,Global
2026-05-06T22:06:49.650Z,-2.285,-79.1567,95.279,4.6,mb,53,103,0.206,0.81,us,us6000svsx,2026-05-14T22:43:27.040Z,"25 km NE of La Troncal, Ecuador",earthquake,4.84,4.326,0.053,108.0,reviewed,us,us,Global
2026-05-06T21:34:16.090Z,17.99,-65.59,7.9,2.93,md,18,162,0.2076,0.34,pr,pr71515983,2026-05-07T02:02:33.040Z,"17 km SW of Esperanza, Puerto Rico",earthquake,0.66,1.36,0.17253017626419,12.0,reviewed,pr,pr,Global
2026-05-06T21:17:07.426Z,-17.4137,-178.9805,576.541,4.6,mb,23,193,2.849,0.99,us,us6000sxq3,2026-05-14T22:33:56.040Z,"194 km ENE of Levuka, Fiji",earthquake,15.44,9.444,0.125,19.0,reviewed,us,us,Global
2026-05-06T21:03:51.825Z,52.586,-169.4294,18.836,2.7,ml,14,250,0.269,0.43,us,us6000svvm,2026-05-12T18:10:18.671Z,"54 km SW of Nikolski, Alaska",earthquake,3.35,6.17,0.097,14.0,reviewed,us,us,Global
2026-05-06T21:00:40.856Z,52.2365,176.2824,10.0,4.1,mb,46,168,1.423,0.55,us,us6000sxq2,2026-05-14T22:25:05.040Z,"220 km ESE of Attu Station, Alaska",earthquake,6.19,1.946,0.094,31.0,reviewed,us,us,Global
2026-05-06T20:36:41.123Z,61.4158,-140.15,9.698,2.5,ml,25,73,0.724,0.78,us,us6000svs8,2026-05-12T17:47:46.255Z,"147 km E of McCarthy, Alaska",earthquake,2.22,7.598,0.042,74.0,reviewed,us,us,Global
2026-05-06T20:02:26.587Z,53.551,-164.564,13.8,2.5,ml,35,223,0.9,0.9,ak,aka2026iykvus,2026-05-12T17:30:07.286Z,"102 km SE of Akutan, Alaska",earthquake,5.5,3.9304,0.1,25.0,reviewed,ak,ak,Global
2026-05-06T19:49:54.950Z,40.379666666667,-125.489,10.0,2.55,md,56,265,0.8811,0.32,nc,nc75358377,2026-05-15T20:12:21.569Z,"102 km W of Petrolia, CA",earthquake,1.5,31.61,0.355,38.0,reviewed,nc,nc,Global
2026-05-06T19:19:18.002Z,-59.5458,-24.0937,10.0,4.9,mb,66,81,8.582,0.57,us,us6000svrl,2026-05-08T17:12:13.040Z,South Sandwich Islands region,earthquake,9.32,2.511,0.08,51.0,reviewed,us,us,Global
2026-05-06T19:10:12.813Z,15.6249,-95.3854,35.0,4.4,mb,82,161,5.686,1.06,us,us6000svrf,2026-05-06T21:09:28.040Z,"48 km S of Santa Gertrudis Miramar, Mexico",earthquake,13.6,1.954,0.055,94.0,reviewed,us,us,Global
2026-05-06T19:05:01.246Z,57.924,-136.679,0.9,2.7,ml,15,171,0.2,0.8,ak,aka2026iyixvk,2026-05-12T17:20:24.137Z,"26 km W of Pelican, Alaska",earthquake,5.1,4.9501,0.2,13.0,reviewed,ak,ak,Global
2026-05-06T18:55:52.399Z,32.2977,-103.737,2.9,3.0,ml,39,37,0.112,0.4,us,us6000svrb,2026-05-06T20:53:26.040Z,"32 km ENE of Malaga, New Mexico",earthquake,1.45,4.428,0.071,26.0,reviewed,us,us,Global
2026-05-06T16:52:34.970Z,18.684166666667,-66.9155,58.54,2.56,md,11,258,0.2844,0.18,pr,pr71515968,2026-05-06T17:50:43.600Z,"23 km NNE of Isabela, Puerto Rico",earthquake,0.79,1.12,0.031698605590117,4.0,reviewed,pr,pr,Global
2026-05-06T16:45:15.960Z,34.0025,-117.21133333333,4.46,3.14,ml,119,25,0.06363,0.2,ci,ci41242495,2026-05-13T14:42:29.040Z,"6 km SSW of Redlands, CA",earthquake,0.11,0.36,0.17608206422372,174.0,reviewed,ci,ci,Global
2026-05-06T16:26:44.941Z,51.517,-176.77,53.9,3.0,ml,32,203,0.4,0.6,ak,aka2026iydqor,2026-05-12T16:56:22.564Z,"40 km SSW of Adak, Alaska",earthquake,16.6,6.8466,0.2,25.0,reviewed,ak,ak,Global
2026-05-06T15:35:46.736Z,7.6333,126.7818,10.0,5.5,mww,113,69,1.318,1.25,us,us6000svp9,2026-05-07T16:08:25.589Z,"25 km ENE of Baganga, Philippines",earthquake,8.07,1.842,0.065,23.0,reviewed,us,us,Global
2026-05-06T15:17:34.286Z,28.9344,95.9538,10.0,4.5,mb,79,86,4.283,0.8,us,us6000svp7,2026-05-06T16:33:50.040Z,"111 km NNW of Hayuliang, India",earthquake,8.15,1.867,0.072,57.0,reviewed,us,us,Global
2026-05-06T14:56:40.722Z,2.4921,127.5616,83.991,4.4,mb,66,103,7.13,0.66,us,us6000svp1,2026-05-06T16:22:24.040Z,"98 km NNW of Tobelo, Indonesia",earthquake,11.3,7.114,0.07,59.0,reviewed,us,us,Global
2026-05-06T14:15:32.254Z,52.2595,176.518,10.0,5.8,mww,116,74,1.302,0.56,us,us6000svnr,2026-05-12T16:48:11.683Z,"235 km ESE of Attu Station, Alaska",earthquake,6.56,1.865,0.039,64.0,reviewed,us,us,Global
2026-05-06T14:08:09.122Z,52.174,-171.603,6.6,3.4,ml,44,206,1.2,0.6,ak,aka2026ixyyov,2026-05-06T18:26:26.748Z,"177 km E of Atka, Alaska",earthquake,16.6,3.0464,0.1,30.0,reviewed,ak,ak,Global
2026-05-06T14:08:08.962Z,52.087,-171.581,9.4,3.5,ml,36,207,1.2,0.7,ak,aka2026ixzatb,2026-05-12T16:41:30.904Z,"179 km E of Atka, Alaska",earthquake,18.4,12.4893,0.2,26.0,reviewed,ak,ak,Global
2026-05-06T14:06:37.123Z,52.2398,176.4365,10.0,4.3,mb,64,103,1.347,0.72,us,us6000svnp,2026-05-12T16:38:18.010Z,"230 km ESE of Attu Station, Alaska",earthquake,10.72,1.851,0.074,52.0,reviewed,us,us,Global
2026-05-06T13:36:23.925Z,39.2785,-119.086,8.1385,2.61,ml,25,69,0.044,0.1637,nn,nn00917901,2026-05-06T16:57:55.680Z,"19 km SE of Silver Springs, Nevada",earthquake,,1.4444,0.41,12.0,reviewed,nn,nn,Global
2026-05-06T12:55:50.757Z,-17.8553,167.2462,10.0,4.8,mb,40,134,2.395,1.42,us,us6000svnc,2026-05-06T13:30:33.040Z,"113 km W of Port-Vila, Vanuatu",earthquake,8.71,1.873,0.097,33.0,reviewed,us,us,Global
2026-05-06T12:53:39.562Z,60.048,-151.453,77.6,2.7,ml,96,57,0.4,0.8,ak,aka2026ixwnwb,2026-05-12T16:23:37.003Z,"11 km E of Ninilchik, Alaska",earthquake,2.2,1.8895,0.2,68.0,reviewed,ak,ak,Global
2026-05-06T12:26:06.655Z,53.776,-164.245,27.4,2.6,ml,33,212,0.7,0.8,ak,aka2026ixvpxq,2026-05-12T16:21:07.027Z,"108 km ESE of Akutan, Alaska",earthquake,5.7,3.2357,0.1,24.0,reviewed,ak,ak,Global
2026-05-06T11:46:48.851Z,-32.1671,-177.9339,10.0,5.6,mwb,53,62,2.913,0.65,us,us6000svmz,2026-05-12T20:46:52.537Z,south of the Kermadec Islands,earthquake,11.19,1.812,0.11,8.0,reviewed,us,us,Global
2026-05-06T11:41:34.020Z,19.657166666667,-64.4435,49.34,3.42,md,10,298,1.161,0.3,pr,pr71515933,2026-05-07T11:37:49.040Z,"151 km NNE of Cruz Bay, U.S. Virgin Islands",earthquake,4.97,18.7,0.036548238423362,4.0,reviewed,pr,pr,Global
2026-05-06T11:31:43.685Z,-30.1791,-72.2383,10.0,4.7,mwr,65,138,0.717,1.16,us,us6000svmu,2026-05-06T11:50:19.040Z,"90 km WSW of Coquimbo, Chile",earthquake,3.14,1.858,0.043,53.0,reviewed,us,us,Global
2026-05-06T11:25:51.455Z,-19.3947,-69.3584,115.479,4.3,mb,19,97,0.767,0.61,us,us6000svmt,2026-05-06T13:16:20.040Z,"11 km SE of Camiña, Chile",earthquake,5.47,5.825,0.188,8.0,reviewed,us,us,Global
2026-05-06T11:25:38.390Z,60.75,-147.267,18.7,3.1,ml,163,40,0.2,0.9,ak,aka2026ixtpnr,2026-05-12T00:16:35.410Z,"34 km WSW of Tatitlek, Alaska",earthquake,1.8,1.3351,0.2,113.0,reviewed,ak,ak,Global
2026-05-06T11:17:21.750Z,39.2704,-119.1016,9.002,2.61,ml,17,87,0.051,0.1378,nn,nn00917888,2026-05-08T11:09:14.040Z,"19 km SSE of Silver Springs, Nevada",earthquake,,1.5388,0.34,13.0,reviewed,nn,nn,Global
2026-05-06T11:15:59.110Z,-31.5835,-69.5447,123.552,4.2,mb,30,92,0.747,1.06,us,us6000svmp,2026-05-08T11:01:30.040Z,"30 km SSW of Calingasta, Argentina",earthquake,4.02,6.88,0.236,5.0,reviewed,us,us,Global
2026-05-06T11:10:22.427Z,51.321,-178.147,6.7,2.7,ml,17,236,0.5,0.3,ak,aka2026ixtcgf,2026-05-12T00:13:42.564Z,"121 km WSW of Adak, Alaska",earthquake,6.9,3.0342,0.1,12.0,reviewed,ak,ak,Global
2026-05-06T10:52:59.672Z,39.3996,-119.0466,12.0992,2.56,ml,29,97,0.04,0.1496,nn,nn00917880,2026-05-07T10:41:24.040Z,"15 km E of Silver Springs, Nevada",earthquake,,0.87,0.2,14.0,reviewed,nn,nn,Global
2026-05-06T10:42:41.465Z,14.8148,-87.2398,10.0,4.4,mb,71,56,1.701,0.83,us,us6000svmi,2026-05-06T11:24:33.463Z,"5 km ESE of San José del Potrero, Honduras",earthquake,6.56,1.911,0.044,147.0,reviewed,us,us,Global
2026-05-06T10:06:27.876Z,35.3695,139.4261,112.951,4.4,mwr,75,94,1.531,0.69,us,us6000svm7,2026-05-14T15:54:24.638Z,"4 km NNE of Chigasaki, Japan",earthquake,5.7,4.749,0.086,13.0,reviewed,us,us,Global
2026-05-06T10:04:22.519Z,28.0501,56.7912,10.0,4.6,mb,65,96,3.137,0.48,us,us6000svma,2026-05-06T11:33:48.040Z,"91 km ESE of Ḩājjīābād, Iran",earthquake,9.27,1.864,0.068,65.0,reviewed,us,us,Global
2026-05-06T09:43:13.683Z,-5.7284,154.4199,103.644,5.2,mww,65,67,2.717,0.7,us,us6000svm3,2026-05-06T09:59:41.040Z,"134 km WNW of Panguna, Papua New Guinea",earthquake,7.48,6.704,0.083,14.0,reviewed,us,us,Global
2026-05-06T09:09:05.609Z,-37.0527,177.7551,157.524,4.3,mb,21,255,1.676,1.03,us,us6000svl1,2026-05-06T09:33:04.040Z,"77 km NW of Hicks Bay, New Zealand",earthquake,10.56,10.281,0.161,11.0,reviewed,us,us,Global
2026-05-06T08:45:50.666Z,56.009,-159.839,7.7,3.1,ml,15,149,0.3,0.6,ak,aka2026ixogwr,2026-05-11T23:36:57.757Z,"25 km WNW of Ivanof Bay, Alaska",earthquake,11.8,7.0489,0.4,63.0,reviewed,ak,ak,Global
2026-05-06T08:19:31.360Z,-30.1311,-72.0835,10.0,4.6,mb,38,145,0.665,0.52,us,us6000svkt,2026-05-06T09:19:52.040Z,"74 km WSW of Coquimbo, Chile",earthquake,4.76,1.886,0.066,70.0,reviewed,us,us,Global
2026-05-06T08:12:22.203Z,57.831,-156.451,147.2,2.7,ml,87,66,0.1,0.7,ak,aka2026ixndwx,2026-05-11T23:30:24.685Z,"66 km ENE of Ugashik, Alaska",earthquake,6.0,1.8476,0.4,64.0,reviewed,ak,ak,Global
2026-05-06T07:56:04.673Z,61.759,-149.282,29.5,3.4,ml,191,26,0.2,0.9,ak,aka2026ixmpuk,2026-05-11T23:37:49.039Z,"2 km NW of Fishhook, Alaska",earthquake,1.5,1.0146,0.2,132.0,reviewed,ak,ak,Global
2026-05-06T04:41:41.951Z,-33.4716,179.6745,140.823,4.5,mb,17,131,5.093,0.59,us,us6000svia,2026-05-07T21:44:53.040Z,south of the Kermadec Islands,earthquake,14.78,3.71,0.156,12.0,reviewed,us,us,Global
2026-05-06T04:06:08.205Z,29.8578,70.0991,10.0,4.9,mb,42,122,8.662,0.92,us,us6000svi6,2026-05-06T04:19:20.040Z,"42 km NW of Dajal, Pakistan",earthquake,9.73,1.873,0.087,42.0,reviewed,us,us,Pakistan
2026-05-06T04:05:44.969Z,52.1284,-175.6157,169.324,2.9,ml,17,156,0.238,0.4,us,us6000swyr,2026-05-16T03:47:45.040Z,"75 km ENE of Adak, Alaska",earthquake,8.38,5.601,0.128,8.0,reviewed,us,us,Global
2026-05-06T04:04:13.990Z,39.2775,-119.0822,6.0,3.36,mwr,23,71,0.042,0.2073,nn,nn00917829,2026-05-07T04:16:25.289Z,"19 km SE of Silver Springs, Nevada",earthquake,,1.1921,,,reviewed,nn,nn,Global
2026-05-06T03:20:59.068Z,-54.2044,-134.0364,10.0,4.4,mb,12,129,32.256,0.77,us,us6000sxp8,2026-05-16T22:07:54.040Z,Pacific-Antarctic Ridge,earthquake,19.72,1.925,0.17,10.0,reviewed,us,us,Global
2026-05-06T03:03:49.136Z,29.2625,142.5455,10.0,4.8,mb,48,121,7.656,0.64,us,us6000svhx,2026-05-06T03:21:21.040Z,"Izu Islands, Japan region",earthquake,11.18,1.87,0.046,144.0,reviewed,us,us,Global
2026-05-06T02:58:02.220Z,19.4355,-64.413,26.0,3.43,md,10,275,0.9403,0.11,pr,pr71515913,2026-05-07T21:54:27.040Z,"128 km NNE of Cruz Bay, U.S. Virgin Islands",earthquake,1.04,10.28,0.0061350020849993,3.0,reviewed,pr,pr,Global
2026-05-06T02:51:05.880Z,19.5483,-64.1645,43.0,3.65,md,11,308,1.0843,0.27,pr,pr2026126000,2026-05-07T21:57:53.040Z,"150 km NNE of Cruz Bay, U.S. Virgin Islands",earthquake,4.18,16.82,0.07,5.0,reviewed,pr,pr,Global
2026-05-06T02:42:43.144Z,-10.3999,161.1647,35.0,4.3,mb,14,123,7.733,0.73,us,us6000sxp7,2026-05-16T21:42:52.040Z,"82 km W of Kirakira, Solomon Islands",earthquake,9.13,1.891,0.169,10.0,reviewed,us,us,Global
2026-05-06T02:10:12.990Z,18.773666666667,-68.262333333333,67.51,3.36,md,18,157,0.2813,0.39,pr,pr71515888,2026-05-07T22:37:17.040Z,"25 km NE of Punta Cana, Dominican Republic",earthquake,2.49,2.24,0.026063371218198,5.0,reviewed,pr,pr,Global
2026-05-06T02:02:42.973Z,37.9669,-104.6343,11.292,2.5,ml,15,58,0.369,0.59,us,us6000svhm,2026-05-16T22:34:57.040Z,"17 km E of Colorado City, Colorado",earthquake,1.92,3.336,0.115,10.0,reviewed,us,us,Global
2026-05-06T01:19:20.881Z,-31.8481,-65.1886,10.0,3.3,ml,14,292,2.983,0.66,us,us6000svif,2026-05-06T13:52:49.040Z,"10 km N of Villa Dolores, Argentina",earthquake,6.03,2.027,0.081,20.0,reviewed,us,us,Global
2026-05-06T01:12:37.075Z,-16.7902,167.7527,32.878,4.4,mb,12,201,1.436,1.13,us,us6000sxp4,2026-05-16T05:26:59.040Z,"84 km SSE of Lakatoro, Vanuatu",earthquake,11.3,4.924,0.218,6.0,reviewed,us,us,Global
2026-05-06T00:51:09.260Z,42.2085,-121.28216666667,-1.71,2.69,ml,14,111,0.1738,0.35,uw,uw62242312,2026-05-14T21:46:40.040Z,"10 km E of Bonanza, Oregon",explosion,0.89,31.61,0.19906297802532,7.0,reviewed,uw,uw,Global
2026-05-06T00:31:19.956Z,60.033,-153.356,157.8,2.7,ml,106,36,0.1,0.7,ak,aka2026iwxsqo,2026-05-08T06:04:50.198Z,"50 km ENE of Pedro Bay, Alaska",earthquake,3.3,1.4283,0.4,72.0,reviewed,ak,ak,Global
2026-05-06T00:08:38.308Z,-4.5476,153.6755,105.758,4.5,mb,38,119,1.548,0.83,us,us6000svh0,2026-05-14T21:38:08.040Z,"157 km E of Kokopo, Papua New Guinea",earthquake,5.94,7.085,0.103,28.0,reviewed,us,us,Global
2026-05-05T23:38:29.478Z,53.53,-164.723,25.8,2.5,ml,17,278,0.8,0.3,ak,aka2026iwwakv,2026-05-07T21:29:37.089Z,"96 km SE of Akutan, Alaska",earthquake,9.4,6.1712,0.1,13.0,reviewed,ak,ak,Global
2026-05-05T23:10:51.678Z,7.9425,126.8744,35.0,4.6,mb,27,122,1.55,0.85,us,us6000svgp,2026-05-14T01:52:22.040Z,"45 km NE of Kinablangan, Philippines",earthquake,6.9,1.877,0.116,22.0,reviewed,us,us,Global
2026-05-05T23:06:12.245Z,-6.6365,131.2074,35.0,4.3,mb,18,106,2.468,0.65,us,us6000sxhw,2026-05-14T01:46:21.040Z,"204 km WSW of Tual, Indonesia",earthquake,7.33,1.951,0.188,8.0,reviewed,us,us,Global
2026-05-05T23:02:32.667Z,39.6922,15.3441,307.255,4.1,mb,42,83,0.471,0.98,us,us6000svgl,2026-05-14T01:30:19.040Z,"34 km S of Marina di Camerota, Italy",earthquake,9.08,6.42,0.123,18.0,reviewed,us,us,Global
2026-05-05T22:57:40.217Z,60.394,-153.029,141.6,3.5,ml,219,33,0.1,1.0,ak,aka2026iwurap,2026-05-14T01:23:52.040Z,"74 km ENE of Port Alsworth, Alaska",earthquake,2.1,1.0856,0.3,139.0,reviewed,ak,ak,Global
2026-05-05T22:55:57.495Z,61.497,-149.762,36.9,2.6,ml,52,28,0.2,0.7,ak,aka2026iwupmw,2026-05-07T21:35:41.901Z,"4 km NNW of Knik, Alaska",earthquake,2.1,1.9473,0.4,39.0,reviewed,ak,ak,Global
2026-05-05T22:14:53.392Z,-19.9518,133.8912,5.0,4.3,mb,15,78,0.421,0.7,us,us6000sxhu,2026-05-14T01:18:22.040Z,"45 km SW of Tennant Creek, Australia",earthquake,4.88,1.574,0.238,5.0,reviewed,us,us,Global
2026-05-05T22:10:09.984Z,61.536,-150.882,60.9,2.5,ml,78,25,0.5,0.7,ak,aka2026iwtbux,2026-05-07T22:08:26.020Z,"19 km W of Susitna, Alaska",earthquake,2.1,2.8317,0.2,56.0,reviewed,ak,ak,Global
2026-05-05T22:02:01.395Z,60.2935,59.778,10.0,4.4,mb,60,65,3.985,0.64,us,us6000svg2,2026-05-14T01:08:54.040Z,"12 km WSW of Cherëmukhovo, Russia",earthquake,9.27,1.91,0.073,54.0,reviewed,us,us,Global
2026-05-05T21:37:25.235Z,60.3582,60.083,10.0,4.2,mb,44,80,4.081,0.8,us,us6000svfq,2026-05-14T01:05:39.040Z,"5 km ENE of Cherëmukhovo, Russia",earthquake,9.63,1.929,0.09,34.0,reviewed,us,us,Global
2026-05-05T21:01:45.479Z,-55.8782,-27.5178,62.946,4.9,mb,67,101,5.395,0.48,us,us6000svfd,2026-05-14T01:01:14.040Z,South Sandwich Islands region,earthquake,12.0,7.417,0.088,41.0,reviewed,us,us,Global
2026-05-05T20:54:44.837Z,9.365,-84.3327,20.585,4.3,mb,12,142,0.67,0.7,us,us6000svip,2026-05-06T15:04:04.817Z,"17 km S of Parrita, Costa Rica",earthquake,4.53,7.969,0.188,8.0,reviewed,us,us,Global
2026-05-05T20:53:20.849Z,34.1806,45.7647,10.0,4.9,mww,61,76,0.935,1.24,us,us6000svfc,2026-05-05T21:10:34.040Z,"32 km SSW of Sarpol-e Z̄ahāb, Iran",earthquake,7.55,1.847,0.083,14.0,reviewed,us,us,Global
2026-05-05T20:14:02.520Z,36.01,-117.80216666667,1.6,2.86,ml,39,33,0.02798,0.14,ci,ci41241863,2026-05-05T20:37:34.305Z,"12 km NE of Little Lake, CA",earthquake,0.12,0.16,0.18433304069233,90.0,reviewed,ci,ci,Global
2026-05-05T20:11:08.623Z,58.136,-156.381,5.5,2.8,ml,47,72,0.3,0.6,ak,aka2026iwpcpl,2026-05-08T05:54:23.185Z,"59 km E of Egegik, Alaska",earthquake,3.8,2.102,0.2,37.0,reviewed,ak,ak,Global
2026-05-05T19:38:40.829Z,35.0061,25.9719,10.0,4.3,mb,39,103,0.93,0.72,us,us6000svei,2026-05-11T15:53:30.040Z,"20 km E of Kentrí, Greece",earthquake,6.42,1.892,0.108,24.0,reviewed,us,us,Global
2026-05-05T19:35:07.666Z,37.5206,140.5402,109.9,4.3,mb,47,123,2.106,0.57,us,us6000svel,2026-05-06T17:18:33.954Z,"8 km NNW of Funehikimachi-funehiki, Japan",earthquake,8.35,7.412,0.091,34.0,reviewed,us,us,Global
2026-05-05T18:53:06.244Z,56.402,-156.57,11.1,2.5,ml,25,203,1.0,0.4,ak,aka2026iwmnaj,2026-05-08T05:45:03.392Z,"114 km E of Chignik, Alaska",earthquake,5.4,3.5578,0.1,19.0,reviewed,ak,ak,Global
2026-05-05T18:44:45.973Z,54.528,-160.28,8.2,3.0,ml,16,252,1.1,0.5,ak,aka2026iwmfsz,2026-05-08T05:17:12.330Z,"91 km S of Sand Point, Alaska",earthquake,7.4,5.0767,0.1,12.0,reviewed,ak,ak,Global
2026-05-05T18:23:39.691Z,35.868,69.4485,10.0,4.4,mb,23,257,3.442,1.18,us,us6000sve0,2026-05-05T19:03:29.040Z,"35 km SE of Nahrīn, Afghanistan",earthquake,13.99,7.853,0.162,11.0,reviewed,us,us,Pakistan
2026-05-05T17:10:58.212Z,-36.6825,177.2998,11.227,4.3,mb,26,146,1.581,1.11,us,us6000svdm,2026-05-14T19:47:46.040Z,"133 km ENE of Pauanui, New Zealand",earthquake,8.78,6.715,0.202,7.0,reviewed,us,us,Global
2026-05-05T16:59:08.807Z,36.8707,71.6724,130.045,4.0,mb,36,103,1.578,0.72,us,us6000svdk,2026-05-05T19:05:40.040Z,"17 km NNE of Ishqoshim, Tajikistan",earthquake,9.99,8.737,0.104,27.0,reviewed,us,us,Pakistan
2026-05-05T16:58:26.990Z,60.579,-150.614,13.7,2.7,ml,76,55,0.7,0.8,ak,aka2026iwirnu,2026-05-08T04:56:43.984Z,"9 km ENE of Sterling, Alaska",earthquake,1.9,1.774,0.1,56.0,reviewed,ak,ak,Global
2026-05-05T16:50:22.647Z,52.9757,-166.7839,2.656,3.6,mb,56,199,0.806,0.79,us,us6000svgt,2026-05-06T13:47:31.040Z,"101 km S of Unalaska, Alaska",earthquake,2.35,8.144,0.104,23.0,reviewed,us,us,Global
2026-05-05T15:58:27.033Z,-3.547,-80.6705,50.695,5.1,mwr,159,84,0.602,0.67,us,us6000svc4,2026-05-06T15:14:13.732Z,"14 km N of Zorritos, Peru",earthquake,7.41,5.268,0.098,10.0,reviewed,us,us,Global
2026-05-05T15:38:03.274Z,-7.5791,129.8196,64.195,4.5,mb,60,98,3.038,1.14,us,us6000svbx,2026-05-05T17:57:31.040Z,"Kepulauan Babar, Indonesia",earthquake,3.34,7.57,0.08,49.0,reviewed,us,us,Global
2026-05-05T15:37:43.128Z,50.32,179.0,6.2,3.3,ml,15,310,1.1,0.7,ak,aka2026iwfzwy,2026-05-08T01:35:36.076Z,"Rat Islands, Aleutian Islands, Alaska",earthquake,9.4,4.3408,0.1,12.0,reviewed,ak,ak,Global
2026-05-05T15:30:35.102Z,53.128,-166.353,15.2,2.6,ml,23,228,0.7,0.5,ak,aka2026iwftiw,2026-05-08T01:44:13.980Z,"83 km S of Unalaska, Alaska",earthquake,5.0,4.1749,0.2,18.0,reviewed,ak,ak,Global
2026-05-05T15:09:37.443Z,-35.269,78.5793,10.0,5.1,mww,99,31,24.463,0.4,us,us6000svbv,2026-05-06T14:40:40.040Z,Mid-Indian Ridge,earthquake,10.93,1.798,0.11,8.0,reviewed,us,us,Global
2026-05-05T14:58:57.240Z,58.129,-151.525,22.3,2.7,ml,51,156,0.7,0.6,ak,aka2026iwerxz,2026-05-08T01:42:51.851Z,"62 km ENE of Ouzinkie, Alaska",earthquake,4.5,4.2365,0.1,38.0,reviewed,ak,ak,Global
2026-05-05T14:23:03.806Z,53.517,-164.823,21.8,2.9,ml,35,222,0.8,0.8,ak,aka2026iwdmue,2026-05-08T01:40:00.327Z,"93 km SE of Akutan, Alaska",earthquake,5.9,3.29,0.1,25.0,reviewed,ak,ak,Global
2026-05-05T13:46:53.373Z,-6.5523,130.0678,158.148,4.5,mb,48,75,2.023,0.76,us,us7000siex,2026-05-05T17:41:05.040Z,Banda Sea,earthquake,8.69,7.366,0.089,40.0,reviewed,us,us,Global
2026-05-05T13:24:14.397Z,-18.4359,-69.1789,125.348,4.2,mb,59,67,0.328,1.05,us,us7000siew,2026-05-05T16:40:29.040Z,"100 km NNE of Camiña, Chile",earthquake,5.81,5.185,0.076,48.0,reviewed,us,us,Global
2026-05-05T12:43:22.628Z,51.47,-176.843,48.1,2.6,ml,27,210,0.4,0.4,ak,aka2026iwaejy,2026-05-08T01:08:14.064Z,"47 km SSW of Adak, Alaska",earthquake,15.4,8.8581,0.2,21.0,reviewed,ak,ak,Global
2026-05-05T10:30:05.447Z,53.503,-164.83,14.6,2.8,ml,30,223,0.8,0.8,ak,aka2026ivvsvr,2026-05-08T01:01:14.212Z,"93 km SE of Akutan, Alaska",earthquake,5.7,3.1342,0.1,23.0,reviewed,ak,ak,Global
2026-05-05T10:25:53.115Z,53.444,-164.784,15.8,3.2,ml,29,228,0.9,0.5,ak,aka2026ivvpgd,2026-05-08T00:58:40.223Z,"100 km SE of Akutan, Alaska",earthquake,5.1,4.4906,0.1,22.0,reviewed,ak,ak,Global
2026-05-05T10:12:36.339Z,53.844,-162.466,0.9,2.8,ml,17,282,1.1,0.5,ak,aka2026ivvdrs,2026-05-08T00:55:20.336Z,"128 km SSE of False Pass, Alaska",earthquake,7.9,4.2779,0.1,12.0,reviewed,ak,ak,Global
2026-05-05T09:37:39.829Z,-36.6416,177.2415,10.0,4.5,mwr,41,184,1.764,0.61,us,us7000sie8,2026-05-05T10:18:05.040Z,"129 km ENE of Pauanui, New Zealand",earthquake,8.41,1.974,0.083,14.0,reviewed,us,us,Global
2026-05-05T08:43:45.408Z,-36.6406,177.3335,10.0,4.9,mww,34,102,1.823,0.94,us,us7000sidy,2026-05-06T09:10:22.733Z,"136 km NW of Hicks Bay, New Zealand",earthquake,7.63,1.929,0.069,20.0,reviewed,us,us,Global
2026-05-05T08:00:43.579Z,-36.7452,177.2617,10.0,5.8,mww,58,63,1.715,0.79,us,us7000sidq,2026-05-06T08:29:38.685Z,"127 km ENE of Pauanui, New Zealand",earthquake,7.43,1.88,0.041,56.0,reviewed,us,us,Global
2026-05-05T07:21:13.426Z,34.8825,25.9821,10.0,4.3,mb,49,69,0.983,0.92,us,us7000sidc,2026-05-05T09:15:36.040Z,"26 km ESE of Ierápetra, Greece",earthquake,6.31,1.917,0.109,24.0,reviewed,us,us,Global
2026-05-05T06:56:36.668Z,54.345,-161.626,1.8,3.3,ml,25,224,0.7,0.5,ak,aka2026ivoprz,2026-05-07T20:18:11.415Z,"91 km SSE of King Cove, Alaska",earthquake,5.9,3.3936,0.1,18.0,reviewed,ak,ak,Global
2026-05-05T06:44:51.479Z,-10.1135,119.3245,35.536,5.8,mww,67,62,1.991,0.89,us,us7000sicu,2026-05-06T07:11:12.766Z,"76 km S of Tambolaka, Indonesia",earthquake,7.53,6.566,0.065,23.0,reviewed,us,us,Global
2026-05-05T06:42:11.211Z,51.609,179.372,76.2,2.8,ml,11,191,0.2,0.5,ak,aka2026ivodof,2026-05-08T00:35:23.565Z,"277 km W of Adak, Alaska",earthquake,13.3,4.8548,0.4,7.0,reviewed,ak,ak,Global
2026-05-05T06:40:43.856Z,38.5553,-116.3529,0.003,2.56,ml,8,238,1.13,0.2201,nn,nn00917706,2026-05-05T06:43:22.779Z,"93 km NE of Tonopah, Nevada",earthquake,,5.2704,0.0,1.0,automatic,nn,nn,Global
2026-05-05T06:05:42.535Z,59.416,-152.841,79.7,2.6,ml,100,82,0.3,0.6,ak,aka2026ivmxnt,2026-05-07T20:08:00.718Z,"52 km W of Nanwalek, Alaska",earthquake,2.6,1.6296,0.3,73.0,reviewed,ak,ak,Global
2026-05-05T04:44:08.362Z,54.452,-160.469,17.5,2.7,ml,13,272,1.1,0.4,ak,aka2026ivkeuz,2026-05-07T19:59:50.809Z,"98 km S of Sand Point, Alaska",earthquake,12.6,10.8822,0.1,10.0,reviewed,ak,ak,Global
2026-05-05T04:23:27.200Z,36.601666666667,-121.21116666667,6.03,2.67,md,71,99,0.03639,0.11,nc,nc75357202,2026-05-12T20:47:24.098Z,"10 km NW of Pinnacles, CA",earthquake,0.16,0.33,0.116,119.0,reviewed,nc,nc,Global
2026-05-05T04:20:44.270Z,17.947333333333,-66.958,9.59,3.02,md,20,205,0.07986,0.11,pr,pr71515688,2026-05-05T04:47:57.580Z,"5 km WSW of Guánica, Puerto Rico",earthquake,0.39,0.36,0.082822991732808,14.0,reviewed,pr,pr,Global
2026-05-05T04:13:45.979Z,38.449,-116.514,6.0672,2.91,ml,8,198,0.224,0.1029,nn,nn00917675,2026-05-06T02:05:48.022Z,"75 km NE of Tonopah, Nevada",earthquake,,2.8694,0.2,5.0,reviewed,nn,nn,Global
2026-05-05T04:10:49.268Z,25.2767,96.4552,10.0,4.5,mb,49,79,4.292,0.59,us,us7000sibr,2026-05-05T04:37:59.040Z,"95 km W of Myitkyina, Burma (Myanmar)",earthquake,11.65,1.903,0.09,36.0,reviewed,us,us,Global
2026-05-05T04:10:19.520Z,18.5825,-64.754666666667,24.21,2.61,md,4,223,0.2058,0.06,pr,pr71515683,2026-05-06T03:26:21.671Z,"28 km N of Cruz Bay, U.S. Virgin Islands",earthquake,4.37,5.13,0.07690412314709,4.0,reviewed,pr,pr,Global
2026-05-05T04:08:41.987Z,-23.068,-179.9266,578.672,4.5,mb,29,136,5.625,0.65,us,us7000sibq,2026-05-11T16:05:22.040Z,south of the Fiji Islands,earthquake,17.06,10.335,0.1,31.0,reviewed,us,us,Global
2026-05-05T03:04:12.726Z,51.572,-174.131,1.7,3.0,ml,14,276,0.6,0.4,ak,aka2026ivgwfx,2026-05-07T19:54:45.717Z,"69 km S of Atka, Alaska",earthquake,8.6,3.7754,0.1,11.0,reviewed,ak,ak,Global
2026-05-05T02:50:38.792Z,38.454,-116.5068,5.669,3.38,ml,7,197,0.227,0.1038,nn,nn00917650,2026-05-11T16:04:46.040Z,"76 km NE of Tonopah, Nevada",earthquake,,2.6274,0.16,3.0,reviewed,nn,nn,Global
2026-05-05T02:49:11.109Z,38.4428,-116.5057,5.306,2.9,ml,6,219,0.216,0.1528,nn,nn00917649,2026-05-06T02:04:29.670Z,"75 km ENE of Tonopah, Nevada",earthquake,,2.9867,0.05,2.0,reviewed,nn,nn,Global
2026-05-05T02:47:42.337Z,38.4557,-116.5227,5.8507,2.81,ml,10,196,0.232,0.1427,nn,nn00917645,2026-05-06T02:04:20.081Z,"75 km NE of Tonopah, Nevada",earthquake,,2.1375,0.22,5.0,reviewed,nn,nn,Global
2026-05-05T02:43:09.112Z,38.4477,-116.5233,0.0,2.89,ml,8,196,0.225,0.3703,nn,nn00917641,2026-05-06T02:04:05.305Z,"74 km NE of Tonopah, Nevada",earthquake,,0.0,0.07,3.0,reviewed,nn,nn,Global
2026-05-05T02:39:52.449Z,38.4568,-116.5006,10.0,4.47,mwr,7,183,0.229,0.1954,nn,nn00917635,2026-05-17T02:49:55.539Z,"77 km NE of Tonopah, Nevada",earthquake,,6.2568,,,reviewed,nn,nn,Global
2026-05-05T02:38:49.853Z,-6.4335,130.1627,153.768,5.3,mb,58,27,1.916,0.84,us,us7000siat,2026-05-05T02:54:09.040Z,Banda Sea,earthquake,7.34,6.495,0.073,63.0,reviewed,us,us,Global
2026-05-05T02:38:47.990Z,53.6488,-165.5555,57.785,4.7,mwr,56,93,0.502,1.01,us,us7000siar,2026-05-05T05:13:45.926Z,"55 km SSE of Akutan, Alaska",earthquake,5.78,5.468,0.062,25.0,reviewed,us,us,Global
2026-05-05T02:25:16.410Z,42.3786,-126.0822,10.0,2.5,ml,33,238,1.287,0.53,us,us7000siam,2026-05-05T02:31:54.040Z,"136 km WSW of Port Orford, Oregon",earthquake,6.71,2.013,0.043,72.0,reviewed,us,us,Global
2026-05-05T02:01:19.027Z,47.9682,156.0997,10.0,4.6,mb,47,171,10.147,0.8,us,us7000siaj,2026-05-11T16:02:33.040Z,east of the Kuril Islands,earthquake,8.59,1.919,0.081,45.0,reviewed,us,us,Global
2026-05-05T01:57:41.350Z,51.981,176.241,9.1,4.0,ml,29,194,1.4,0.9,ak,aka2026iveqzv,2026-05-05T04:52:54.227Z,"229 km ESE of Attu Station, Alaska",earthquake,15.9,7.944,0.1,12.0,reviewed,ak,ak,Global
2026-05-05T01:29:46.376Z,-7.6079,129.2399,84.564,4.2,mb,16,88,3.136,0.8,us,us7000siab,2026-05-05T01:45:39.040Z,"266 km ENE of Lospalos, Timor Leste",earthquake,4.97,10.286,0.147,13.0,reviewed,us,us,Global
2026-05-05T00:35:51.496Z,45.7705,18.8799,10.0,4.0,mb,58,22,2.259,0.8,us,us7000sia3,2026-05-14T00:51:50.094Z,"10 km SE of Draž, Croatia",earthquake,6.35,1.919,0.15,12.0,reviewed,us,us,Global
2026-05-05T00:35:47.887Z,54.4664,-159.6419,35.0,2.5,ml,30,247,1.457,0.55,us,us6000sw0t,2026-05-14T00:47:33.040Z,"111 km SSE of Sand Point, Alaska",earthquake,6.33,2.022,0.128,8.0,reviewed,us,us,Global
2026-05-05T00:34:49.985Z,60.324,-139.398,1.2,3.0,ml,14,98,0.7,0.5,ak,aka2026ivbwse,2026-05-14T00:41:37.040Z,"88 km NNE of Yakutat, Alaska",earthquake,4.2,3.1816,0.1,11.0,reviewed,ak,ak,Global
2026-05-05T00:16:51.631Z,-25.9632,130.7034,10.0,4.5,mb,16,116,3.699,0.47,us,us7000si9y,2026-05-14T00:38:23.040Z,"85 km SSW of Yulara, Australia",earthquake,5.0,1.896,0.164,11.0,reviewed,us,us,Global
2026-05-05T00:08:10.244Z,-21.7251,-67.0126,251.04,4.4,mb,35,73,1.63,0.93,us,us7000si9v,2026-05-14T00:35:43.040Z,"119 km SW of Atocha, Bolivia",earthquake,8.85,10.971,0.179,9.0,reviewed,us,us,Global
2026-05-05T00:04:28.739Z,62.986,-150.302,92.4,2.7,ml,90,46,0.5,0.7,ak,aka2026ivawiz,2026-05-14T00:33:46.040Z,"59 km NNE of Petersville, Alaska",earthquake,2.1,2.3603,0.3,60.0,reviewed,ak,ak,Global
2026-05-04T23:54:05.742Z,39.9983,143.0625,24.677,5.2,mww,120,40,1.718,0.64,us,us7000si9t,2026-05-14T00:36:36.648Z,"103 km ENE of Miyako, Japan",earthquake,6.65,3.655,0.086,13.0,reviewed,us,us,Global
2026-05-04T23:49:41.887Z,-11.6307,117.9094,10.0,4.0,mb,16,121,2.789,0.96,us,us6000sxgj,2026-05-14T00:11:49.040Z,"283 km SSW of Tambolaka, Indonesia",earthquake,9.99,1.931,0.164,10.0,reviewed,us,us,Global
2026-05-04T23:20:24.590Z,19.6896,-64.5321,8.0,3.54,md,16,295,1.2061,0.46,pr,pr2026124000,2026-05-05T01:55:50.040Z,"152 km N of Cruz Bay, U.S. Virgin Islands",earthquake,10.64,15.56,0.14,9.0,reviewed,pr,pr,Global
2026-05-04T23:12:08.328Z,31.168,-103.003,5.5872,3.1,ml,22,76,0.0,0.2,tx,tx2026itolhm,2026-05-14T00:06:37.040Z,"10 km SE of Coyanosa, Texas",earthquake,1.0272534381067,1.3644539895882,0.2,25.0,reviewed,tx,tx,Global
2026-05-04T22:58:52.777Z,-6.5631,129.8923,153.631,4.5,mb,13,98,4.315,0.24,us,us6000sxgi,2026-05-13T23:43:35.040Z,Banda Sea,earthquake,9.88,9.045,0.172,10.0,reviewed,us,us,Global
2026-05-04T22:49:07.582Z,54.04,-164.314,69.0,2.5,ml,19,215,0.5,0.4,ak,aka2026iuyjaf,2026-05-05T22:41:16.383Z,"96 km E of Akutan, Alaska",earthquake,22.6,11.1355,0.1,14.0,reviewed,ak,ak,Global
2026-05-04T22:29:46.870Z,-15.6861,-174.8116,300.155,4.3,mb,24,119,3.421,0.53,us,us6000sxgh,2026-05-13T23:24:05.040Z,"112 km WNW of Hihifo, Tonga",earthquake,10.15,10.209,0.122,19.0,reviewed,us,us,Global
2026-05-04T22:14:40.018Z,-8.0922,107.8336,56.664,4.3,mb,18,118,0.652,0.92,us,us6000sxgf,2026-05-13T23:06:39.040Z,"87 km SSW of Singaparna, Indonesia",earthquake,7.8,7.268,0.138,15.0,reviewed,us,us,Global
2026-05-04T22:06:51.622Z,-2.0681,138.9247,35.0,4.4,mb,26,77,1.831,0.71,us,us6000sxgg,2026-05-13T22:47:49.040Z,"198 km WNW of Abepura, Indonesia",earthquake,8.04,1.617,0.123,19.0,reviewed,us,us,Global
2026-05-04T21:42:00.864Z,39.8969,143.3676,18.373,4.8,mb,62,110,1.973,0.6,us,us7000si98,2026-05-13T22:02:17.040Z,"125 km ENE of Miyako, Japan",earthquake,6.32,2.952,0.058,91.0,reviewed,us,us,Global
2026-05-04T21:32:00.840Z,42.0715,-83.4652,6.811,2.7,mb_lg,31,45,0.27,0.67,us,us7000si8z,2026-05-15T10:28:53.236Z,"6 km WNW of Carleton, Michigan",earthquake,3.05,3.453,0.066,59.0,reviewed,us,us,Global
2026-05-04T21:31:44.356Z,-21.6579,-179.3533,576.522,4.3,mb,30,110,9.207,0.67,us,us6000sxge,2026-05-14T00:55:25.040Z,Fiji region,earthquake,10.22,13.167,0.106,25.0,reviewed,us,us,Global
2026-05-04T21:11:26.002Z,52.0842,176.3211,43.222,4.3,mb,68,162,1.396,0.83,us,us7000si8v,2026-05-13T21:45:48.040Z,"229 km ESE of Attu Station, Alaska",earthquake,8.51,8.076,0.067,62.0,reviewed,us,us,Global
2026-05-04T20:57:58.724Z,56.2036,-149.6835,10.0,3.1,ml,40,212,2.242,0.5,us,us6000svga,2026-05-07T16:45:32.040Z,"222 km SE of Chiniak, Alaska",earthquake,6.73,1.992,0.057,40.0,reviewed,us,us,Global
2026-05-04T20:52:23.538Z,32.096,-102.087,8.667,2.5,ml,85,47,0.0,0.1,tx,tx2026itjvis,2026-05-05T14:38:09.040Z,"10 km N of Midland, Texas",earthquake,0.22207073937341,0.40575426174656,0.2,43.0,reviewed,tx,tx,Global
2026-05-04T20:39:33.215Z,28.3387,54.2889,10.0,4.5,mb,83,55,3.789,0.54,us,us7000si8q,2026-05-05T14:47:31.040Z,"51 km SSW of Dārāb, Iran",earthquake,8.78,1.874,0.06,81.0,reviewed,us,us,Global
2026-05-04T19:45:29.183Z,-27.0624,-71.0221,30.443,4.0,mwr,26,143,0.159,1.22,us,us7000si88,2026-05-14T16:00:51.040Z,"76 km WNW of Copiapó, Chile",earthquake,3.85,5.706,0.048,42.0,reviewed,us,us,Global
2026-05-04T19:42:19.802Z,59.873,-152.521,92.6,2.6,ml,88,61,0.3,0.8,ak,aka2026iusdbg,2026-05-05T22:14:06.299Z,"40 km WNW of Anchor Point, Alaska",earthquake,2.4,1.7799,0.2,65.0,reviewed,ak,ak,Global
2026-05-04T19:14:27.450Z,52.1273,176.2987,10.0,4.5,mb,53,182,1.414,0.81,us,us7000si80,2026-05-04T21:38:24.754Z,"226 km ESE of Attu Station, Alaska",earthquake,12.1,1.952,0.064,71.0,reviewed,us,us,Global
2026-05-04T17:59:15.276Z,51.3892,-175.4093,35.0,2.6,ml,12,229,0.679,0.57,us,us6000svg0,2026-05-07T16:41:20.040Z,"100 km ESE of Adak, Alaska",earthquake,5.83,2.017,0.128,8.0,reviewed,us,us,Global
2026-05-04T17:38:28.460Z,-4.6249,153.457,88.394,4.5,mb,36,103,1.36,0.96,us,us7000si7l,2026-05-11T16:01:21.040Z,"135 km ESE of Kokopo, Papua New Guinea",earthquake,10.55,7.483,0.099,30.0,reviewed,us,us,Global
2026-05-04T17:29:00.200Z,53.6963,-164.0926,22.07,3.5,mb,28,204,0.88,1.17,us,us7000si7h,2026-05-04T17:54:05.711Z,"120 km ESE of Akutan, Alaska",earthquake,7.64,14.608,0.137,13.0,reviewed,us,us,Global
2026-05-04T17:25:09.306Z,51.5732,179.7468,73.757,3.2,ml,21,144,0.335,0.52,us,us6000svfk,2026-05-07T16:33:01.040Z,"252 km W of Adak, Alaska",earthquake,10.91,10.32,0.091,16.0,reviewed,us,us,Global
2026-05-04T17:16:27.820Z,51.8735,179.7571,164.765,3.3,ml,17,114,0.056,0.49,us,us6000svfy,2026-05-07T16:36:06.040Z,"248 km W of Adak, Alaska",earthquake,8.89,4.333,0.097,14.0,reviewed,us,us,Global
2026-05-04T16:47:47.029Z,30.6178,60.1214,10.0,4.8,mb,60,92,6.63,1.29,us,us7000si6f,2026-05-14T20:28:22.040Z,"80 km N of Noşratābād, Iran",earthquake,8.76,1.887,0.067,68.0,reviewed,us,us,Pakistan
2026-05-04T16:45:08.923Z,54.5907,-162.4872,58.812,2.6,ml,14,216,0.393,0.35,us,us6000svfw,2026-05-10T19:28:18.040Z,"53 km SSW of King Cove, Alaska",earthquake,5.01,5.324,0.115,10.0,reviewed,us,us,Global
2026-05-04T16:30:25.007Z,51.309,-175.296,23.8,2.7,ml,13,252,0.8,0.3,ak,aka2026iulsqx,2026-05-05T22:04:33.107Z,"112 km SE of Adak, Alaska",earthquake,11.1,5.0486,0.1,9.0,reviewed,ak,ak,Global
2026-05-04T16:27:48.593Z,51.439,-175.4085,35.0,3.3,ml,17,207,0.635,0.77,us,us6000svfm,2026-05-10T19:26:42.040Z,"97 km ESE of Adak, Alaska",earthquake,4.53,2.012,0.105,12.0,reviewed,us,us,Global
2026-05-04T16:14:43.456Z,59.176,-153.598,111.7,2.6,ml,99,59,0.2,0.7,ak,aka2026iulfdm,2026-05-06T01:14:05.488Z,"66 km SE of Pope-Vannoy Landing, Alaska",earthquake,3.1,1.4459,0.3,73.0,reviewed,ak,ak,Global
2026-05-04T16:03:03.665Z,29.5951,102.0832,10.0,4.6,mb,63,116,6.468,0.95,us,us7000si5h,2026-05-14T20:19:55.040Z,"46 km SSE of Kangding, China",earthquake,10.13,1.892,0.073,59.0,reviewed,us,us,Global
2026-05-04T15:54:52.042Z,54.1882,-162.8624,35.0,2.9,ml,22,207,0.688,0.99,us,us6000svhf,2026-05-10T19:21:48.040Z,"82 km SSE of False Pass, Alaska",earthquake,4.59,2.012,0.081,20.0,reviewed,us,us,Global
2026-05-04T15:50:57.650Z,18.258166666667,-66.8465,13.25,2.71,md,31,65,0.1184,0.24,pr,pr71515628,2026-05-14T20:08:55.040Z,"5 km SE of Lares, Puerto Rico",earthquake,0.28,0.37,0.11895543066389,13.0,reviewed,pr,pr,Global
2026-05-04T15:30:01.993Z,16.5031,-98.0645,35.0,4.5,mb,30,248,1.158,0.89,us,us6000sxga,2026-05-14T20:12:47.155Z,"4 km S of San Antonio Tepetlapa, Mexico",earthquake,10.59,2.007,0.104,27.0,reviewed,us,us,Global
2026-05-04T15:19:24.589Z,16.4698,-98.0183,18.0,5.5,mww,87,79,1.207,0.84,us,us7000si51,2026-05-14T20:00:20.532Z,"0 km SW of San Juan Jicayán, Mexico",earthquake,9.11,1.771,0.051,37.0,reviewed,us,us,Global
2026-05-04T15:13:48.480Z,40.903,-124.26833333333,18.42,2.62,md,40,177,0.147,0.1,nc,nc75356772,2026-05-10T19:19:00.040Z,"15 km WSW of McKinleyville, CA",earthquake,0.44,0.24,0.123,31.0,reviewed,nc,nc,Global
2026-05-04T15:06:43.902Z,51.284,-175.424,12.9,2.5,ml,8,325,0.8,0.1,ak,aka2026iuiycr,2026-05-06T00:58:56.183Z,"106 km SE of Adak, Alaska",earthquake,19.3,8.2339,0.1,6.0,reviewed,ak,ak,Global
2026-05-04T15:03:00.555Z,29.5089,102.1086,10.0,4.8,mb,42,54,6.458,0.77,us,us7000si54,2026-05-14T19:32:07.040Z,"56 km SSE of Kangding, China",earthquake,5.11,1.887,0.097,34.0,reviewed,us,us,Global
2026-05-04T14:15:54.476Z,23.5812,126.1596,10.0,4.2,mb,23,144,3.011,0.92,us,us7000si55,2026-05-14T19:34:21.040Z,"159 km SSE of Miyakojima, Japan",earthquake,8.33,1.941,0.176,9.0,reviewed,us,us,Global
2026-05-04T14:04:12.268Z,5.3975,123.5227,556.564,4.3,mb,88,55,2.634,0.77,us,us7000si4w,2026-05-14T19:28:07.040Z,"116 km SW of Palimbang, Philippines",earthquake,10.99,7.861,0.065,66.0,reviewed,us,us,Global
2026-05-04T13:52:25.761Z,51.4443,-179.9722,63.015,3.0,ml,18,181,0.459,0.35,us,us6000svha,2026-05-14T19:21:42.040Z,"235 km WSW of Adak, Alaska",earthquake,3.84,6.872,0.085,18.0,reviewed,us,us,Global
2026-05-04T13:50:43.819Z,11.5618,-86.9192,45.775,4.5,mb,76,164,1.709,0.82,us,us7000si4v,2026-05-14T16:59:04.040Z,"50 km WSW of Masachapa, Nicaragua",earthquake,11.85,8.124,0.043,155.0,reviewed,us,us,Global
2026-05-04T13:09:32.203Z,51.9325,176.2467,37.127,3.9,mb,51,196,1.437,0.59,us,us7000si7k,2026-05-14T16:53:49.040Z,"231 km ESE of Attu Station, Alaska",earthquake,9.67,12.226,0.083,38.0,reviewed,us,us,Global
2026-05-04T11:27:53.299Z,51.011,-177.999,3.7,2.7,ml,14,277,0.8,0.4,ak,aka2026iubqja,2026-05-06T00:37:30.881Z,"134 km SW of Adak, Alaska",earthquake,7.4,4.1709,0.1,12.0,reviewed,ak,ak,Global
2026-05-04T11:17:18.272Z,51.776,-173.137,20.0,2.8,ml,14,318,0.8,0.6,ak,aka2026iubhiq,2026-05-05T23:21:23.570Z,"86 km ESE of Atka, Alaska",earthquake,9.4,0.0,0.1,11.0,reviewed,ak,ak,Global
2026-05-04T10:55:11.212Z,64.472,-146.948,3.9,2.8,ml,45,40,0.1,0.5,ak,aka2026iuanzr,2026-05-05T23:14:38.660Z,"6 km SSW of Salcha, Alaska",earthquake,2.2,1.7318,0.1,34.0,reviewed,ak,ak,Global
2026-05-04T10:54:28.965Z,64.47,-146.949,5.2,2.9,ml,20,45,0.1,0.5,ak,aka2026iuanjs,2026-05-05T23:04:49.209Z,"6 km SSW of Salcha, Alaska",earthquake,2.5,1.9368,0.1,15.0,reviewed,ak,ak,Global
2026-05-04T10:37:41.417Z,63.218,-148.544,80.2,2.9,ml,126,18,0.2,0.8,ak,aka2026itzyuz,2026-05-05T23:00:21.313Z,"28 km SE of Cantwell, Alaska",earthquake,1.9,2.5189,0.2,89.0,reviewed,ak,ak,Global
2026-05-04T10:37:34.426Z,53.756,-164.566,19.2,2.9,ml,42,204,0.7,0.6,ak,aka2026itzyxg,2026-05-05T22:54:53.853Z,"89 km ESE of Akutan, Alaska",earthquake,4.1,3.1964,0.1,30.0,reviewed,ak,ak,Global
2026-05-04T10:02:29.077Z,46.7345,152.867,35.0,4.6,mb,58,93,7.1,0.87,us,us7000si47,2026-05-04T14:06:23.040Z,Kuril Islands,earthquake,9.97,1.911,0.047,136.0,reviewed,us,us,Global
2026-05-04T09:59:35.975Z,28.852,-99.033,7.7876,2.6,ml,22,82,0.1,0.3,tx,tx2026isoezd,2026-05-05T07:53:14.040Z,"7 km SE of Pearsall, Texas",earthquake,1.8805905968178,0.86825062361693,0.1,15.0,reviewed,tx,tx,Global
2026-05-04T09:27:24.671Z,-23.7915,-13.376,10.0,4.8,mb,33,64,29.132,0.87,us,us6000svkh,2026-05-06T07:55:15.040Z,southern Mid-Atlantic Ridge,earthquake,4.66,1.878,0.099,31.0,reviewed,us,us,Global
2026-05-04T08:37:15.604Z,39.2696,-119.106,7.4229,2.51,ml,27,89,0.054,0.1438,nn,nn00917567,2026-05-05T07:34:49.040Z,"19 km SSE of Silver Springs, Nevada",earthquake,,0.9852,0.27,15.0,reviewed,nn,nn,Global
2026-05-04T08:22:02.570Z,-27.0136,-71.1957,25.034,4.9,mb,53,142,0.321,0.81,us,us7000si3t,2026-05-04T08:51:06.040Z,"94 km WNW of Copiapó, Chile",earthquake,4.05,3.628,0.066,73.0,reviewed,us,us,Global
2026-05-04T08:21:51.437Z,36.6464,-106.8487,9.5,2.6,ml,27,76,1.098,1.13,us,us7000si3s,2026-05-05T06:35:29.040Z,"26 km WSW of Los Ojos, New Mexico",earthquake,3.67,7.799,0.045,64.0,reviewed,us,us,Global
2026-05-04T07:57:59.903Z,55.353,-156.817,10.0,2.5,ml,9,320,1.4,0.5,ak,aka2026ituqgt,2026-05-04T21:49:16.341Z,"144 km SE of Chignik, Alaska",earthquake,11.8,0.0,0.1,7.0,reviewed,ak,ak,Global
2026-05-04T07:14:31.715Z,61.323,-152.441,133.5,2.5,ml,82,63,0.1,0.7,ak,aka2026itteru,2026-05-04T21:43:13.120Z,"75 km WNW of Tyonek, Alaska",earthquake,2.7,1.7057,0.4,56.0,reviewed,ak,ak,Global
2026-05-04T06:59:22.417Z,24.6854,121.7937,10.0,4.4,mb,33,66,0.381,0.57,us,us7000si3h,2026-05-04T13:20:16.040Z,"8 km SSE of Yilan, Taiwan",earthquake,3.37,1.876,0.117,21.0,reviewed,us,us,Global
2026-05-04T06:41:05.197Z,-4.0947,152.8839,69.283,4.7,mb,31,94,0.725,0.68,us,us7000si3e,2026-05-04T07:13:38.040Z,"73 km ENE of Kokopo, Papua New Guinea",earthquake,7.74,6.167,0.102,29.0,reviewed,us,us,Global
2026-05-04T06:09:50.058Z,11.7774,125.3718,73.268,6.0,mww,82,27,4.682,0.88,us,us7000si2z,2026-05-08T13:44:39.832Z,"5 km WNW of Nena, Philippines",earthquake,5.62,7.19,0.052,36.0,reviewed,us,us,Global
2026-05-04T05:55:42.224Z,38.5799,73.7437,106.016,4.6,mb,61,105,1.024,0.53,us,us7000si2w,2026-05-04T10:04:40.040Z,"49 km NNW of Murghob, Tajikistan",earthquake,2.69,7.321,0.066,69.0,reviewed,us,us,Global
2026-05-04T05:54:59.776Z,64.486,-146.954,1.6,3.2,ml,103,25,0.1,1.0,ak,aka2026itqnsh,2026-05-04T17:23:04.831Z,"4 km SSW of Salcha, Alaska",earthquake,1.9,1.4884,0.2,72.0,reviewed,ak,ak,Global
2026-05-04T05:11:08.264Z,51.336,-176.033,19.4,2.5,ml,17,248,0.6,0.3,ak,aka2026itpbrn,2026-05-04T20:06:23.913Z,"72 km SE of Adak, Alaska",earthquake,8.0,5.232,0.2,12.0,reviewed,ak,ak,Global
2026-05-04T04:07:17.532Z,50.37,-175.014,20.0,2.9,ml,14,299,1.7,0.7,ak,aka2026itmyji,2026-05-04T19:56:25.720Z,"202 km SSE of Adak, Alaska",earthquake,9.0,0.0,0.1,11.0,reviewed,ak,ak,Global
2026-05-04T04:00:57.013Z,53.006,-166.539,29.8,2.6,ml,30,227,0.8,0.5,ak,aka2026itmszy,2026-05-04T19:52:35.004Z,"96 km S of Unalaska, Alaska",earthquake,6.4,3.4439,0.1,23.0,reviewed,ak,ak,Global
2026-05-04T03:58:51.119Z,-18.8168,-175.383,207.908,4.3,mb,21,102,5.17,0.66,us,us7000si2g,2026-05-04T04:20:47.040Z,"148 km W of Neiafu, Tonga",earthquake,17.22,9.911,0.111,23.0,reviewed,us,us,Global
2026-05-04T03:37:06.423Z,3.0938,126.7085,35.0,4.6,mb,31,107,4.107,0.77,us,us7000si2c,2026-05-04T03:54:40.040Z,"209 km NW of Tobelo, Indonesia",earthquake,13.03,1.926,0.091,36.0,reviewed,us,us,Global
2026-05-04T03:12:04.169Z,39.281,-119.1003,4.0,3.63,mwr,27,60,0.055,0.183,nn,nn00917529,2026-05-05T03:22:47.504Z,"18 km SE of Silver Springs, Nevada",earthquake,,1.1878,,,reviewed,nn,nn,Global
2026-05-04T03:08:16.858Z,51.8989,176.3226,46.57,4.1,mb,42,197,1.394,0.58,us,us7000si2a,2026-05-04T17:08:27.380Z,"238 km ESE of Attu Station, Alaska",earthquake,9.9,13.291,0.086,37.0,reviewed,us,us,Global
2026-05-04T02:59:02.114Z,52.4665,176.5471,10.0,3.6,ml,6,175,1.346,0.69,us,us6000sxfr,2026-05-15T23:01:27.040Z,"231 km ESE of Attu Station, Alaska",earthquake,5.79,1.987,0.105,12.0,reviewed,us,us,Global
2026-05-04T01:30:56.240Z,53.0271,161.2551,10.0,4.2,mb,36,133,2.147,0.56,us,us6000sxfq,2026-05-15T23:52:37.040Z,"176 km E of Petropavlovsk-Kamchatsky, Russia",earthquake,11.54,1.918,0.106,25.0,reviewed,us,us,Global
2026-05-04T01:21:51.490Z,18.556,-66.9745,82.3,3.33,md,22,209,0.08535,0.22,pr,pr71515558,2026-05-04T02:06:57.680Z,"8 km NE of Isabela, Puerto Rico",earthquake,0.95,0.63,0.12745816020477,16.0,reviewed,pr,pr,Global
2026-05-04T01:07:49.985Z,39.8076,143.1626,30.404,4.2,mb,14,172,1.88,0.38,us,us6000sxfn,2026-05-16T03:54:31.040Z,"106 km E of Miyako, Japan",earthquake,8.48,5.162,0.237,5.0,reviewed,us,us,Global
2026-05-04T01:05:12.089Z,24.5967,121.8578,10.0,4.3,mb,16,105,0.445,0.71,us,us6000sxfp,2026-05-16T00:43:50.040Z,"20 km SSE of Yilan, Taiwan",earthquake,1.64,1.929,0.217,6.0,reviewed,us,us,Global
2026-05-04T00:43:31.135Z,51.5617,178.7932,69.472,3.0,ml,20,219,0.367,0.39,us,us7000si7y,2026-05-04T22:42:17.040Z,"Rat Islands, Aleutian Islands, Alaska",earthquake,21.29,24.055,0.105,12.0,reviewed,us,us,Global
2026-05-04T00:33:51.498Z,39.3381,-119.0187,7.0,3.32,mwr,34,55,0.07,0.1684,nn,nn00917520,2026-05-05T00:53:01.069Z,"19 km ESE of Silver Springs, Nevada",earthquake,,0.9528,,,reviewed,nn,nn,Global
2026-05-04T00:00:17.930Z,37.911166666667,-112.22566666667,8.31,3.05,ml,26,64,0.1342,0.22,uu,uu80138736,2026-05-05T00:21:29.970Z,"20 km ENE of Panguitch, Utah",earthquake,0.39,0.92,0.2365916178794,23.0,reviewed,uu,uu,Global
2026-05-03T23:48:09.348Z,-12.1744,41.0239,10.0,4.2,mb,13,118,4.159,0.59,us,us6000sx6d,2026-05-12T21:09:50.040Z,"104 km NNE of Pemba, Mozambique",earthquake,12.42,1.964,0.175,9.0,reviewed,us,us,Global
2026-05-03T23:42:50.950Z,32.234833333333,-115.2675,14.9,2.53,ml,21,95,0.09578,0.25,ci,ci41240743,2026-05-04T16:51:31.474Z,"9 km W of Alberto Oviedo Mota, B.C., MX",earthquake,0.36,0.67,0.14035446991593,16.0,reviewed,ci,ci,Global
2026-05-03T23:30:39.896Z,49.3572,93.5606,10.0,4.3,mb,66,71,7.118,0.8,us,us7000si19,2026-05-12T20:59:01.040Z,"128 km ESE of Ulaangom, Mongolia",earthquake,8.66,1.924,0.081,43.0,reviewed,us,us,Global
2026-05-03T23:14:35.649Z,59.599,-151.817,66.9,2.9,ml,125,104,0.1,0.8,ak,aka2026itdeni,2026-05-11T21:25:52.040Z,"15 km WSW of Homer, Alaska",earthquake,2.4,2.0439,0.2,71.0,reviewed,ak,ak,Global
2026-05-03T22:47:31.870Z,-5.5486,147.2442,199.371,4.2,mb,13,245,3.832,0.2,us,us6000sx6c,2026-05-12T20:50:10.040Z,"130 km NNW of Finschhafen, Papua New Guinea",earthquake,15.73,13.607,0.176,9.0,reviewed,us,us,Global
2026-05-03T22:17:55.312Z,51.9584,176.237,10.0,3.9,mb,41,195,1.407,0.85,us,us6000swdb,2026-05-12T20:40:44.040Z,"229 km ESE of Attu Station, Alaska",earthquake,6.92,1.956,0.137,14.0,reviewed,us,us,Global
2026-05-03T21:13:43.946Z,56.037,-153.493,20.1,3.1,ml,22,257,1.2,0.6,ak,aka2026iszdyz,2026-05-11T20:21:17.040Z,"109 km SSE of Akhiok, Alaska",earthquake,16.3,19.2368,0.1,20.0,reviewed,ak,ak,Global
2026-05-03T20:54:57.763Z,3.7804,126.7819,35.0,4.5,mb,20,124,3.48,0.74,us,us7000si0r,2026-05-03T21:08:52.040Z,"231 km SE of Sarangani, Philippines",earthquake,10.19,1.904,0.124,19.0,reviewed,us,us,Global
2026-05-03T20:19:58.241Z,54.2465,-162.9051,35.0,2.7,ml,30,213,0.631,0.53,us,us6000swcz,2026-05-10T16:13:39.040Z,"75 km SSE of False Pass, Alaska",earthquake,2.57,1.979,0.085,18.0,reviewed,us,us,Global
2026-05-03T20:19:31.845Z,31.671,-104.425,6.0999,2.7,ml,57,59,0.0,0.2,tx,tx2026irmxkh,2026-05-16T16:11:31.040Z,"56 km S of Whites City, New Mexico",earthquake,0.81394596630507,0.52535396388673,0.1,24.0,reviewed,tx,tx,Global
2026-05-03T20:16:59.309Z,31.665,-104.428,6.087,2.6,ml,51,64,0.0,0.2,tx,tx2026irmwes,2026-05-16T15:57:26.040Z,"56 km S of Whites City, New Mexico",earthquake,0.62604795582541,0.38854523156072,0.1,27.0,reviewed,tx,tx,Global
2026-05-03T20:10:27.109Z,54.454,-161.747,12.1,2.5,ml,21,232,0.6,0.4,ak,aka2026isxawl,2026-05-08T22:19:25.997Z,"76 km SSE of King Cove, Alaska",earthquake,6.6,3.5652,0.1,13.0,reviewed,ak,ak,Global
2026-05-03T20:05:11.120Z,39.0573,-119.0114,9.707,2.6,ml,29,88,0.192,0.1295,nn,nn00917507,2026-05-16T15:55:38.040Z,"15 km ENE of Yerington, Nevada",earthquake,,1.3253,0.24,16.0,reviewed,nn,nn,Global
2026-05-03T19:33:30.490Z,54.874,-158.81,7.3,2.5,ml,16,267,1.2,0.9,ak,aka2026isvvay,2026-05-08T22:17:26.727Z,"117 km S of Perryville, Alaska",earthquake,9.3,4.0544,0.3,13.0,reviewed,ak,ak,Global
2026-05-03T19:20:09.519Z,54.1507,-162.8952,41.255,4.6,mwr,86,151,0.7,1.01,us,us7000si08,2026-05-16T15:54:00.040Z,"85 km SSE of False Pass, Alaska",earthquake,4.63,6.174,0.059,28.0,reviewed,us,us,Global
2026-05-03T18:39:57.869Z,41.3308,83.9777,10.0,4.6,mb,76,93,3.883,0.61,us,us7000si03,2026-05-16T15:47:42.040Z,"97 km ESE of Kuqa, China",earthquake,7.58,1.828,0.066,68.0,reviewed,us,us,Global
2026-05-03T18:38:47.507Z,51.5787,16.0376,5.0,4.2,mb,37,45,1.243,0.8,us,us7000shzx,2026-05-16T16:13:08.040Z,"6 km E of Radwanice, Poland",earthquake,4.39,1.802,0.146,13.0,reviewed,us,us,Global
2026-05-03T18:32:21.914Z,39.3065,-119.069,7.5922,2.77,ml,32,60,0.06,0.1614,nn,nn00917489,2026-05-16T15:18:31.040Z,"18 km SE of Silver Springs, Nevada",earthquake,,0.8637,0.43,18.0,reviewed,nn,nn,Global
2026-05-03T17:43:17.016Z,-14.7807,-175.4861,10.0,4.3,mb,19,86,2.594,0.81,us,us6000svk9,2026-05-15T17:38:41.040Z,"181 km SSE of Mata-Utu, Wallis and Futuna",earthquake,9.14,1.9,0.178,9.0,reviewed,us,us,Global
2026-05-03T17:29:39.380Z,53.917,-162.937,2.6,2.5,ml,19,244,0.9,0.4,ak,aka2026isrrmg,2026-05-08T21:13:38.259Z,"108 km SSE of False Pass, Alaska",earthquake,8.9,5.3154,0.2,13.0,reviewed,ak,ak,Global
2026-05-03T17:29:19.510Z,34.921333333333,-119.0195,8.32,3.14,ml,88,21,0.06605,0.31,ci,ci41240575,2026-05-16T14:26:55.040Z,"9 km WSW of Grapevine, CA",earthquake,0.22,0.67,0.16242358488925,186.0,reviewed,ci,ci,Global
2026-05-03T16:52:59.986Z,58.845,-134.404,1.4,2.8,ml,10,162,0.4,0.4,ak,aka2026isqltw,2026-05-08T20:44:18.361Z,"60 km N of Juneau, Alaska",earthquake,6.8,3.8532,0.1,12.0,reviewed,ak,ak,Global
2026-05-03T16:51:55.062Z,1.0726,126.7291,53.18,4.6,mb,47,92,6.067,0.65,us,us7000shzi,2026-05-14T19:24:05.040Z,"79 km WNW of Ternate, Indonesia",earthquake,9.82,7.654,0.083,44.0,reviewed,us,us,Global
2026-05-03T16:36:35.436Z,27.9023,139.7703,468.595,4.0,mb,40,141,7.783,1.26,us,us7000shzf,2026-05-14T19:20:20.040Z,"Bonin Islands, Japan region",earthquake,11.67,9.203,0.086,38.0,reviewed,us,us,Global
2026-05-03T16:36:11.891Z,-18.5701,-175.6284,265.157,4.6,mb,47,53,4.866,0.88,us,us7000shze,2026-05-14T19:17:31.040Z,"173 km W of Neiafu, Tonga",earthquake,11.39,7.576,0.054,102.0,reviewed,us,us,Global
2026-05-03T16:18:54.151Z,24.8291,123.2581,140.564,4.9,mb,77,66,0.425,1.16,us,us7000shza,2026-05-14T19:10:32.040Z,"47 km NNE of Yonakuni, Japan",earthquake,7.5,4.931,0.036,239.0,reviewed,us,us,Global
2026-05-03T15:04:48.270Z,19.499834060669,-155.54316711426,9.5500001907349,2.5,ml,8,340,0.2504,0.25999999,hv,hv74951197,2026-05-03T15:08:21.060Z,"33 km W of Volcano, Hawaii",earthquake,12.95,19.3899994,0.36,8.0,automatic,hv,hv,Global
2026-05-03T15:02:25.133Z,51.7279,-174.1296,26.08,3.3,ml,20,201,0.476,0.75,us,us6000swb0,2026-05-10T19:09:06.040Z,"52 km S of Atka, Alaska",earthquake,5.28,8.766,0.097,14.0,reviewed,us,us,Global
2026-05-03T14:37:52.060Z,32.0535,-93.5102,10.0,2.5,mb_lg,17,63,0.105,0.7,us,us7000shz0,2026-05-03T14:45:34.040Z,"16 km WNW of Coushatta, Louisiana",earthquake,2.13,1.826,0.1,26.0,reviewed,us,us,Global
2026-05-03T13:52:16.137Z,53.4858,-165.9011,32.478,2.9,ml,22,213,0.509,0.39,us,us6000swas,2026-05-10T19:06:30.040Z,"60 km SE of Unalaska, Alaska",earthquake,5.75,14.732,0.105,12.0,reviewed,us,us,Global
2026-05-03T12:53:02.357Z,52.092,-165.945,26.8,3.2,ml,38,229,1.8,0.7,ak,aka2026isilrg,2026-05-08T04:08:20.536Z,"202 km S of Unalaska, Alaska",earthquake,9.1,12.026,0.4,27.0,reviewed,ak,ak,Global
2026-05-03T12:52:47.680Z,39.798333333333,-123.199,6.16,3.27,ml,55,34,0.136,0.17,nc,nc75356182,2026-05-07T04:22:21.392Z,"4 km E of Covelo, CA",earthquake,0.22,0.76,0.254,49.0,reviewed,nc,nc,Global
2026-05-03T12:15:24.983Z,51.336,176.507,0.0,3.5,ml,23,227,1.4,1.2,ak,aka2026ishfpq,2026-05-03T18:17:12.392Z,"282 km SE of Attu Station, Alaska",earthquake,9.9,0.0,0.2,12.0,reviewed,ak,ak,Global
2026-05-03T12:10:49.610Z,31.611333333333,-115.628,2.08,3.83,ml,17,148,0.2566,0.28,ci,ci41240383,2026-05-04T16:03:08.089Z,"81 km SSW of Alberto Oviedo Mota, B.C., MX",earthquake,0.56,2.47,0.19290291380318,84.0,reviewed,ci,ci,Global
2026-05-03T12:09:47.958Z,-16.8214,-174.3737,139.212,4.4,mb,52,67,3.825,0.49,us,us7000shyi,2026-05-03T12:30:53.040Z,"114 km SSW of Hihifo, Tonga",earthquake,10.9,7.822,0.078,47.0,reviewed,us,us,Global
2026-05-03T11:43:50.934Z,53.57,-164.714,15.3,3.4,ml,41,208,0.8,1.0,ak,aka2026isgdpe,2026-05-08T02:40:18.106Z,"93 km SE of Akutan, Alaska",earthquake,4.2,4.7784,0.1,30.0,reviewed,ak,ak,Global
2026-05-03T11:06:58.584Z,68.597,-144.957,1.2,2.7,ml,20,66,0.5,0.9,ak,aka2026isesfv,2026-05-08T01:36:52.416Z,"57 km NNE of Arctic Village, Alaska",earthquake,4.8,3.6843,0.1,15.0,reviewed,ak,ak,Global
2026-05-03T11:01:23.274Z,-21.2168,-178.2523,477.51,4.3,mb,49,118,8.105,0.95,us,us7000shya,2026-05-03T11:36:46.040Z,Fiji region,earthquake,15.24,9.605,0.09,35.0,reviewed,us,us,Global
2026-05-03T10:30:33.707Z,52.387,-169.77,14.9,2.8,ml,16,216,0.4,0.5,ak,aka2026isdsgo,2026-05-08T01:26:12.308Z,"86 km SW of Nikolski, Alaska",earthquake,8.8,3.3365,0.1,10.0,reviewed,ak,ak,Global
2026-05-03T10:00:34.729Z,42.2525,88.2014,10.0,5.1,mb,85,40,6.201,0.58,us,us7000shy4,2026-05-03T10:18:38.040Z,"111 km SW of Turpan, China",earthquake,9.37,1.864,0.044,168.0,reviewed,us,us,Global
2026-05-03T08:13:57.560Z,19.4158,-63.5091,29.0,3.92,md,19,260,1.2862,0.51,pr,pr2026123000,2026-05-03T10:04:21.788Z,"140 km NNW of The Valley, Anguilla",earthquake,2.71,30.6,0.09,14.0,reviewed,pr,pr,Global
2026-05-03T08:07:27.974Z,51.416,-176.354,22.0,2.5,ml,18,217,0.4,0.4,ak,aka2026iryxzx,2026-05-08T01:05:40.822Z,"54 km SSE of Adak, Alaska",earthquake,9.4,5.2965,0.1,12.0,reviewed,ak,ak,Global
2026-05-03T07:59:10.417Z,52.471,-169.85,24.8,2.6,ml,13,214,0.3,0.7,ak,aka2026iryqwq,2026-05-08T01:01:42.417Z,"84 km SW of Nikolski, Alaska",earthquake,13.1,4.8233,0.2,11.0,reviewed,ak,ak,Global
2026-05-03T07:39:26.624Z,52.379,-169.755,10.4,3.2,ml,15,218,0.4,0.5,ak,aka2026irxzsn,2026-05-07T23:07:58.746Z,"86 km SW of Nikolski, Alaska",earthquake,9.5,4.3891,0.2,25.0,reviewed,ak,ak,Global
2026-05-03T07:36:07.282Z,53.6283,-164.7705,35.0,2.6,ml,20,216,0.731,0.85,us,us6000sw2k,2026-05-08T07:24:26.040Z,"86 km SE of Akutan, Alaska",earthquake,2.44,2.017,0.105,12.0,reviewed,us,us,Global
2026-05-03T07:11:02.340Z,18.838166666667,-67.296333333333,18.2,3.05,md,13,272,0.4084,0.36,pr,pr71515538,2026-05-03T07:34:12.360Z,"43 km NNW of San Antonio, Puerto Rico",earthquake,1.29,1.74,0.059377091353074,6.0,reviewed,pr,pr,Global
2026-05-03T07:07:10.391Z,28.9796,142.554,10.0,4.5,mb,44,128,7.889,0.53,us,us7000shxg,2026-05-14T09:04:20.040Z,"Bonin Islands, Japan region",earthquake,12.44,1.906,0.068,63.0,reviewed,us,us,Global
2026-05-03T06:57:42.701Z,1.4364,126.2841,35.0,4.8,mb,57,92,7.367,0.88,us,us7000shxd,2026-05-14T09:02:17.040Z,"128 km E of Bitung, Indonesia",earthquake,7.37,1.836,0.08,49.0,reviewed,us,us,Global
2026-05-03T06:38:11.164Z,-31.6865,-72.0969,11.784,4.4,mb,31,136,1.019,0.81,us,us7000shxa,2026-05-14T08:55:36.040Z,"88 km W of Illapel, Chile",earthquake,3.81,5.036,0.162,11.0,reviewed,us,us,Global
2026-05-03T06:37:03.740Z,18.022,-67.140666666667,14.34,2.57,md,18,166,0.02595,0.25,pr,pr71515528,2026-05-03T06:51:35.260Z,"3 km E of Boquerón, Puerto Rico",earthquake,0.57,0.67,0.053913438865745,6.0,reviewed,pr,pr,Global
2026-05-03T06:16:44.801Z,60.296,-152.583,114.5,2.8,ml,131,33,0.2,0.7,ak,aka2026irvfzz,2026-05-14T08:53:55.040Z,"57 km WNW of Ninilchik, Alaska",earthquake,2.5,1.4702,0.2,85.0,reviewed,ak,ak,Global
2026-05-03T06:04:41.166Z,-17.4621,-174.2899,138.01,4.1,mb,16,131,4.279,0.37,us,us6000sx5s,2026-05-14T08:44:22.040Z,"135 km NNW of Neiafu, Tonga",earthquake,14.28,14.468,0.166,10.0,reviewed,us,us,Global
2026-05-03T05:38:52.890Z,47.3854,152.4625,101.173,4.2,mb,28,135,6.639,0.7,us,us7000shx6,2026-05-14T08:38:17.040Z,Kuril Islands,earthquake,14.93,8.808,0.108,24.0,reviewed,us,us,Global
2026-05-03T05:30:34.055Z,39.321,-119.0511,7.3331,2.63,ml,30,61,0.07,0.155,nn,nn00917416,2026-05-14T08:08:17.040Z,"18 km SE of Silver Springs, Nevada",earthquake,,1.0033,0.36,15.0,reviewed,nn,nn,Global
2026-05-03T04:40:23.019Z,-4.794,152.3696,10.0,4.9,mb,12,171,0.633,1.07,us,us7000shwv,2026-05-03T04:59:11.040Z,"51 km SSE of Kokopo, Papua New Guinea",earthquake,6.25,1.984,0.177,10.0,reviewed,us,us,Global
2026-05-03T04:06:52.180Z,19.410166666667,-65.833166666667,61.13,3.43,md,19,216,1.121,0.32,pr,pr71515518,2026-05-03T05:13:50.040Z,"108 km NNE of San Juan, Puerto Rico",earthquake,2.46,7.88,0.057519142122925,10.0,reviewed,pr,pr,Global
2026-05-03T03:36:22.650Z,9.0346,126.0569,10.0,4.2,mb,17,135,2.009,1.03,us,us6000sx5q,2026-05-16T05:17:50.040Z,"12 km WNW of Gamut, Philippines",earthquake,10.65,1.73,0.153,12.0,reviewed,us,us,Global
2026-05-03T03:12:59.161Z,52.424,-169.7207,13.096,2.7,ml,15,215,0.363,0.57,us,us6000sw2a,2026-05-07T22:53:31.040Z,"81 km SW of Nikolski, Alaska",earthquake,2.22,8.553,0.115,10.0,reviewed,us,us,Global
2026-05-03T03:06:11.635Z,52.4359,-169.8134,21.488,3.8,mb,46,205,0.356,1.23,us,us7000shzr,2026-05-07T23:44:22.040Z,"85 km SW of Nikolski, Alaska",earthquake,4.76,10.01,0.14,13.0,reviewed,us,us,Global
2026-05-03T02:32:56.079Z,52.3777,-169.7541,10.0,2.9,ml,18,215,0.41,0.6,us,us6000sw27,2026-05-07T23:53:46.040Z,"86 km SW of Nikolski, Alaska",earthquake,2.9,1.713,0.105,12.0,reviewed,us,us,Global
2026-05-03T02:22:02.049Z,59.369,-153.298,108.5,3.2,ml,168,52,0.1,0.9,ak,aka2026irnkob,2026-05-07T21:54:33.939Z,"65 km SE of Pedro Bay, Alaska",earthquake,2.4,1.2897,0.2,101.0,reviewed,ak,ak,Global
2026-05-03T00:58:43.776Z,-5.9862,152.2224,10.0,4.5,mb,30,89,1.784,0.9,us,us6000sx5m,2026-05-16T04:08:07.040Z,"181 km S of Kokopo, Papua New Guinea",earthquake,5.43,1.868,0.115,24.0,reviewed,us,us,Global
2026-05-03T00:37:43.750Z,39.795833333333,-123.1995,6.16,3.05,ml,56,23,0.1349,0.15,nc,nc75355867,2026-05-16T05:11:37.040Z,"4 km E of Covelo, CA",earthquake,0.18,0.54,0.227,38.0,reviewed,nc,nc,Global
2026-05-03T00:35:22.420Z,18.890833333333,-67.311833333333,6.08,3.23,md,24,208,0.4238,0.32,pr,pr71515503,2026-05-03T02:39:05.040Z,"49 km NNW of San Antonio, Puerto Rico",earthquake,0.68,1.02,0.032724765870248,7.0,reviewed,pr,pr,Global
2026-05-03T00:26:12.327Z,52.5033,-169.7323,15.418,2.7,ml,15,214,0.284,0.99,us,us6000swau,2026-05-12T04:23:04.040Z,"76 km SW of Nikolski, Alaska",earthquake,3.64,8.332,0.097,14.0,reviewed,us,us,Global
2026-05-03T00:13:55.548Z,-27.6147,-176.8512,38.105,4.4,mb,19,137,1.881,1.09,us,us6000svjx,2026-05-06T07:15:35.040Z,Kermadec Islands region,earthquake,10.73,6.711,0.127,18.0,reviewed,us,us,Global
2026-05-02T23:30:17.140Z,18.009666666667,-66.727666666667,11.61,2.71,md,12,168,0.1202,0.09,pr,pr71515483,2026-05-02T23:50:53.540Z,"2 km NW of Tallaboa, Puerto Rico",earthquake,0.34,0.42,0.052977627229152,8.0,reviewed,pr,pr,Global
2026-05-02T23:27:42.970Z,37.5735,-121.59116666667,2.98,2.52,md,117,60,0.04129,0.15,nc,nc75355817,2026-05-08T00:08:06.040Z,"20 km SE of Livermore, CA",earthquake,0.12,0.56,0.139,119.0,reviewed,nc,nc,Global
2026-05-02T23:05:58.101Z,3.5972,122.1802,603.767,4.1,mb,52,73,10.017,0.86,us,us7000shvf,2026-05-03T02:30:20.040Z,"254 km SE of Latung, Philippines",earthquake,11.22,8.522,0.084,39.0,reviewed,us,us,Global
2026-05-02T22:48:17.300Z,18.3275,-64.992166666667,119.54,3.05,md,10,177,0.04197,0.21,pr,pr71515473,2026-05-03T01:59:05.040Z,"6 km WSW of Charlotte Amalie, U.S. Virgin Islands",earthquake,4.93,1.08,0.11741397962185,4.0,reviewed,pr,pr,Global
2026-05-02T22:42:18.349Z,28.852,-99.029,6.8655,2.5,ml,28,82,0.1,0.3,tx,tx2026ipwale,2026-05-03T21:28:17.040Z,"7 km SE of Pearsall, Texas",earthquake,1.8587602853817,0.6890998454271,0.1,14.0,reviewed,tx,tx,Global
2026-05-02T22:39:14.904Z,1.0677,126.6804,35.0,4.2,mb,19,97,6.831,0.75,us,us6000swy0,2026-05-17T03:50:42.040Z,"84 km WNW of Ternate, Indonesia",earthquake,8.24,1.845,0.141,17.0,reviewed,us,us,Global
2026-05-02T21:51:42.003Z,56.3692,-149.4018,10.0,3.0,ml,36,216,2.242,0.78,us,us6000sw57,2026-05-12T04:41:12.040Z,"223 km SE of Chiniak, Alaska",earthquake,8.68,2.016,0.058,42.0,reviewed,us,us,Global
2026-05-02T21:50:48.230Z,34.405,-118.9095,9.87,2.53,ml,94,19,0.01034,0.26,ci,ci41239999,2026-05-16T05:09:46.040Z,"1 km NE of Fillmore, CA",earthquake,0.19,0.44,0.13907179997115,187.0,reviewed,ci,ci,Global
2026-05-02T21:19:13.344Z,-37.5613,178.2023,35.0,5.1,mww,32,197,1.427,1.44,us,us7000shut,2026-05-03T21:49:27.836Z,"9 km WNW of Hicks Bay, New Zealand",earthquake,6.02,1.953,0.083,14.0,reviewed,us,us,Global
2026-05-02T21:07:58.184Z,-6.9374,125.6528,488.06,4.2,mb,31,54,3.117,0.54,us,us7000shur,2026-05-03T01:22:46.040Z,"176 km N of Metinaro, Timor Leste",earthquake,11.24,8.746,0.131,19.0,reviewed,us,us,Global
2026-05-02T20:33:55.263Z,52.3565,-169.7587,10.0,3.1,ml,15,217,0.431,0.56,us,us7000shvq,2026-05-03T19:06:59.730Z,"88 km SW of Nikolski, Alaska",earthquake,3.02,1.976,0.105,12.0,reviewed,us,us,Global
2026-05-02T20:33:03.465Z,52.3968,-169.724,15.75,3.1,ml,19,213,0.39,0.58,us,us7000shvn,2026-05-03T18:51:58.880Z,"83 km SW of Nikolski, Alaska",earthquake,3.53,8.564,0.105,12.0,reviewed,us,us,Global
2026-05-02T20:32:20.070Z,36.6465,-121.29633333333,6.68,2.8,md,91,24,0.0385,0.28,nc,nc75355712,2026-05-11T16:34:55.040Z,"16 km S of Tres Pinos, CA",earthquake,0.24,0.79,0.105,85.0,reviewed,nc,nc,Global
2026-05-02T20:29:54.091Z,-15.0835,-175.5446,10.0,4.6,mb,31,111,2.61,0.69,us,us7000shup,2026-05-11T16:49:45.040Z,"210 km SSE of Mata-Utu, Wallis and Futuna",earthquake,9.38,1.883,0.108,26.0,reviewed,us,us,Global
2026-05-02T20:24:40.667Z,52.3535,-169.6704,10.0,3.0,ml,7,216,0.794,0.44,us,us7000si4x,2026-05-04T14:45:01.040Z,"85 km SW of Nikolski, Alaska",earthquake,5.24,2.006,0.097,14.0,reviewed,us,us,Global
2026-05-02T20:21:30.372Z,52.4265,-169.7596,10.0,3.7,mb,41,177,0.361,0.63,us,us7000shvk,2026-05-11T16:53:45.040Z,"83 km SW of Nikolski, Alaska",earthquake,2.1,1.942,0.135,14.0,reviewed,us,us,Global
2026-05-02T19:50:46.388Z,-63.0509,146.0546,10.0,4.6,mb,21,161,14.405,0.73,us,us7000shyf,2026-05-16T14:24:19.040Z,south of Australia,earthquake,12.93,1.893,0.125,19.0,reviewed,us,us,Global
2026-05-02T19:35:47.440Z,18.980166666667,-67.243666666667,13.13,3.17,md,7,322,0.5252,0.14,pr,pr71515463,2026-05-02T19:53:31.340Z,"56 km NNW of San Antonio, Puerto Rico",earthquake,2.29,2.79,0.012043600360278,5.0,reviewed,pr,pr,Global
2026-05-02T19:16:19.196Z,20.25,121.175,29.301,4.3,mb,49,119,2.557,0.57,us,us7000shug,2026-05-11T16:32:55.040Z,"85 km WSW of Basco, Philippines",earthquake,11.94,6.259,0.09,35.0,reviewed,us,us,Global
2026-05-02T19:01:08.940Z,34.406333333333,-118.91316666667,10.44,2.57,ml,87,19,0.00703,0.32,ci,ci41239895,2026-05-08T16:13:16.040Z,"1 km NNE of Fillmore, CA",earthquake,0.21,0.51,0.12585351698725,19.0,reviewed,ci,ci,Global
2026-05-02T18:54:35.699Z,-14.9018,-175.6617,10.0,4.2,mb,14,137,2.453,0.38,us,us7000shyd,2026-05-11T17:31:02.040Z,"187 km SSE of Mata-Utu, Wallis and Futuna",earthquake,11.76,1.915,0.167,10.0,reviewed,us,us,Global
2026-05-02T18:01:13.809Z,49.9612,156.7565,35.0,4.3,mb,40,165,3.206,0.64,us,us6000swxv,2026-05-11T16:20:16.040Z,"91 km SSE of Severo-Kuril’sk, Russia",earthquake,9.32,1.97,0.098,29.0,reviewed,us,us,Global
2026-05-02T16:44:29.200Z,36.652166666667,-121.294,7.23,2.56,md,65,28,0.04445,0.2,nc,nc75355622,2026-05-05T21:52:21.229Z,"16 km S of Tres Pinos, CA",earthquake,0.24,0.67,0.14,71.0,reviewed,nc,nc,Global
2026-05-02T16:21:29.499Z,51.301,-176.047,21.7,3.4,ml,22,229,0.6,0.4,ak,aka2026iqtjrw,2026-05-08T05:23:24.064Z,"75 km SSE of Adak, Alaska",earthquake,6.9,3.6533,0.2,17.0,reviewed,ak,ak,Global
2026-05-02T16:21:04.930Z,12.6759,-90.8558,10.0,4.2,mb,39,192,1.607,0.81,us,us7000shtx,2026-05-02T18:28:25.040Z,"138 km S of Puerto San José, Guatemala",earthquake,7.22,1.982,0.096,30.0,reviewed,us,us,Global
2026-05-02T16:12:19.181Z,16.6585,-48.016,10.0,4.6,mb,37,189,12.341,0.53,us,us7000shxy,2026-05-03T09:57:27.040Z,North Atlantic Ocean,earthquake,15.3,1.956,0.088,38.0,reviewed,us,us,Global
2026-05-02T15:26:59.211Z,51.317,-176.048,21.0,2.9,ml,15,241,0.6,0.3,ak,aka2026iqronn,2026-05-08T05:19:14.278Z,"74 km SSE of Adak, Alaska",earthquake,8.4,5.3135,0.1,13.0,reviewed,ak,ak,Global
2026-05-02T15:15:18.106Z,-41.1829,174.852,41.773,4.3,mb,30,95,0.168,0.7,us,us7000shtp,2026-05-03T00:40:47.721Z,"1 km NE of Grenada North, New Zealand",earthquake,4.47,10.267,0.375,2.0,reviewed,us,us,Global
2026-05-02T15:00:32.178Z,-9.7023,107.9939,10.0,4.6,mb,29,121,2.251,0.76,us,us7000shtq,2026-05-02T16:50:33.040Z,"245 km SSW of Cilacap, Indonesia",earthquake,3.28,1.928,0.109,25.0,reviewed,us,us,Global
2026-05-02T14:26:08.900Z,18.9692,121.0549,34.806,4.4,mb,58,120,3.829,0.9,us,us7000shtg,2026-05-02T19:08:29.040Z,"40 km N of Claveria, Philippines",earthquake,11.23,5.96,0.083,42.0,reviewed,us,us,Global
2026-05-02T14:15:34.556Z,-4.2751,152.7606,61.973,4.6,mb,38,93,0.601,0.63,us,us7000shti,2026-05-02T15:10:22.040Z,"55 km E of Kokopo, Papua New Guinea",earthquake,10.23,6.187,0.107,29.0,reviewed,us,us,Global
2026-05-02T14:13:57.340Z,18.016,-67.145,12.95,3.08,md,22,194,0.02415,0.13,pr,pr71515448,2026-05-02T16:18:20.040Z,"2 km ESE of Boquerón, Puerto Rico",earthquake,0.47,0.2,0.14505208100684,16.0,reviewed,pr,pr,Global
2026-05-02T14:09:35.804Z,39.2778,-119.0998,5.0,3.38,mwr,24,88,0.053,0.1452,nn,nn00917352,2026-05-03T15:47:36.523Z,"18 km SE of Silver Springs, Nevada",earthquake,,1.3974,,,reviewed,nn,nn,Global
2026-05-02T12:03:09.012Z,55.9379,-159.8537,9.997,2.7,ml,17,173,0.289,0.31,us,us7000shx7,2026-05-14T08:06:36.040Z,"23 km W of Ivanof Bay, Alaska",earthquake,6.06,7.674,0.085,18.0,reviewed,us,us,Global
2026-05-02T11:34:13.730Z,41.4467,83.9985,10.0,4.4,mb,36,115,3.61,0.73,us,us7000shst,2026-05-14T07:58:08.040Z,"93 km ESE of Kuqa, China",earthquake,9.18,1.922,0.143,14.0,reviewed,us,us,Global
2026-05-02T11:30:50.559Z,-18.361,-175.4986,252.804,4.8,mb,59,84,4.752,0.69,us,us7000shsr,2026-05-14T07:30:53.040Z,"163 km WNW of Neiafu, Tonga",earthquake,10.54,5.463,0.032,296.0,reviewed,us,us,Global
2026-05-02T10:31:42.828Z,-58.7532,-25.2796,10.0,5.0,mb,46,84,25.056,0.44,us,us7000shsi,2026-05-14T06:50:05.040Z,South Sandwich Islands region,earthquake,12.9,1.837,0.084,45.0,reviewed,us,us,Global
2026-05-02T10:27:06.738Z,-6.0254,130.8107,122.103,5.2,mb,58,82,1.745,0.74,us,us7000shsh,2026-05-13T08:04:40.040Z,"219 km WSW of Tual, Indonesia",earthquake,8.04,5.367,0.074,60.0,reviewed,us,us,Global
2026-05-02T10:10:46.040Z,34.0225,-117.59383333333,4.43,2.55,ml,155,13,0.03217,0.22,ci,ci41239439,2026-05-13T07:32:48.040Z,"5 km SE of Ontario, CA",earthquake,0.1,0.32,0.28299940799911,25.0,automatic,ci,ci,Global
2026-05-02T09:45:22.850Z,17.884833333333,-65.631666666667,5.02,2.88,md,20,177,0.2833,0.35,pr,pr71515428,2026-05-02T10:07:39.510Z,"28 km SE of El Negro, Puerto Rico",earthquake,0.8,1.2,0.20069364969537,9.0,reviewed,pr,pr,Global
2026-05-02T09:28:41.537Z,34.1145,135.5533,64.0,5.7,mww,88,90,1.446,0.54,us,us7000shs2,2026-05-13T07:40:55.240Z,"12 km SSW of Kōya, Japan",earthquake,6.92,1.93,0.058,29.0,reviewed,us,us,Global
2026-05-02T09:16:13.897Z,58.1916,-155.3278,6.791,2.5,ml,30,51,0.019,0.4,us,us7000shx0,2026-05-13T07:23:12.040Z,"86 km NW of Karluk, Alaska",earthquake,1.32,0.633,0.069,28.0,reviewed,us,us,Global
2026-05-02T08:36:33.795Z,31.117,138.502,396.223,4.6,mb,105,71,4.398,0.68,us,us7000shrs,2026-05-02T08:53:09.040Z,"Izu Islands, Japan region",earthquake,8.09,7.396,0.029,366.0,reviewed,us,us,Global
2026-05-02T08:34:32.169Z,51.658,-177.384,93.2,2.5,ml,19,193,0.1,0.2,ak,aka2026iqduxj,2026-05-08T03:24:46.440Z,"57 km WSW of Adak, Alaska",earthquake,29.9,4.2138,0.3,14.0,reviewed,ak,ak,Global
2026-05-02T07:34:21.749Z,32.2604,-103.2923,5.109,2.8,mb_lg,35,57,0.255,0.56,us,us7000shr9,2026-05-02T07:41:07.040Z,"18 km NNW of Jal, New Mexico",earthquake,1.38,4.32,0.074,82.0,reviewed,us,us,Global
2026-05-02T07:23:17.260Z,50.3414,-173.595,10.0,3.0,ml,10,308,1.901,0.91,us,us7000shu2,2026-05-03T10:02:18.040Z,"210 km SSE of Atka, Alaska",earthquake,9.4,2.027,0.148,6.0,reviewed,us,us,Global
2026-05-02T07:11:43.970Z,17.898,-65.631666666667,7.84,2.97,md,15,171,0.278,0.29,pr,pr71515393,2026-05-02T07:33:34.900Z,"27 km SW of Esperanza, Puerto Rico",earthquake,0.83,1.28,0.087420046206375,5.0,reviewed,pr,pr,Global
2026-05-02T07:09:41.207Z,-15.7554,-174.9239,234.042,4.3,mb,63,76,3.549,0.52,us,us7000shr3,2026-05-02T13:29:29.040Z,"122 km W of Hihifo, Tonga",earthquake,10.75,6.908,0.072,54.0,reviewed,us,us,Global
2026-05-02T06:22:42.852Z,-21.7539,-68.7738,115.882,4.6,mb,58,37,0.437,1.41,us,us7000shqp,2026-05-02T06:41:40.040Z,"79 km N of Calama, Chile",earthquake,4.93,4.734,0.075,53.0,reviewed,us,us,Global
2026-05-02T05:04:56.485Z,-30.0095,-66.5123,10.0,5.0,mb,81,48,2.407,0.74,us,us7000shps,2026-05-02T23:05:15.371Z,"43 km NNW of Chamical, Argentina",earthquake,8.3,1.883,0.049,135.0,reviewed,us,us,Global
2026-05-02T04:07:22.924Z,58.0764,157.8865,10.0,4.1,mb,28,119,3.993,1.51,us,us6000swxd,2026-05-16T03:00:23.040Z,"58 km NW of Tigil’, Russia",earthquake,11.97,1.862,0.111,22.0,reviewed,us,us,Global
2026-05-02T03:57:00.734Z,-24.3288,-67.4096,211.368,4.5,mb,26,77,1.541,0.35,us,us7000shpb,2026-05-02T04:36:21.040Z,"111 km W of San Antonio de los Cobres, Argentina",earthquake,10.78,8.827,0.163,11.0,reviewed,us,us,Global
2026-05-02T03:50:46.210Z,18.563333333333,-65.621,27.65,2.93,md,17,194,0.3465,0.34,pr,pr71515358,2026-05-02T04:21:27.670Z,"23 km NNE of Luquillo, Puerto Rico",earthquake,1.83,5.38,0.064266009813002,7.0,reviewed,pr,pr,Global
2026-05-02T03:45:47.278Z,28.1215,105.1044,10.0,4.4,mb,17,150,4.397,1.26,us,us6000swxa,2026-05-15T23:50:09.040Z,"21 km SSE of Bowangshan, China",earthquake,12.34,1.94,0.169,10.0,reviewed,us,us,Global
2026-05-02T03:42:46.208Z,53.6366,-164.8007,35.0,3.3,ml,35,205,0.712,0.88,us,us6000sw1y,2026-05-08T00:51:42.040Z,"84 km SE of Akutan, Alaska",earthquake,3.32,1.97,0.085,18.0,reviewed,us,us,Global
2026-05-02T03:15:38.457Z,28.9109,142.5698,10.0,4.5,mb,24,149,8.0,1.58,us,us6000swx6,2026-05-15T23:24:32.040Z,"Bonin Islands, Japan region",earthquake,14.28,1.94,0.131,17.0,reviewed,us,us,Global
2026-05-02T02:49:28.775Z,39.3115,-119.0707,10.3264,2.97,ml,33,62,0.065,0.1728,nn,nn00917260,2026-05-02T14:01:40.060Z,"17 km SE of Silver Springs, Nevada",earthquake,,0.8199,0.26,17.0,reviewed,nn,nn,Global
2026-05-02T02:25:12.870Z,13.8186,144.8387,142.747,4.4,mb,23,112,0.23,0.93,us,us6000swx5,2026-05-15T23:10:44.040Z,"31 km N of Yigo Village, Guam",earthquake,14.27,5.278,0.123,19.0,reviewed,us,us,Global
2026-05-02T02:06:36.139Z,-24.4373,178.8233,532.819,5.1,mb,55,64,5.598,0.81,us,us7000shnl,2026-05-02T02:24:04.040Z,south of the Fiji Islands,earthquake,11.75,8.777,0.033,300.0,reviewed,us,us,Global
2026-05-02T01:32:43.512Z,54.4791,-163.4769,11.05,2.5,ml,18,196,0.227,0.6,us,us7000shwk,2026-05-08T00:58:00.040Z,"41 km S of False Pass, Alaska",earthquake,1.87,6.124,0.105,12.0,reviewed,us,us,Global
2026-05-02T01:24:45.880Z,19.7251,-64.335,44.0,3.77,md,15,303,1.2365,0.38,pr,pr2026122000,2026-05-02T01:52:15.040Z,"161 km NNE of Cruz Bay, U.S. Virgin Islands",earthquake,4.89,23.11,0.14,6.0,reviewed,pr,pr,Global
2026-05-02T01:14:54.168Z,41.3576,83.9345,10.0,4.4,mb,36,108,3.559,0.85,us,us7000shnf,2026-05-02T02:01:21.040Z,"92 km ESE of Kuqa, China",earthquake,7.96,1.944,0.126,18.0,reviewed,us,us,Global
2026-05-02T00:27:54.071Z,47.2482,152.7758,71.995,4.3,mb,24,182,6.662,0.87,us,us6000swx2,2026-05-16T23:52:13.040Z,Kuril Islands,earthquake,14.19,11.768,0.133,16.0,reviewed,us,us,Global
2026-05-02T00:04:58.046Z,39.3089,-119.0694,9.4377,2.97,ml,28,61,0.062,0.1594,nn,nn00917231,2026-05-02T04:54:38.775Z,"17 km SE of Silver Springs, Nevada",earthquake,,0.97,0.14,15.0,reviewed,nn,nn,Global
2026-05-01T23:31:46.250Z,40.201833333333,-123.12,39.43,2.64,md,91,26,0.02318,0.2,nc,nc75355267,2026-05-08T02:01:48.040Z,"40 km S of Hayfork, CA",earthquake,0.27,0.61,0.14,61.0,reviewed,nc,nc,Global
2026-05-01T22:56:44.564Z,57.583,-151.88,14.6,2.5,ml,11,260,0.4,0.3,ak,aka2026ipknxt,2026-05-07T21:06:34.171Z,"24 km E of Chiniak, Alaska",earthquake,10.4,3.2463,0.2,7.0,reviewed,ak,ak,Global
2026-05-01T22:17:56.787Z,41.3088,83.994,10.0,4.4,mb,45,106,3.603,0.8,us,us7000shn0,2026-05-02T00:18:55.040Z,"99 km ESE of Kuqa, China",earthquake,9.13,1.898,0.092,34.0,reviewed,us,us,Global
2026-05-01T21:53:09.518Z,50.6152,156.54,85.535,4.3,mb,36,129,2.598,0.47,us,us6000sw9g,2026-05-16T23:16:26.040Z,"29 km ESE of Severo-Kuril’sk, Russia",earthquake,10.55,8.156,0.097,30.0,reviewed,us,us,Global
2026-05-01T21:13:36.115Z,32.4477,137.783,359.516,4.2,mb,72,122,2.962,0.84,us,us7000shmg,2026-05-01T21:46:30.040Z,"218 km ESE of Kushimoto, Japan",earthquake,7.72,6.284,0.055,98.0,reviewed,us,us,Global
2026-05-01T20:10:29.858Z,39.3412,-119.0126,8.3452,2.53,ml,25,79,0.066,0.1518,nn,nn00917199,2026-05-02T01:50:54.193Z,"20 km ESE of Silver Springs, Nevada",earthquake,,0.8416,0.34,18.0,reviewed,nn,nn,Global
2026-05-01T19:44:32.232Z,51.838,-173.3,47.0,3.0,ml,17,206,0.7,0.6,ak,aka2026ipedgm,2026-05-07T20:12:40.849Z,"73 km ESE of Atka, Alaska",earthquake,33.5,33.0155,0.3,12.0,reviewed,ak,ak,Global
2026-05-01T19:16:27.856Z,-30.529,-178.5514,142.158,4.3,mb,19,161,1.389,0.95,us,us7000shlt,2026-05-01T21:59:22.040Z,"Kermadec Islands, New Zealand",earthquake,24.47,24.425,0.126,20.0,reviewed,us,us,Global
2026-05-01T19:04:38.565Z,61.624,-150.909,72.1,3.0,ml,109,23,0.5,0.8,ak,aka2026ipcunu,2026-05-07T20:08:12.241Z,"22 km WNW of Susitna, Alaska",earthquake,1.9,2.213,0.2,73.0,reviewed,ak,ak,Global
2026-05-01T18:52:47.348Z,-7.3476,128.3598,170.024,4.8,mww,58,86,3.199,0.68,us,us7000shll,2026-05-08T16:12:10.040Z,"198 km NE of Lospalos, Timor Leste",earthquake,7.19,6.498,0.098,10.0,reviewed,us,us,Global
2026-05-01T18:45:41.243Z,56.925,-153.031,14.6,2.5,ml,12,279,0.3,0.6,ak,aka2026ipcefj,2026-05-07T20:01:17.360Z,"35 km SSE of Old Harbor, Alaska",earthquake,10.9,3.8699,0.2,9.0,reviewed,ak,ak,Global
2026-05-01T17:58:01.590Z,18.6755,-65.318333333333,30.36,3.28,md,22,197,0.3676,0.36,pr,pr71515328,2026-05-08T16:09:07.040Z,"41 km N of Culebra, Puerto Rico",earthquake,2.4,5.92,0.11118582679651,17.0,reviewed,pr,pr,Global
2026-05-01T17:50:51.951Z,14.4426,-90.5508,10.0,3.2,ml,6,194,0.921,0.59,us,us7000shpm,2026-05-04T13:54:43.040Z,"4 km SSW of Villa Canales, Guatemala",earthquake,5.88,1.938,0.115,10.0,reviewed,us,us,Global
2026-05-01T17:19:26.191Z,42.9912,145.4493,48.703,4.8,mb,80,134,1.956,0.54,us,us7000shl7,2026-05-08T16:06:53.040Z,"38 km SSW of Nemuro, Japan",earthquake,9.19,6.918,0.044,156.0,reviewed,us,us,Global
2026-05-01T17:18:35.354Z,51.4313,-175.9765,35.0,2.5,ml,12,234,0.507,0.58,us,us6000sw0l,2026-05-08T15:39:07.040Z,"67 km SE of Adak, Alaska",earthquake,2.79,2.001,0.148,6.0,reviewed,us,us,Global
2026-05-01T16:33:23.344Z,62.982,-151.036,129.5,2.5,ml,60,41,0.5,0.5,ak,aka2026ioxtnn,2026-05-07T18:04:19.330Z,"55 km NNW of Petersville, Alaska",earthquake,2.6,2.3863,0.2,37.0,reviewed,ak,ak,Global
2026-05-01T16:27:49.714Z,52.0804,176.4094,10.0,4.5,mb,77,69,1.342,0.92,us,us7000shks,2026-05-10T18:55:27.040Z,"235 km ESE of Attu Station, Alaska",earthquake,5.3,1.764,0.052,109.0,reviewed,us,us,Global
2026-05-01T16:16:22.120Z,32.001166666667,-116.28166666667,22.45,2.63,ml,21,66,0.2114,0.24,ci,ci41238815,2026-05-10T18:39:49.040Z,"35 km ENE of Ensenada, B.C., MX",earthquake,0.37,1.63,0.13568282797546,23.0,reviewed,ci,ci,Global
2026-05-01T15:57:56.770Z,18.2231,-67.1823,25.0,3.45,md,21,213,0.038,0.1,pr,pr2026121000,2026-05-10T18:36:36.040Z,"5 km WNW of Mayagüez, Puerto Rico",earthquake,0.64,0.67,0.1,10.0,reviewed,pr,pr,Global
2026-05-01T15:31:10.362Z,52.417,-168.333,3.3,2.5,ml,11,260,0.6,0.4,ak,aka2026iovrou,2026-05-07T18:01:22.309Z,"68 km SSE of Nikolski, Alaska",earthquake,11.2,4.5904,0.1,8.0,reviewed,ak,ak,Global
2026-05-01T14:57:01.130Z,19.107,-66.7895,26.93,3.16,md,23,241,0.6732,0.33,pr,pr71515308,2026-05-10T18:17:38.040Z,"68 km N of Hatillo, Puerto Rico",earthquake,1.04,11.7,0.046225366035393,14.0,reviewed,pr,pr,Global
2026-05-01T14:40:45.676Z,26.3823,142.5994,10.0,4.5,mb,37,161,10.797,0.92,us,us6000sw96,2026-05-10T18:12:11.040Z,"Bonin Islands, Japan region",earthquake,12.22,1.927,0.107,26.0,reviewed,us,us,Global
2026-05-01T13:36:23.235Z,20.1767,121.3157,10.0,4.5,mb,29,112,2.637,0.93,us,us6000sw93,2026-05-10T17:49:20.040Z,"74 km WSW of Basco, Philippines",earthquake,6.67,1.913,0.115,22.0,reviewed,us,us,Global
2026-05-01T13:36:03.502Z,36.7319,-104.9531,6.447,2.9,ml,19,56,0.1,0.5,us,us7000shjz,2026-05-01T14:11:52.040Z,"24 km NE of Ute Park, New Mexico",earthquake,2.12,3.51,0.043,96.0,reviewed,us,us,Global
2026-05-01T13:15:03.447Z,53.538,-164.769,29.6,2.6,ml,21,223,0.8,0.6,ak,aka2026iordnq,2026-05-01T17:02:37.371Z,"93 km SE of Akutan, Alaska",earthquake,10.1,5.2642,0.1,16.0,reviewed,ak,ak,Global
2026-05-01T13:00:41.190Z,35.9582,141.6879,35.0,4.9,mb,71,96,2.871,0.59,us,us7000shjt,2026-05-10T16:39:26.040Z,"81 km ENE of Hasaki, Japan",earthquake,8.5,1.888,0.036,250.0,reviewed,us,us,Global
2026-05-01T12:39:55.578Z,24.8748,122.02,97.333,5.8,mww,71,31,0.485,0.89,us,us7000shjp,2026-05-02T17:15:25.738Z,"29 km ENE of Yilan, Taiwan",earthquake,5.61,3.214,0.053,34.0,reviewed,us,us,Global
2026-05-01T11:48:43.573Z,39.3353,-119.0108,6.9227,2.67,ml,36,47,0.072,0.1601,nn,nn00917114,2026-05-01T16:53:07.490Z,"20 km ESE of Silver Springs, Nevada",earthquake,,0.9517,0.29,15.0,reviewed,nn,nn,Global
2026-05-01T11:30:06.599Z,54.473,-159.735,20.0,2.6,ml,19,261,1.4,0.7,ak,aka2026ionmko,2026-05-01T15:41:14.301Z,"107 km SSE of Sand Point, Alaska",earthquake,8.6,0.0,0.1,12.0,reviewed,ak,ak,Global
2026-05-01T11:19:24.670Z,59.715,-153.12,107.4,2.6,ml,81,67,0.1,0.6,ak,aka2026ionhhf,2026-05-07T17:48:21.939Z,"56 km E of Pedro Bay, Alaska",earthquake,3.4,1.6804,0.2,48.0,reviewed,ak,ak,Global
2026-05-01T11:04:39.548Z,-57.7679,-25.3328,10.0,5.1,mb,46,94,7.158,0.87,us,us7000shj5,2026-05-01T11:21:15.040Z,South Sandwich Islands region,earthquake,13.08,1.901,0.077,55.0,reviewed,us,us,Global
2026-05-01T10:35:10.842Z,39.3181,-119.0442,10.2588,2.65,ml,36,65,0.067,0.1443,nn,nn00917080,2026-05-01T16:25:19.166Z,"18 km SE of Silver Springs, Nevada",earthquake,,0.7295,0.22,16.0,reviewed,nn,nn,Global
2026-05-01T10:32:53.030Z,39.3243,-119.0372,10.711,2.5,ml,31,72,0.073,0.1689,nn,nn00917077,2026-05-01T17:42:04.287Z,"19 km ESE of Silver Springs, Nevada",earthquake,,1.1251,0.12,13.0,reviewed,nn,nn,Global
2026-05-01T10:13:57.136Z,51.4117,-178.2013,35.0,2.9,ml,24,198,0.392,0.51,us,us6000svzl,2026-05-08T09:25:37.040Z,"120 km WSW of Adak, Alaska",earthquake,2.61,1.998,0.091,16.0,reviewed,us,us,Global
2026-05-01T09:24:24.221Z,-1.5344,134.2944,10.0,4.9,mb,41,72,2.464,0.68,us,us7000shiq,2026-05-01T10:03:57.040Z,"14 km ESE of Ransiki, Indonesia",earthquake,6.56,1.888,0.101,31.0,reviewed,us,us,Global
2026-05-01T09:23:54.954Z,43.1158,-126.8062,10.0,2.9,ml,54,244,1.723,0.77,us,us7000shin,2026-05-08T09:16:41.040Z,"192 km WNW of Port Orford, Oregon",earthquake,8.88,2.015,0.033,118.0,reviewed,us,us,Global
2026-05-01T08:23:50.009Z,39.3201,-119.026,9.9221,2.54,ml,21,170,0.07,0.1506,nn,nn00917191,2026-05-10T09:18:39.040Z,"20 km ESE of Silver Springs, Nevada",earthquake,,1.3481,0.22,6.0,reviewed,nn,nn,Global
2026-05-01T08:23:24.884Z,39.3016,-119.0778,7.2272,2.54,ml,24,75,0.058,0.1613,nn,nn00916989,2026-05-10T09:15:03.040Z,"17 km SE of Silver Springs, Nevada",earthquake,,1.0896,0.33,6.0,reviewed,nn,nn,Global
2026-05-01T08:22:31.457Z,39.3039,-119.0658,8.921,2.61,ml,26,70,0.056,0.1475,nn,nn00916987,2026-05-10T09:13:42.040Z,"18 km SE of Silver Springs, Nevada",earthquake,,1.321,0.18,6.0,reviewed,nn,nn,Global
2026-05-01T08:17:19.870Z,39.3066,-119.0467,5.0,5.17,mwr,29,144,0.056,0.1651,nn,nn00916980,2026-05-10T09:22:31.986Z,"19 km SE of Silver Springs, Nevada",earthquake,,1.2623,,,reviewed,nn,nn,Global
2026-05-01T08:15:55.842Z,39.3035,-119.0377,7.0,4.28,mwr,37,110,0.052,0.1742,nn,nn00916977,2026-05-10T09:15:08.154Z,"20 km SE of Silver Springs, Nevada",earthquake,,1.0391,,,reviewed,nn,nn,Global
2026-05-01T08:10:38.341Z,58.539,-137.026,4.6,3.0,ml,20,149,0.7,0.9,ak,aka2026iogzpr,2026-05-09T11:59:28.040Z,"55 km NW of Elfin Cove, Alaska",earthquake,5.5,3.3457,0.3,16.0,reviewed,ak,ak,Global
2026-05-01T08:10:23.185Z,61.661,-149.894,28.7,2.6,ml,78,24,0.2,0.9,ak,aka2026iogzjt,2026-05-09T11:57:54.040Z,"5 km NW of Houston, Alaska",earthquake,1.7,1.3142,0.1,58.0,reviewed,ak,ak,Global
2026-05-01T07:20:40.044Z,-3.8136,154.3107,10.0,4.4,mb,20,168,2.174,0.89,us,us6000sw8x,2026-05-09T10:39:40.040Z,"234 km ENE of Kokopo, Papua New Guinea",earthquake,14.44,1.955,0.149,13.0,reviewed,us,us,Global
2026-05-01T07:19:06.700Z,17.877,-66.8785,13.99,3.24,md,35,206,0.09752,0.23,pr,pr71515273,2026-05-09T10:16:25.040Z,"10 km SSE of Guánica, Puerto Rico",earthquake,0.44,0.67,0.023651911125877,13.0,reviewed,pr,pr,Global
2026-05-01T05:24:00.470Z,17.860166666667,-66.876166666667,10.04,3.43,md,26,219,0.1143,0.29,pr,pr71515253,2026-05-02T06:46:13.176Z,"12 km SSE of Guánica, Puerto Rico",earthquake,0.64,0.72,0.096369595605363,10.0,reviewed,pr,pr,Global
2026-05-01T05:17:26.022Z,-0.8358,101.3895,197.729,4.5,mb,68,66,3.585,1.19,us,us7000shhi,2026-05-01T06:56:30.040Z,"48 km ESE of Sijunjung, Indonesia",earthquake,7.79,6.95,0.068,64.0,reviewed,us,us,Global
2026-05-01T04:55:30.425Z,51.1,-179.353,21.2,2.8,ml,20,222,0.6,0.5,ak,aka2026ioamly,2026-05-07T04:29:04.383Z,"207 km WSW of Adak, Alaska",earthquake,12.6,5.4565,0.1,14.0,reviewed,ak,ak,Global
2026-05-01T04:43:00.997Z,53.459,-164.788,6.2,2.8,ml,22,224,0.8,0.7,ak,aka2026ioabsd,2026-05-07T04:30:55.801Z,"99 km SE of Akutan, Alaska",earthquake,7.0,3.7302,0.1,15.0,reviewed,ak,ak,Global
2026-05-01T04:20:30.358Z,59.996,-153.4,140.9,2.6,ml,82,52,0.1,0.9,ak,aka2026inzibn,2026-05-07T04:26:53.553Z,"45 km ENE of Pedro Bay, Alaska",earthquake,3.6,1.6116,0.2,52.0,reviewed,ak,ak,Global
2026-05-01T04:03:16.561Z,50.859,157.0891,76.017,5.1,mb,58,122,2.284,0.75,us,us7000shh1,2026-05-01T04:21:58.040Z,"70 km ENE of Severo-Kuril’sk, Russia",earthquake,11.19,7.01,0.025,536.0,reviewed,us,us,Global
2026-05-01T03:36:28.247Z,-23.4254,-179.9758,558.08,4.4,mb,28,116,5.945,0.95,us,us7000shgw,2026-05-01T03:54:03.040Z,south of the Fiji Islands,earthquake,14.81,10.187,0.109,29.0,reviewed,us,us,Global
2026-05-01T03:12:50.562Z,8.0204,91.7969,10.0,4.8,mb,45,103,5.819,0.93,us,us7000shgu,2026-05-01T03:41:21.040Z,"Nicobar Islands, India region",earthquake,8.81,1.849,0.105,32.0,reviewed,us,us,Global
2026-05-01T02:50:55.252Z,53.527,-164.712,20.7,2.6,ml,23,222,0.8,0.7,ak,aka2026inwipi,2026-05-07T04:12:30.078Z,"97 km SE of Akutan, Alaska",earthquake,6.9,3.951,0.1,16.0,reviewed,ak,ak,Global
2026-05-01T02:13:24.250Z,18.5485,-66.297,97.47,3.22,md,41,188,0.2318,0.2,pr,pr71515233,2026-05-01T02:36:25.820Z,"10 km NNE of Brenas, Puerto Rico",earthquake,0.89,0.53,0.13874461781324,12.0,reviewed,pr,pr,Global
2026-05-01T01:58:41.390Z,40.301166666667,-124.57216666667,9.03,3.69,mw,64,239,0.1761,0.22,nc,nc75354667,2026-05-01T05:57:21.998Z,"24 km W of Petrolia, CA",earthquake,0.58,0.54,,5.0,reviewed,nc,nc,Global
2026-05-01T01:26:59.448Z,53.881,-162.804,0.3,3.0,ml,26,247,0.9,0.5,ak,aka2026intneh,2026-05-07T01:11:31.451Z,"115 km SSE of False Pass, Alaska",earthquake,6.5,3.4212,0.1,21.0,reviewed,ak,ak,Global
2026-05-01T01:02:05.820Z,19.161333333333,-66.7675,25.62,3.08,md,16,258,0.717,0.11,pr,pr71515218,2026-05-01T01:21:41.770Z,"74 km N of Hatillo, Puerto Rico",earthquake,0.65,7.74,0.034075593078239,4.0,reviewed,pr,pr,Global
2026-05-01T00:49:08.859Z,-42.2007,-18.4175,10.0,5.0,mb,33,86,33.101,0.63,us,us7000shg3,2026-05-01T01:08:21.040Z,southern Mid-Atlantic Ridge,earthquake,14.25,1.924,0.088,44.0,reviewed,us,us,Global
2026-04-30T23:57:11.791Z,31.719,-104.255,6.0999,2.6,ml,46,57,0.0,0.2,tx,tx2026imhbfe,2026-05-16T05:15:13.040Z,"51 km SSE of Whites City, New Mexico",earthquake,0.6889627474967,0.45280621583234,0.2,34.0,reviewed,tx,tx,Global
2026-04-30T23:25:43.879Z,63.044,-150.862,129.4,2.6,ml,87,38,0.5,0.6,ak,aka2026inpmmr,2026-05-17T04:12:37.040Z,"61 km N of Petersville, Alaska",earthquake,2.4,2.2467,0.2,64.0,reviewed,ak,ak,Global
2026-04-30T23:17:38.741Z,52.052,-170.807,7.2,3.0,ml,13,225,1.0,0.6,ak,aka2026inpfxy,2026-05-06T22:45:36.557Z,"164 km SW of Nikolski, Alaska",earthquake,26.4,9.4484,0.1,9.0,reviewed,ak,ak,Global
2026-04-30T23:05:48.205Z,53.5895,-164.5521,35.0,2.5,ml,24,209,0.856,0.41,us,us6000svt8,2026-05-17T04:11:03.040Z,"100 km SE of Akutan, Alaska",earthquake,4.99,2.016,0.091,18.0,reviewed,us,us,Global
2026-04-30T22:58:41.904Z,-4.5327,153.0217,10.0,4.8,mb,26,152,0.92,0.88,us,us7000shfd,2026-05-17T04:09:47.040Z,"86 km ESE of Kokopo, Papua New Guinea",earthquake,7.66,1.892,0.131,19.0,reviewed,us,us,Global
2026-04-30T22:43:37.110Z,37.2575,-121.63016666667,6.77,2.77,md,138,42,0.0343,0.1,nc,nc75354597,2026-05-16T05:05:33.040Z,"14 km N of Morgan Hill, CA",earthquake,0.08,0.19,0.161,156.0,reviewed,nc,nc,Global
2026-04-30T22:32:11.667Z,51.6013,-175.1834,35.0,2.6,ml,16,232,0.601,0.35,us,us6000svt7,2026-05-17T04:01:36.040Z,"94 km SW of Atka, Alaska",earthquake,4.92,2.017,0.128,8.0,reviewed,us,us,Global
2026-04-30T21:14:22.320Z,40.335,-125.24283333333,-0.03,2.55,md,25,297,0.69,0.26,nc,nc75354547,2026-05-16T04:56:14.040Z,"81 km W of Petrolia, CA",earthquake,4.57,13.82,0.211,25.0,reviewed,nc,nc,Global
2026-04-30T20:42:12.319Z,54.3058,-159.7137,10.0,3.4,mb,43,211,1.507,0.53,us,us6000svsy,2026-05-14T16:27:01.040Z,"125 km SSE of Sand Point, Alaska",earthquake,6.75,2.008,0.244,4.0,reviewed,us,us,Global
2026-04-30T20:23:32.138Z,-17.7959,-178.666,566.575,4.2,mb,40,80,7.668,0.65,us,us6000sw81,2026-05-14T16:04:40.040Z,"215 km E of Levuka, Fiji",earthquake,8.77,8.517,0.068,60.0,reviewed,us,us,Global
2026-04-30T19:39:49.962Z,29.9169,112.5615,10.0,4.4,mb,37,97,2.682,0.61,us,us6000sw7y,2026-05-14T15:53:23.040Z,"27 km NE of Xiulin, China",earthquake,8.42,1.881,0.105,26.0,reviewed,us,us,Global
2026-04-30T19:17:10.515Z,51.8365,176.1024,35.0,3.7,mb,27,205,1.52,0.57,us,us7000shei,2026-05-13T20:33:19.040Z,"228 km ESE of Attu Station, Alaska",earthquake,4.88,2.001,0.146,12.0,reviewed,us,us,Global
2026-04-30T19:08:03.247Z,53.9826,-165.4639,86.81,2.8,ml,19,184,0.188,0.41,us,us6000svsv,2026-05-13T19:05:14.040Z,"26 km SE of Akutan, Alaska",earthquake,10.52,9.388,0.085,18.0,reviewed,us,us,Global
2026-04-30T18:48:56.447Z,-23.793,-176.2283,10.0,4.4,mb,22,96,7.514,1.03,us,us7000shr2,2026-05-13T17:29:40.040Z,south of the Fiji Islands,earthquake,9.41,1.783,0.124,19.0,reviewed,us,us,Global
2026-04-30T18:36:34.052Z,-0.5117,134.2924,10.0,4.3,mb,39,76,3.145,0.82,us,us7000shdr,2026-05-13T16:50:02.040Z,"46 km NNE of Manokwari, Indonesia",earthquake,7.28,1.801,0.101,28.0,reviewed,us,us,Global
2026-04-30T18:15:30.286Z,40.0206,142.1887,63.544,4.1,mb,33,156,1.152,0.45,us,us6000sw7w,2026-05-13T15:41:14.040Z,"33 km ESE of Noda, Japan",earthquake,7.28,6.508,0.127,17.0,reviewed,us,us,Global
2026-04-30T18:15:01.069Z,51.773,178.2837,114.122,3.6,mb,32,170,0.237,0.43,us,us7000shf2,2026-05-13T15:34:41.040Z,"Rat Islands, Aleutian Islands, Alaska",earthquake,5.47,6.756,0.129,15.0,reviewed,us,us,Global
2026-04-30T17:54:22.354Z,54.5704,-160.5128,26.153,2.5,ml,17,240,0.974,0.96,us,us6000svsr,2026-05-13T15:30:13.040Z,"85 km S of Sand Point, Alaska",earthquake,6.74,15.994,0.128,8.0,reviewed,us,us,Global
2026-04-30T17:28:32.220Z,-27.7359,73.8709,10.0,4.8,mb,59,64,12.466,0.65,us,us7000shd3,2026-05-13T15:23:12.040Z,Mid-Indian Ridge,earthquake,11.61,1.828,0.082,46.0,reviewed,us,us,Global
2026-04-30T16:09:50.104Z,51.3416,-176.4115,35.0,2.7,ml,15,231,0.521,0.45,us,us6000svsb,2026-05-10T16:25:39.040Z,"61 km SSE of Adak, Alaska",earthquake,2.32,2.014,0.128,8.0,reviewed,us,us,Global
2026-04-30T16:03:15.033Z,61.363,-146.682,14.7,3.9,ml,177,23,0.3,1.2,ak,aka2026inasvo,2026-05-04T19:56:46.498Z,"31 km NW of Valdez, Alaska",earthquake,1.5,1.147,0.2,126.0,reviewed,ak,ak,Global
2026-04-30T15:24:32.246Z,51.3329,-178.7255,43.85,2.6,ml,15,208,0.228,0.43,us,us7000shgp,2026-05-10T16:23:17.040Z,"156 km WSW of Adak, Alaska",earthquake,4.35,6.71,0.115,10.0,reviewed,us,us,Global
2026-04-30T15:01:35.606Z,7.6078,126.612,70.071,4.5,mb,44,96,1.156,1.13,us,us7000sh91,2026-05-10T16:22:05.976Z,"6 km ENE of Baganga, Philippines",earthquake,9.7,8.075,0.063,80.0,reviewed,us,us,Global
2026-04-30T14:08:37.816Z,66.3227,-162.5382,10.0,2.5,ml,14,120,1.061,1.14,us,us7000sh8u,2026-05-10T16:11:13.040Z,"28 km NNE of Deering, Alaska",earthquake,4.03,1.971,0.077,22.0,reviewed,us,us,Global
2026-04-30T14:04:13.444Z,51.3859,-175.9388,30.969,2.6,ml,14,237,0.558,0.3,us,us6000svs5,2026-05-10T16:07:27.040Z,"72 km SE of Adak, Alaska",earthquake,5.77,12.797,0.128,8.0,reviewed,us,us,Global
2026-04-30T13:42:11.245Z,-21.6665,-66.5094,250.911,4.2,mb,26,63,2.007,1.02,us,us7000sh8s,2026-05-10T15:51:22.040Z,"85 km WSW of Tupiza, Bolivia",earthquake,8.91,7.264,0.176,9.0,reviewed,us,us,Global
2026-04-30T13:38:10.786Z,53.4971,-163.4264,10.0,2.6,ml,24,237,1.193,0.86,us,us7000shcs,2026-05-10T15:27:44.040Z,"151 km S of False Pass, Alaska",earthquake,6.34,2.013,0.105,12.0,reviewed,us,us,Global
2026-04-30T13:33:54.189Z,51.1847,-178.7687,60.387,3.0,ml,18,211,0.37,0.31,us,us6000svre,2026-05-10T15:22:14.040Z,"166 km WSW of Adak, Alaska",earthquake,4.58,9.862,0.091,16.0,reviewed,us,us,Global
2026-04-30T13:27:01.928Z,-3.4449,148.8022,10.0,5.7,mww,64,49,1.999,0.79,us,us7000sh8r,2026-05-10T15:25:05.105Z,"230 km SE of Lorengau, Papua New Guinea",earthquake,7.82,1.83,0.045,48.0,reviewed,us,us,Global
2026-04-30T13:06:30.438Z,59.36,-153.714,123.3,2.6,ml,99,43,0.1,0.7,ak,aka2026imuvkb,2026-05-10T14:58:39.040Z,"49 km ESE of Pope-Vannoy Landing, Alaska",earthquake,3.6,1.5329,0.3,58.0,reviewed,ak,ak,Global
2026-04-30T13:04:06.453Z,-5.0345,152.6285,50.272,4.5,mb,30,154,0.957,0.82,us,us7000sh8p,2026-05-10T14:54:34.040Z,"86 km SSE of Kokopo, Papua New Guinea",earthquake,7.32,7.324,0.108,25.0,reviewed,us,us,Global
2026-04-30T12:39:59.445Z,69.464,-143.638,4.7,2.7,ml,37,112,0.2,0.9,ak,aka2026imtymw,2026-05-06T18:47:45.882Z,"74 km S of Kaktovik, Alaska",earthquake,5.5,3.7662,0.2,26.0,reviewed,ak,ak,Global
2026-04-30T11:23:06.547Z,39.2972,-119.0798,9.554,2.58,ml,26,90,0.055,0.1714,nn,nn00916880,2026-05-01T13:44:27.040Z,"18 km SE of Silver Springs, Nevada",earthquake,,1.7191,0.35,12.0,reviewed,nn,nn,Global
2026-04-30T10:56:10.352Z,59.012,-137.997,2.7,3.0,ml,53,148,0.1,0.9,ak,aka2026imqmpu,2026-05-06T17:48:10.787Z,"115 km ESE of Yakutat, Alaska",earthquake,4.8,2.4146,0.1,37.0,reviewed,ak,ak,Global
2026-04-30T10:38:21.901Z,40.2394,142.8741,37.529,4.4,mb,53,178,1.485,0.9,us,us7000sh7v,2026-05-07T10:30:47.040Z,"91 km E of Noda, Japan",earthquake,8.99,8.498,0.08,45.0,reviewed,us,us,Global
2026-04-30T09:43:27.959Z,37.1213,-115.3285,9.4342,2.55,ml,36,191,0.276,0.1479,nn,nn00916864,2026-04-30T22:29:42.975Z,"30 km SSW of Alamo, Nevada",earthquake,,2.7167,0.27,19.0,reviewed,nn,nn,Global
2026-04-30T09:07:09.663Z,-18.2522,-175.1974,248.742,5.0,mb,26,79,4.823,1.36,us,us7000sh7l,2026-04-30T09:25:47.040Z,"135 km WNW of Neiafu, Tonga",earthquake,6.22,11.828,0.086,43.0,reviewed,us,us,Global
2026-04-30T08:43:19.582Z,40.515,142.8124,44.657,4.5,mb,45,134,1.358,0.71,us,us7000sh7j,2026-05-09T10:09:44.040Z,"95 km ENE of Kuji, Japan",earthquake,9.09,7.974,0.089,37.0,reviewed,us,us,Global
2026-04-30T08:33:28.592Z,52.9006,-168.1596,68.134,2.6,ml,15,213,0.427,0.43,us,us6000svig,2026-05-08T07:20:35.040Z,"47 km E of Nikolski, Alaska",earthquake,8.89,17.714,0.105,12.0,reviewed,us,us,Global
2026-04-30T08:04:05.830Z,18.144333333333,-67.057333333333,20.72,2.62,md,12,112,0.04134,0.2,pr,pr71515093,2026-04-30T08:20:38.090Z,"6 km NNE of Sabana Eneas, Puerto Rico",earthquake,0.63,0.99,0.073051115973206,4.0,reviewed,pr,pr,Global
2026-04-30T07:44:59.773Z,37.09,-115.3096,7.0,3.65,mwr,18,198,0.298,0.2254,nn,nn00916840,2026-05-09T11:11:52.168Z,"33 km SSW of Alamo, Nevada",earthquake,,0.0,,,reviewed,nn,nn,Global
2026-04-30T06:40:48.483Z,-32.1137,-178.1186,10.0,4.9,mb,28,81,2.864,0.76,us,us7000sh70,2026-05-09T09:57:00.040Z,south of the Kermadec Islands,earthquake,14.07,1.906,0.11,26.0,reviewed,us,us,Global
2026-04-30T06:30:29.535Z,51.3762,-176.4132,35.0,2.8,ml,16,229,0.486,0.51,us,us6000svhg,2026-05-08T07:16:56.040Z,"57 km SSE of Adak, Alaska",earthquake,2.82,1.976,0.128,8.0,reviewed,us,us,Global
2026-04-30T06:29:08.650Z,17.998833333333,-66.842333333333,11.86,2.7,md,5,199,0.2545,0.28,pr,pr71515083,2026-04-30T06:41:10.460Z,"2 km WNW of Indios, Puerto Rico",earthquake,1.2,1.88,0.10524011292626,3.0,reviewed,pr,pr,Global
2026-04-30T05:40:53.111Z,49.4265,155.3174,77.175,4.4,mb,47,137,3.978,0.43,us,us7000sh6y,2026-05-09T07:17:33.040Z,"150 km SSW of Severo-Kuril’sk, Russia",earthquake,13.97,8.303,0.069,61.0,reviewed,us,us,Global
2026-04-30T05:14:05.537Z,40.4445,142.5098,35.096,4.2,mb,22,188,1.153,0.94,us,us6000sw7c,2026-05-09T07:15:05.040Z,"69 km ENE of Kuji, Japan",earthquake,8.65,10.911,0.152,12.0,reviewed,us,us,Global
2026-04-30T04:02:29.721Z,53.498,-164.712,17.4,2.8,ml,19,225,0.8,0.6,ak,aka2026imcrzs,2026-05-05T23:12:32.500Z,"99 km SE of Akutan, Alaska",earthquake,6.3,6.6261,0.1,14.0,reviewed,ak,ak,Global
2026-04-30T03:48:59.160Z,34.022666666667,-117.22733333333,15.61,2.58,ml,114,16,0.08772,0.16,ci,ci41237759,2026-04-30T18:27:06.884Z,"4 km SE of Loma Linda, CA",earthquake,0.1,0.23,0.15149480568014,130.0,reviewed,ci,ci,Global
2026-04-30T03:48:04.760Z,34.021166666667,-117.22566666667,15.71,3.23,ml,139,17,0.08572,0.19,ci,ci41237751,2026-05-09T02:11:29.914Z,"4 km SE of Loma Linda, CA",earthquake,0.1,0.25,0.15439898786213,245.0,reviewed,ci,ci,Global
2026-04-30T03:41:24.183Z,35.9872,69.5968,69.826,4.2,mb,26,234,2.688,1.19,us,us7000sh6d,2026-04-30T03:56:11.040Z,"42 km ESE of Nahrīn, Afghanistan",earthquake,13.15,17.058,0.128,17.0,reviewed,us,us,Pakistan
2026-04-30T01:22:12.020Z,18.731166666667,-65.131833333333,26.32,3.23,md,22,205,0.4118,0.26,pr,pr71515063,2026-04-30T02:09:03.040Z,"48 km NNW of Charlotte Amalie, U.S. Virgin Islands",earthquake,0.91,5.09,0.06675590916521,5.0,reviewed,pr,pr,Global
2026-04-30T01:10:38.125Z,-4.2638,125.9116,383.784,4.4,mb,37,51,3.989,1.03,us,us7000sh5x,2026-04-30T01:31:01.040Z,"243 km S of Sanana, Indonesia",earthquake,10.2,6.242,0.097,31.0,reviewed,us,us,Global
2026-04-30T01:05:38.185Z,60.376,-139.5408,5.0,3.7,ml,26,125,0.851,0.89,us,us7000sh5w,2026-05-01T02:29:36.700Z,"92 km N of Yakutat, Alaska",earthquake,3.15,1.98,0.041,80.0,reviewed,us,us,Global
2026-04-30T00:26:20.101Z,61.518,-146.52,18.1,3.1,ml,118,18,0.3,0.9,ak,aka2026ilvmly,2026-05-05T20:45:45.057Z,"44 km NNW of Valdez, Alaska",earthquake,1.6,1.4336,0.2,85.0,reviewed,ak,ak,Global
2026-04-30T00:10:30.724Z,37.117,-115.2919,0.0,2.62,ml,29,137,0.268,0.1296,nn,nn00916806,2026-05-01T04:13:49.040Z,"29 km SSW of Alamo, Nevada",earthquake,,0.0,0.2,18.0,reviewed,nn,nn,Global
2026-04-29T23:54:10.871Z,-17.6399,-178.8386,534.762,4.3,mb,48,122,2.965,0.61,us,us7000sh5l,2026-05-14T05:26:10.040Z,"201 km ENE of Levuka, Fiji",earthquake,16.33,9.063,0.079,45.0,reviewed,us,us,Global
2026-04-29T23:20:49.325Z,52.1777,176.4369,23.013,3.9,mb,24,178,1.336,1.18,us,us6000svz2,2026-05-08T02:49:42.040Z,"232 km ESE of Attu Station, Alaska",earthquake,9.15,7.087,0.124,17.0,reviewed,us,us,Global
2026-04-29T22:46:57.497Z,-5.7683,130.9243,75.216,4.0,mb,21,99,1.601,0.66,us,us6000svz0,2026-05-11T04:31:02.040Z,"203 km W of Tual, Indonesia",earthquake,6.37,7.988,0.196,7.0,reviewed,us,us,Global
2026-04-29T22:33:39.779Z,55.3272,-159.4742,10.0,2.8,ml,23,222,0.709,0.89,us,us6000sveu,2026-05-11T04:23:36.040Z,"63 km S of Ivanof Bay, Alaska",earthquake,3.43,1.508,0.128,8.0,reviewed,us,us,Global
2026-04-29T22:31:36.241Z,53.4821,-163.3858,10.0,3.1,ml,30,227,1.184,0.51,us,us6000svet,2026-05-11T04:19:33.040Z,"152 km S of False Pass, Alaska",earthquake,2.57,2.008,0.105,12.0,reviewed,us,us,Global
2026-04-29T22:24:50.925Z,36.8655,74.3474,62.973,4.1,mb,27,164,2.068,0.88,us,us7000sh59,2026-05-11T04:15:41.040Z,"67 km NNW of Barishal, Pakistan",earthquake,11.31,6.219,0.109,23.0,reviewed,us,us,Pakistan
2026-04-29T22:24:02.289Z,-5.5934,149.9587,135.659,4.3,mb,18,79,2.601,0.49,us,us6000svyy,2026-05-11T04:13:01.040Z,"20 km WSW of Kimbe, Papua New Guinea",earthquake,11.68,6.309,0.143,14.0,reviewed,us,us,Global
2026-04-29T22:04:41.352Z,8.943,126.4611,35.0,4.9,mb,64,57,2.056,0.84,us,us7000sh55,2026-05-11T04:03:51.057Z,"17 km ENE of Aras-asan, Philippines",earthquake,8.93,1.862,0.051,119.0,reviewed,us,us,Global
2026-04-29T20:38:48.633Z,-27.7124,64.0345,10.0,4.6,mb,44,78,7.944,0.54,us,us7000sh4s,2026-04-29T21:07:15.040Z,Southwest Indian Ridge,earthquake,8.43,1.887,0.092,35.0,reviewed,us,us,Global
2026-04-29T19:10:36.843Z,53.876,-163.99,20.4,2.6,ml,22,225,0.7,0.6,ak,aka2026ikbvjf,2026-05-05T19:52:48.175Z,"115 km SSW of False Pass, Alaska",earthquake,8.1,4.2752,0.1,16.0,reviewed,ak,ak,Global
2026-04-29T17:48:04.775Z,53.48,-164.695,22.0,2.5,ml,12,265,0.9,0.4,ak,aka2026ijzchw,2026-05-05T19:47:07.700Z,"101 km SE of Akutan, Alaska",earthquake,10.5,4.7041,0.1,9.0,reviewed,ak,ak,Global
2026-04-29T17:43:38.640Z,18.486166666667,-64.457333333333,7.36,2.9,md,4,187,0.05233,0.15,pr,pr71515058,2026-04-29T20:54:59.660Z,"39 km ENE of Cruz Bay, U.S. Virgin Islands",earthquake,5.71,1.99,0.22050688871279,4.0,reviewed,pr,pr,Global
2026-04-29T16:53:49.518Z,53.015,-166.9,20.0,2.5,ml,17,226,0.7,0.4,ak,aka2026ijxhmr,2026-05-05T19:40:28.646Z,"98 km SSW of Unalaska, Alaska",earthquake,9.7,5.7183,0.1,13.0,reviewed,ak,ak,Global
2026-04-29T16:48:25.258Z,37.1192,-115.3138,6.1943,2.79,ml,31,142,0.273,0.1563,nn,nn00916757,2026-05-12T19:41:55.040Z,"30 km SSW of Alamo, Nevada",earthquake,,2.2808,0.24,17.0,reviewed,nn,nn,Global
2026-04-29T16:41:44.936Z,-44.624,37.2938,10.0,5.2,mww,76,49,10.378,0.41,us,us7000sh1g,2026-05-12T19:39:52.040Z,Prince Edward Islands region,earthquake,10.67,1.766,0.103,9.0,reviewed,us,us,Global
2026-04-29T16:34:22.319Z,-44.5327,37.4822,10.0,4.4,mb,15,127,10.273,1.02,us,us6000svye,2026-05-12T19:16:32.040Z,Prince Edward Islands region,earthquake,8.3,1.866,0.144,14.0,reviewed,us,us,Global
2026-04-29T16:33:06.765Z,-2.2612,100.54,61.917,4.5,mb,32,183,3.188,0.64,us,us6000svyf,2026-05-12T17:32:49.040Z,"97 km WSW of Sungai Penuh, Indonesia",earthquake,4.95,7.536,0.131,17.0,reviewed,us,us,Global
2026-04-29T16:31:04.728Z,-44.6525,37.3384,10.0,5.1,mb,66,49,10.34,0.49,us,us7000sh1d,2026-05-12T17:07:28.040Z,Prince Edward Islands region,earthquake,8.66,1.764,0.083,47.0,reviewed,us,us,Global
2026-04-29T16:30:51.567Z,-44.5289,37.7743,10.0,4.6,mb,35,60,17.946,0.47,us,us6000svz5,2026-05-12T17:15:19.040Z,Prince Edward Islands region,earthquake,13.58,1.594,0.122,20.0,reviewed,us,us,Global
2026-04-29T16:27:35.614Z,-44.5893,37.5031,10.0,5.3,mww,65,49,10.243,0.5,us,us7000sh1c,2026-05-12T16:48:24.040Z,Prince Edward Islands region,earthquake,3.42,1.775,0.093,11.0,reviewed,us,us,Global
2026-04-29T16:27:04.634Z,-44.4457,37.6661,10.0,4.3,mb,20,120,10.17,1.23,us,us6000svyg,2026-05-12T16:44:09.040Z,Prince Edward Islands region,earthquake,12.47,1.748,0.148,14.0,reviewed,us,us,Global
2026-04-29T16:14:24.802Z,68.0862,-161.4253,10.0,2.6,ml,28,153,0.558,0.48,us,us7000sh11,2026-05-12T15:10:27.040Z,"60 km E of Red Dog Mine, Alaska",earthquake,5.74,2.012,0.064,32.0,reviewed,us,us,Global
2026-04-29T16:11:26.267Z,-44.6734,37.4321,10.0,5.1,mww,109,26,17.839,0.56,us,us7000sh18,2026-05-12T15:02:48.040Z,Prince Edward Islands region,earthquake,10.66,1.74,0.098,10.0,reviewed,us,us,Global
2026-04-29T15:55:12.398Z,39.3217,-119.0377,4.0,3.19,mwr,29,56,0.071,0.1258,nn,nn00916745,2026-05-12T14:49:57.620Z,"19 km ESE of Silver Springs, Nevada",earthquake,,1.0764,,,reviewed,nn,nn,Global
2026-04-29T15:47:06.506Z,53.6294,-165.33,35.0,2.7,ml,21,209,0.529,0.7,us,us6000svee,2026-05-12T14:42:18.040Z,"63 km SSE of Akutan, Alaska",earthquake,4.66,2.014,0.115,10.0,reviewed,us,us,Global
2026-04-29T15:33:17.241Z,37.1182,-115.2965,8.2558,3.2,ml,24,196,0.268,0.1436,nn,nn00916735,2026-05-13T15:39:03.874Z,"29 km SSW of Alamo, Nevada",earthquake,,5.3606,0.25,12.0,reviewed,nn,nn,Global
2026-04-29T15:26:54.395Z,52.723,-170.5676,146.176,2.9,ml,18,175,0.367,0.73,us,us6000svec,2026-05-12T14:33:08.040Z,"117 km WSW of Nikolski, Alaska",earthquake,22.23,6.149,0.097,14.0,reviewed,us,us,Global
2026-04-29T15:19:35.513Z,60.062,-152.549,97.2,3.0,ml,152,45,0.3,0.9,ak,aka2026ijubyw,2026-05-12T14:21:33.040Z,"47 km WNW of Happy Valley, Alaska",earthquake,2.2,1.5098,0.2,106.0,reviewed,ak,ak,Global
2026-04-29T15:06:13.025Z,37.1132,-115.3011,4.0,4.41,mwr,21,201,0.274,0.1427,nn,nn00916724,2026-05-15T15:16:16.971Z,"30 km SSW of Alamo, Nevada",earthquake,,6.5214,,,reviewed,nn,nn,Global
2026-04-29T14:56:07.076Z,-17.9908,-177.9884,574.032,4.1,mb,26,123,7.217,0.88,us,us6000svy5,2026-05-11T21:03:31.040Z,"285 km E of Levuka, Fiji",earthquake,13.22,14.726,0.112,22.0,reviewed,us,us,Global
2026-04-29T14:51:26.271Z,-18.1063,-177.9939,587.116,4.5,mb,85,114,3.779,0.79,us,us7000sh0n,2026-05-11T20:27:09.040Z,"284 km E of Levuka, Fiji",earthquake,12.72,7.116,0.045,144.0,reviewed,us,us,Global
2026-04-29T14:47:47.460Z,34.0325,-116.80666666667,16.04,3.0,ml,115,25,0.0028,0.19,ci,ci41236935,2026-05-11T19:37:27.040Z,"13 km N of Cabazon, CA",earthquake,0.13,0.3,0.16667997269253,190.0,reviewed,ci,ci,Global
2026-04-29T14:16:59.931Z,39.3361,-119.0233,8.3593,2.74,ml,27,55,0.073,0.151,nn,nn00916716,2026-05-11T19:27:14.040Z,"19 km ESE of Silver Springs, Nevada",earthquake,,0.867,0.33,17.0,reviewed,nn,nn,Global
2026-04-29T13:58:53.382Z,52.729,-173.2463,227.153,3.5,mb,40,176,0.624,0.59,us,us6000sve1,2026-05-11T19:19:53.040Z,"87 km NE of Atka, Alaska",earthquake,24.25,10.753,0.097,26.0,reviewed,us,us,Global
2026-04-29T13:08:05.066Z,-18.4723,-175.5153,205.18,4.1,mb,22,130,5.328,0.36,us,us6000svy3,2026-05-11T19:09:14.040Z,"162 km W of Neiafu, Tonga",earthquake,15.63,14.087,0.127,17.0,reviewed,us,us,Global
2026-04-29T12:35:29.925Z,-36.3183,-98.7783,10.0,4.7,mb,33,121,12.824,0.27,us,us7000sgxr,2026-04-29T13:20:55.040Z,southeast of Easter Island,earthquake,10.52,1.904,0.099,31.0,reviewed,us,us,Global
2026-04-29T10:49:00.970Z,62.28,-150.397,60.7,2.5,ml,87,26,0.1,0.8,ak,aka2026ijlfda,2026-05-05T06:04:46.209Z,"9 km WSW of Trapper Creek, Alaska",earthquake,1.9,2.7099,0.2,58.0,reviewed,ak,ak,Global
2026-04-29T09:28:48.213Z,-24.2444,179.7163,539.018,4.4,mb,65,79,6.651,0.59,us,us7000sgwq,2026-04-29T09:48:09.040Z,south of the Fiji Islands,earthquake,11.05,8.714,0.064,69.0,reviewed,us,us,Global
2026-04-29T09:18:06.431Z,62.185,-148.255,22.8,2.8,ml,121,19,0.4,0.9,ak,aka2026ijieuh,2026-05-05T05:56:15.795Z,"44 km NNE of Chickaloon, Alaska",earthquake,1.7,1.7225,0.2,84.0,reviewed,ak,ak,Global
2026-04-29T08:42:21.562Z,-19.9846,-71.0682,10.0,4.7,mb,34,147,0.925,1.33,us,us7000sgwj,2026-04-30T03:04:20.922Z,"98 km WNW of Puerto, Chile",earthquake,6.09,1.927,0.115,23.0,reviewed,us,us,Global
2026-04-29T08:40:50.863Z,54.4993,-159.8805,19.656,3.0,ml,30,214,1.32,1.0,us,us7000siag,2026-05-06T06:03:01.040Z,"101 km SSE of Sand Point, Alaska",earthquake,8.05,12.299,0.081,20.0,reviewed,us,us,Global
2026-04-29T07:40:02.410Z,18.535333333333,-66.298833333333,100.55,3.39,md,36,189,0.2238,0.23,pr,pr71515018,2026-04-30T14:14:58.125Z,"8 km NNE of Brenas, Puerto Rico",earthquake,1.1,0.59,0.14341886737556,24.0,reviewed,pr,pr,Global
2026-04-29T06:47:55.159Z,54.3388,-161.7563,10.0,2.8,ml,23,223,0.715,0.79,us,us7000siad,2026-05-06T06:19:06.040Z,"88 km SSE of King Cove, Alaska",earthquake,3.2,1.973,0.097,14.0,reviewed,us,us,Global
2026-04-29T06:34:18.672Z,-47.8113,115.8857,10.0,4.5,mb,17,146,14.902,0.41,us,us7000sgvx,2026-04-29T07:04:31.040Z,western Indian-Antarctic Ridge,earthquake,14.89,1.968,0.135,16.0,reviewed,us,us,Global
2026-04-29T06:31:15.325Z,54.3112,-161.6288,7.343,2.6,ml,18,237,0.775,0.3,us,us7000siac,2026-05-06T06:39:40.040Z,"94 km SSE of King Cove, Alaska",earthquake,1.71,11.565,0.115,10.0,reviewed,us,us,Global
2026-04-29T06:29:41.617Z,33.5412,81.9551,10.0,4.8,mb,57,81,9.034,1.22,us,us7000sgvv,2026-04-29T06:53:32.040Z,western Xizang,earthquake,8.58,1.857,0.056,100.0,reviewed,us,us,Global
2026-04-29T06:12:17.005Z,-5.5896,-79.0082,59.866,4.8,mb,50,149,2.286,0.81,us,us7000sgvu,2026-04-29T21:53:22.307Z,"10 km WNW of Huabal, Peru",earthquake,9.92,7.552,0.042,172.0,reviewed,us,us,Global
2026-04-29T06:08:38.827Z,52.3136,-171.3465,10.0,3.6,ml,16,198,0.991,0.97,us,us7000sia7,2026-05-06T08:10:26.040Z,"182 km WSW of Nikolski, Alaska",earthquake,8.47,2.006,0.085,18.0,reviewed,us,us,Global
2026-04-29T05:34:29.670Z,19.4115,-66.1328,16.0,3.65,md,26,212,1.0151,0.45,pr,pr2026119001,2026-04-29T07:40:19.040Z,"104 km N of San Juan, Puerto Rico",earthquake,1.59,4.48,0.05,16.0,reviewed,pr,pr,Global
2026-04-29T03:59:55.790Z,19.4876,-66.0706,31.0,3.8,md,26,230,1.1098,0.51,pr,pr2026119000,2026-05-14T05:20:14.040Z,"113 km N of San Juan, Puerto Rico",earthquake,2.26,26.33,0.06,18.0,reviewed,pr,pr,Global
2026-04-29T03:53:55.724Z,62.037,-151.308,84.7,2.7,ml,105,18,0.1,0.9,ak,aka2026iixlll,2026-05-14T05:14:37.040Z,"7 km NE of Skwentna, Alaska",earthquake,1.9,2.2026,0.2,71.0,reviewed,ak,ak,Global
2026-04-29T03:53:48.377Z,40.4027,-127.0924,10.0,2.9,ml,36,278,2.104,0.71,us,us7000sgva,2026-05-14T05:08:37.040Z,"240 km W of Ferndale, California",earthquake,9.4,2.024,0.041,80.0,reviewed,us,us,Global
2026-04-29T03:24:38.919Z,54.2276,-161.6285,5.0,2.8,ml,22,229,0.848,0.5,us,us7000si99,2026-05-08T02:58:37.040Z,"102 km SSE of King Cove, Alaska",earthquake,4.31,1.99,0.097,14.0,reviewed,us,us,Global
2026-04-29T03:20:17.411Z,63.202,-150.693,129.5,3.0,ml,126,24,0.7,0.8,ak,aka2026iiwilq,2026-05-14T05:06:13.040Z,"63 km SE of Denali National Park, Alaska",earthquake,2.1,2.0414,0.2,90.0,reviewed,ak,ak,Global
2026-04-29T03:19:23.672Z,-17.328,-173.7698,127.224,4.5,mb,16,105,3.902,1.02,us,us7000sgv4,2026-05-14T04:58:23.040Z,"148 km N of Neiafu, Tonga",earthquake,10.73,7.09,0.157,12.0,reviewed,us,us,Global
2026-04-29T02:57:39.520Z,37.240166666667,-119.83883333333,16.62,2.68,md,52,34,0.1308,0.22,nc,nc75353577,2026-05-14T04:53:27.040Z,"8 km NW of Yosemite Lakes, CA",earthquake,0.3,0.39,0.161,59.0,reviewed,nc,nc,Global
2026-04-29T02:36:25.744Z,57.409,-152.432,47.5,4.2,ml,211,163,0.4,0.7,ak,aka2026iiuvdi,2026-05-14T04:51:03.558Z,"24 km SSW of Chiniak, Alaska",earthquake,2.7,4.8337,0.2,138.0,reviewed,ak,ak,Global
2026-04-29T02:31:14.099Z,-18.0327,-174.8976,189.958,4.8,mb,32,76,4.828,0.7,us,us7000sgup,2026-05-14T04:43:51.040Z,"118 km NW of Neiafu, Tonga",earthquake,12.88,10.578,0.105,28.0,reviewed,us,us,Global
2026-04-29T02:22:44.183Z,-19.9311,-71.1954,10.0,3.8,mwr,17,216,1.056,0.63,us,us7000sguk,2026-05-14T04:40:32.040Z,"113 km WNW of Puerto, Chile",earthquake,3.74,1.969,0.069,20.0,reviewed,us,us,Global
2026-04-29T01:44:15.487Z,-15.0376,-173.2659,10.0,4.7,mb,19,111,1.823,0.83,us,us7000sgvp,2026-05-14T04:32:39.040Z,"116 km NNE of Hihifo, Tonga",earthquake,8.86,1.775,0.167,11.0,reviewed,us,us,Global
2026-04-29T01:35:57.010Z,38.775,-121.175,9.95,2.64,md,36,30,0.05622,0.29,nc,nc75353522,2026-05-14T04:30:42.040Z,"2 km NW of Granite Bay, CA",earthquake,0.38,0.84,0.203,96.0,reviewed,nc,nc,Global
2026-04-29T01:18:37.234Z,54.6062,-160.0903,35.0,3.1,ml,20,228,1.161,0.84,us,us7000sgub,2026-05-14T04:25:20.040Z,"85 km SSE of Sand Point, Alaska",earthquake,5.09,2.012,0.128,8.0,reviewed,us,us,Global
2026-04-29T01:06:15.297Z,52.1759,176.4623,10.0,3.8,mb,20,178,1.32,0.78,us,us6000svxm,2026-05-08T03:34:26.040Z,"234 km ESE of Attu Station, Alaska",earthquake,6.88,1.386,0.147,12.0,reviewed,us,us,Global
2026-04-29T00:43:35.294Z,39.727,143.3405,35.0,4.3,mb,43,134,2.039,0.3,us,us7000sgu7,2026-05-11T03:56:28.040Z,"120 km E of Miyako, Japan",earthquake,6.56,1.934,0.104,26.0,reviewed,us,us,Global
2026-04-29T00:24:32.752Z,57.283,-149.62,25.8,2.9,ml,33,239,1.7,0.9,ak,aka2026iiqmsx,2026-04-29T03:49:00.040Z,"163 km ESE of Chiniak, Alaska",earthquake,11.7,15.0869,0.3,23.0,reviewed,ak,ak,Global
2026-04-29T00:02:24.040Z,18.179666666667,-67.674833333333,7.78,2.77,md,9,314,0.56,0.43,pr,pr71514978,2026-04-29T19:56:58.880Z,"47 km WSW of Stella, Puerto Rico",earthquake,2.49,31.61,0.023598856521358,7.0,reviewed,pr,pr,Global
2026-04-28T23:35:36.499Z,-29.2365,-71.758,27.528,4.1,mb,25,194,0.817,0.73,us,us7000sgtm,2026-05-07T01:40:16.040Z,"88 km NNW of La Serena, Chile",earthquake,4.85,8.348,0.302,3.0,reviewed,us,us,Global
2026-04-28T23:30:51.680Z,11.8685,143.5001,10.0,4.4,mb,35,157,2.17,0.58,us,us6000svqg,2026-05-07T01:37:58.040Z,"200 km SW of Merizo Village, Guam",earthquake,12.92,1.946,0.107,25.0,reviewed,us,us,Global
2026-04-28T23:03:16.627Z,-18.757,-177.6933,390.831,4.2,mb,22,164,4.166,0.7,us,us6000svqf,2026-05-07T01:19:20.040Z,Fiji region,earthquake,11.75,9.509,0.121,19.0,reviewed,us,us,Global
2026-04-28T22:58:21.996Z,12.3181,125.4915,35.0,4.9,mb,72,104,5.216,0.72,us,us7000sgt9,2026-05-07T01:12:51.040Z,"11 km N of Alugan, Philippines",earthquake,10.0,1.852,0.055,104.0,reviewed,us,us,Global
2026-04-28T21:52:58.698Z,53.5875,-164.7708,10.0,2.9,ml,26,215,0.759,0.81,us,us7000si8j,2026-05-07T00:51:19.040Z,"89 km SE of Akutan, Alaska",earthquake,2.3,1.968,0.128,8.0,reviewed,us,us,Global
2026-04-28T21:22:35.336Z,52.1963,-171.0339,9.708,2.9,ml,12,211,0.924,0.81,us,us7000si8a,2026-05-07T00:45:55.040Z,"168 km WSW of Nikolski, Alaska",earthquake,3.08,8.643,0.115,10.0,reviewed,us,us,Global
2026-04-28T20:48:38.290Z,19.2055,-155.48683333333,32.11,3.18,ml,45,145,0.04417,0.12,hv,hv74947027,2026-05-11T18:45:26.040Z,"0 km WNW of Pāhala, Hawaii",earthquake,0.46,0.55,0.17045518095357,36.0,reviewed,hv,hv,Global
2026-04-28T20:43:54.708Z,40.3032,142.6632,44.218,4.3,mb,18,152,1.311,0.87,us,us6000svqe,2026-05-11T18:38:55.040Z,"75 km ENE of Noda, Japan",earthquake,5.65,8.934,0.178,9.0,reviewed,us,us,Global
2026-04-28T20:22:21.329Z,39.2675,71.8893,4.157,4.0,mb,23,127,0.221,0.42,us,us7000sgsp,2026-05-11T18:02:19.040Z,"31 km E of Karakenja, Tajikistan",earthquake,4.01,5.187,0.149,12.0,reviewed,us,us,Global
2026-04-28T20:11:47.620Z,34.001666666667,-117.213,4.54,2.64,ml,118,24,0.06363,0.18,ci,ci41236151,2026-05-11T17:45:27.040Z,"7 km SSW of Redlands, CA",earthquake,0.1,0.33,0.17428554510681,216.0,reviewed,ci,ci,Global
2026-04-28T19:59:06.785Z,2.5138,128.2913,199.944,4.4,mb,84,85,6.691,0.62,us,us7000sgs6,2026-05-11T17:27:31.040Z,"92 km NNE of Tobelo, Indonesia",earthquake,9.88,6.39,0.071,57.0,reviewed,us,us,Global
2026-04-28T19:39:12.407Z,51.245,-176.926,36.1,2.6,ml,14,227,0.6,0.4,ak,aka2026iihbdb,2026-05-04T19:42:17.614Z,"72 km SSW of Adak, Alaska",earthquake,10.7,7.7968,0.1,11.0,reviewed,ak,ak,Global
2026-04-28T19:26:43.040Z,19.201333333333,-155.486,31.62,3.47,ml,53,143,0.04838,0.13,hv,hv74946942,2026-05-11T16:34:04.390Z,"0 km WSW of Pāhala, Hawaii",earthquake,0.44,0.48,0.21985843510849,41.0,reviewed,hv,hv,Global
2026-04-28T19:23:24.723Z,54.3115,-165.0065,105.415,2.5,ml,18,177,0.246,0.56,us,us7000si84,2026-05-11T16:23:41.040Z,"53 km ENE of Akutan, Alaska",earthquake,12.16,4.02,0.105,12.0,reviewed,us,us,Global
2026-04-28T19:16:05.527Z,41.2677,83.9694,10.0,4.6,mb,72,101,3.585,0.74,us,us7000sgrs,2026-05-11T16:16:09.040Z,"100 km ESE of Kuqa, China",earthquake,7.95,1.851,0.073,56.0,reviewed,us,us,Global
2026-04-28T19:13:13.357Z,-18.5096,-175.4194,220.602,4.6,mb,25,128,5.233,0.88,us,us7000sgrr,2026-05-11T15:51:28.040Z,"152 km W of Neiafu, Tonga",earthquake,15.2,15.085,0.114,23.0,reviewed,us,us,Global
2026-04-28T17:19:03.588Z,51.5569,-175.8385,35.0,3.0,ml,17,220,0.433,0.6,us,us7000shq5,2026-05-11T15:32:03.914Z,"65 km ESE of Adak, Alaska",earthquake,3.2,2.0,0.115,10.0,reviewed,us,us,Global
2026-04-28T17:16:39.700Z,37.8955,-112.23083333333,5.27,2.99,ml,26,66,0.1503,0.27,uu,uu80138421,2026-05-12T19:10:34.327Z,"19 km ENE of Panguitch, Utah",earthquake,0.47,1.25,0.257934395691,24.0,reviewed,uu,uu,Global
2026-04-28T16:32:06.338Z,-5.9905,146.5918,43.834,4.7,mb,116,41,3.438,0.53,us,us7000sgqz,2026-04-28T18:00:17.040Z,"86 km ENE of Kainantu, Papua New Guinea",earthquake,7.57,7.38,0.054,103.0,reviewed,us,us,Global
2026-04-28T16:28:48.365Z,59.205,-138.625,7.9,2.5,ml,23,150,0.2,0.8,ak,aka2026iiatjc,2026-05-02T05:12:45.054Z,"73 km ESE of Yakutat, Alaska",earthquake,6.4,2.382,0.1,18.0,reviewed,ak,ak,Global
2026-04-28T16:18:24.175Z,-23.1275,-175.2728,10.0,4.9,mww,44,129,6.414,0.71,us,us7000sgqy,2026-04-28T18:17:18.040Z,"200 km S of ‘Ohonua, Tonga",earthquake,11.3,1.892,0.11,8.0,reviewed,us,us,Global
2026-04-28T16:07:56.162Z,36.7889,-104.9467,6.277,3.4,ml,17,69,0.068,0.62,us,us7000sgpa,2026-04-28T16:25:50.040Z,"29 km NNE of Ute Park, New Mexico",earthquake,3.04,5.03,0.037,97.0,reviewed,us,us,Global
2026-04-28T15:28:11.539Z,-18.6197,-177.6086,361.072,5.2,mww,174,83,7.288,0.52,us,us7000sgp4,2026-04-29T16:08:02.040Z,Fiji region,earthquake,6.64,14.51,0.103,9.0,reviewed,us,us,Global
2026-04-28T15:13:55.338Z,61.541,-149.899,50.2,2.8,ml,118,29,0.2,0.8,ak,aka2026ihygng,2026-05-02T04:36:06.157Z,"3 km NE of Big Lake, Alaska",earthquake,2.1,1.8993,0.2,85.0,reviewed,ak,ak,Global
2026-04-28T15:09:10.379Z,52.133,-168.01,0.7,2.9,ml,13,271,1.0,0.3,ak,aka2026ihyclf,2026-05-02T04:29:49.778Z,"106 km SSE of Nikolski, Alaska",earthquake,9.1,4.5333,0.1,11.0,reviewed,ak,ak,Global
2026-04-28T14:59:44.513Z,59.93,-151.813,58.1,2.8,ml,90,52,0.3,0.7,ak,aka2026ihxuhf,2026-05-02T04:27:43.689Z,"4 km WSW of Happy Valley, Alaska",earthquake,2.3,2.3555,0.2,61.0,reviewed,ak,ak,Global
2026-04-28T14:55:23.220Z,-33.9441,-72.2494,20.229,4.7,mb,65,80,0.601,0.78,us,us7000sgnz,2026-04-28T16:46:40.272Z,"70 km WSW of San Antonio, Chile",earthquake,3.53,5.178,0.082,47.0,reviewed,us,us,Global
2026-04-28T14:47:02.800Z,18.859666666667,-64.402166666667,24.78,2.67,md,4,304,0.3675,0.22,pr,pr71514973,2026-04-28T19:53:28.900Z,"71 km NE of Cruz Bay, U.S. Virgin Islands",earthquake,5.46,17.36,0.26022123044405,3.0,reviewed,pr,pr,Global
2026-04-28T14:28:58.292Z,39.27,-119.0957,8.964,2.93,ml,28,88,0.047,0.1517,nn,nn00916638,2026-04-28T21:54:02.040Z,"19 km SE of Silver Springs, Nevada",earthquake,,1.3623,0.29,15.0,reviewed,nn,nn,Global
2026-04-28T14:28:25.962Z,61.041,-146.545,1.5,2.5,ml,82,37,0.3,0.8,ak,aka2026ihwtif,2026-05-02T04:21:21.749Z,"14 km SW of Valdez, Alaska",earthquake,2.0,1.4812,0.2,52.0,reviewed,ak,ak,Global
2026-04-28T14:22:21.134Z,56.962,-155.556,63.6,2.8,ml,63,171,0.8,0.5,ak,aka2026ihwocc,2026-05-02T04:18:16.920Z,"84 km W of Akhiok, Alaska",earthquake,5.1,5.2769,0.3,42.0,reviewed,ak,ak,Global
2026-04-28T13:26:08.647Z,61.4203,-140.3601,5.0,3.8,ml,70,39,0.64,1.26,us,us7000sgnh,2026-05-13T16:36:45.207Z,"136 km E of McCarthy, Alaska",earthquake,2.08,1.919,0.032,130.0,reviewed,us,us,Global
2026-04-28T13:20:55.608Z,36.3909,71.4497,107.277,4.5,mb,125,65,2.088,0.63,us,us7000sgng,2026-05-11T15:59:13.040Z,"33 km SSW of Ashkāsham, Afghanistan",earthquake,5.61,7.334,0.052,113.0,reviewed,us,us,Pakistan
2026-04-28T13:12:02.482Z,69.461,-143.468,5.0,2.5,ml,22,130,0.2,0.6,ak,aka2026ihufrl,2026-05-02T04:09:49.171Z,"75 km S of Kaktovik, Alaska",earthquake,5.2,0.0,0.2,14.0,reviewed,ak,ak,Global
2026-04-28T13:07:46.327Z,39.1704,23.3922,9.832,4.8,mww,134,29,0.835,0.54,us,us7000sgnb,2026-04-28T16:06:14.058Z,"8 km W of Skiáthos, Greece",earthquake,3.64,3.248,0.068,21.0,reviewed,us,us,Global
2026-04-28T12:54:45.864Z,-33.965,-72.2263,25.213,4.0,mwr,27,162,0.595,0.88,us,us7000sgn7,2026-04-29T08:26:50.040Z,"70 km SW of San Antonio, Chile",earthquake,2.77,5.956,0.05,38.0,reviewed,us,us,Global
2026-04-28T12:02:39.251Z,41.0113,43.1214,10.0,4.0,mwr,37,56,0.931,1.04,us,us7000sgn2,2026-05-17T00:04:56.040Z,"25 km NW of Arpaçay, Turkey",earthquake,4.18,1.898,0.083,14.0,reviewed,us,us,Global
2026-04-28T11:58:48.127Z,54.4776,-163.4916,10.0,3.0,ml,35,194,0.222,0.52,us,us7000sgv0,2026-05-02T00:17:50.088Z,"42 km S of False Pass, Alaska",earthquake,2.48,1.995,0.081,20.0,reviewed,us,us,Global
2026-04-28T11:12:23.330Z,39.267,23.3291,10.0,4.7,mwr,114,26,0.81,0.63,us,us7000sgmz,2026-04-28T16:06:39.206Z,"10 km ENE of Argalastí, Greece",earthquake,5.26,1.884,0.075,17.0,reviewed,us,us,Global
2026-04-28T10:27:27.022Z,-4.7006,153.5953,113.339,4.8,mb,64,64,1.514,0.5,us,us7000sgms,2026-04-28T10:47:05.040Z,"152 km ESE of Kokopo, Papua New Guinea",earthquake,6.66,6.942,0.068,67.0,reviewed,us,us,Global
2026-04-28T10:14:57.686Z,40.3625,142.5804,43.981,4.5,mb,77,121,1.231,0.7,us,us7000sgmq,2026-04-29T07:57:55.040Z,"70 km ENE of Noda, Japan",earthquake,6.49,7.436,0.073,56.0,reviewed,us,us,Global
2026-04-28T10:07:09.901Z,-32.0894,-178.8476,94.088,4.8,mb,21,109,2.943,0.26,us,us7000sgmr,2026-04-28T13:39:58.040Z,south of the Kermadec Islands,earthquake,16.29,9.965,0.128,19.0,reviewed,us,us,Global
2026-04-28T10:06:22.747Z,-33.9947,-72.166,22.0,4.1,mwr,53,144,0.569,0.59,us,us7000sgmp,2026-04-28T11:46:29.040Z,"68 km SW of San Antonio, Chile",earthquake,4.51,1.926,0.054,33.0,reviewed,us,us,Global
2026-04-28T10:04:20.263Z,-33.9607,-72.2184,24.254,4.2,mwr,44,143,0.587,0.94,us,us7000sgmn,2026-04-28T13:23:13.040Z,"69 km SW of San Antonio, Chile",earthquake,4.11,4.112,0.061,26.0,reviewed,us,us,Global
2026-04-28T09:32:13.000Z,18.968166666667,-155.47666666667,34.81,2.93,ml,42,225,0.1813,0.12,hv,hv74946662,2026-04-29T06:39:41.040Z,"15 km SE of Naalehu, Hawaii",earthquake,0.5,0.91,0.18467494413315,35.0,reviewed,hv,hv,Global
2026-04-28T09:26:54.091Z,53.474,-164.751,22.3,2.7,ml,12,280,0.8,0.4,ak,aka2026ihmtlf,2026-05-01T23:56:42.367Z,"99 km SE of Akutan, Alaska",earthquake,14.0,8.9344,0.0,6.0,reviewed,ak,ak,Global
2026-04-28T08:27:15.040Z,53.4598,-164.7732,35.0,2.7,ml,14,226,0.852,0.51,us,us7000shn6,2026-05-05T08:22:10.040Z,"99 km SE of Akutan, Alaska",earthquake,3.55,2.011,0.128,8.0,reviewed,us,us,Global
2026-04-28T08:00:19.320Z,19.159,-67.745166666667,52.56,3.23,md,11,256,0.8796,0.18,pr,pr71514953,2026-04-28T09:26:03.700Z,"94 km NE of Punta Cana, Dominican Republic",earthquake,1.62,4.43,0.064382767473511,8.0,reviewed,pr,pr,Global
2026-04-28T07:49:07.730Z,19.048833333333,-67.688666666667,5.1,3.41,md,28,213,0.7564,0.57,pr,pr71514928,2026-05-05T07:53:41.040Z,"87 km NW of San Antonio, Puerto Rico",earthquake,2.04,1.9,0.075625788703812,21.0,reviewed,pr,pr,Global
2026-04-28T07:24:43.298Z,40.2442,142.6908,10.0,4.9,mb,66,97,1.354,0.77,us,us7000sgm7,2026-04-28T07:53:32.040Z,"75 km ENE of Noda, Japan",earthquake,7.02,1.856,0.039,209.0,reviewed,us,us,Global
2026-04-28T07:10:09.490Z,18.861666666667,-64.438166666667,9.78,3.16,md,9,283,0.371,0.14,pr,pr71514923,2026-04-28T07:40:14.180Z,"69 km NNE of Cruz Bay, U.S. Virgin Islands",earthquake,0.87,0.99,0.019294390818597,6.0,reviewed,pr,pr,Global
2026-04-28T06:46:43.660Z,53.479,-164.69,24.4,2.7,ml,16,244,0.9,0.4,ak,aka2026ihhlkw,2026-05-01T21:53:58.994Z,"102 km SE of Akutan, Alaska",earthquake,11.4,6.4669,0.1,10.0,reviewed,ak,ak,Global
2026-04-28T06:23:52.879Z,51.3448,159.2004,35.0,4.7,mb,74,165,1.993,1.04,us,us7000sglz,2026-04-28T06:49:59.040Z,"184 km SSE of Vilyuchinsk, Russia",earthquake,10.43,1.949,0.054,104.0,reviewed,us,us,Global
2026-04-28T05:37:29.910Z,-15.8894,-172.8462,10.0,4.5,mb,26,110,2.222,0.85,us,us7000shqe,2026-05-02T05:58:55.040Z,"101 km E of Hihifo, Tonga",earthquake,10.06,1.887,0.136,16.0,reviewed,us,us,Global
2026-04-28T04:41:36.980Z,19.6805,-67.102666666667,30.91,3.16,md,17,247,1.207,0.3,pr,pr71514898,2026-04-28T05:11:47.480Z,"130 km N of Isabela, Puerto Rico",earthquake,1.56,20.48,0.015130280303122,11.0,reviewed,pr,pr,Global
2026-04-28T04:26:05.624Z,-8.9588,127.1672,10.0,4.6,mb,34,62,2.969,1.06,us,us7000sglj,2026-05-14T04:29:53.040Z,"51 km SSE of Lospalos, Timor Leste",earthquake,6.83,1.84,0.109,25.0,reviewed,us,us,Global
2026-04-28T04:17:52.740Z,39.921,-120.416,7.86,3.38,ml,39,59,0.06953,0.13,nc,nc75352982,2026-05-14T04:41:57.040Z,"8 km NE of Lake Davis, CA",earthquake,0.21,0.59,0.158,71.0,reviewed,nc,nc,Global
2026-04-28T03:58:48.971Z,39.2771,-119.0917,7.6431,3.04,ml,25,67,0.047,0.1619,nn,nn00916584,2026-05-15T05:03:12.267Z,"19 km SE of Silver Springs, Nevada",earthquake,,1.4924,0.13,7.0,reviewed,nn,nn,Global
2026-04-28T03:57:54.993Z,39.2781,-119.0918,4.0,3.48,mwr,22,76,0.048,0.1945,nn,nn00916581,2026-04-28T19:37:26.830Z,"19 km SE of Silver Springs, Nevada",earthquake,,1.674,,,reviewed,nn,nn,Global
2026-04-28T03:49:47.824Z,9.7939,-84.155,62.849,4.8,mb,63,94,0.156,1.24,us,us7000sglc,2026-05-09T22:33:56.537Z,"0 km SE of San Ignacio, Costa Rica",earthquake,8.91,5.738,0.034,272.0,reviewed,us,us,Global
2026-04-28T03:33:31.166Z,63.066,-149.833,92.1,4.3,ml,221,14,0.5,0.9,ak,aka2026ihbayw,2026-05-01T16:26:25.040Z,"57 km SW of Cantwell, Alaska",earthquake,1.7,1.8777,0.2,126.0,reviewed,ak,ak,Global
2026-04-28T03:24:29.110Z,39.922,-120.41116666667,8.35,2.52,md,30,59,0.06809,0.14,nc,nc75352957,2026-04-29T00:07:19.500Z,"8 km NE of Lake Davis, CA",earthquake,0.27,0.52,0.171,28.0,reviewed,nc,nc,Global
2026-04-28T03:10:06.180Z,39.92,-120.414,3.29,3.21,ml,34,59,0.0678,0.1,nc,nc75352947,2026-04-28T23:42:20.320Z,"8 km NE of Lake Davis, CA",earthquake,0.2,1.61,0.164,69.0,reviewed,nc,nc,Global
2026-04-28T02:37:08.740Z,18.865333333333,-65.682666666667,10.75,3.17,md,25,219,0.6092,0.22,pr,pr71514878,2026-04-28T04:13:45.950Z,"51 km NNE of Vieques, Puerto Rico",earthquake,0.52,1.03,0.096617369451046,17.0,reviewed,pr,pr,Global
2026-04-28T02:23:46.493Z,52.448,-169.08,28.1,3.1,ml,18,221,0.5,0.8,ak,aka2026igysvu,2026-05-01T19:57:55.675Z,"56 km SSW of Nikolski, Alaska",earthquake,9.7,4.9271,0.1,13.0,reviewed,ak,ak,Global
2026-04-28T02:00:25.197Z,-20.1341,-177.6526,526.977,4.3,mb,36,111,4.708,0.61,us,us7000sgkx,2026-04-28T02:38:38.040Z,"270 km WNW of Houma, Tonga",earthquake,15.9,10.285,0.09,35.0,reviewed,us,us,Global
2026-04-27T23:59:19.206Z,-33.0402,-179.9219,144.197,4.0,mb,15,155,4.151,0.94,us,us6000svm0,2026-05-07T00:34:33.040Z,south of the Kermadec Islands,earthquake,12.47,10.508,0.173,9.0,reviewed,us,us,Global
2026-04-27T23:05:48.470Z,52.4015,160.6173,10.0,4.3,mb,24,166,1.91,0.58,us,us6000svlz,2026-05-07T00:21:07.040Z,"153 km ESE of Petropavlovsk-Kamchatsky, Russia",earthquake,8.1,1.951,0.148,13.0,reviewed,us,us,Global
2026-04-27T23:05:01.751Z,41.2337,83.9115,10.0,4.5,mb,75,109,3.542,0.49,us,us7000sgke,2026-05-06T23:58:49.040Z,"97 km ESE of Kuqa, China",earthquake,7.97,1.889,0.077,49.0,reviewed,us,us,Global
2026-04-27T22:58:17.891Z,41.4158,84.0144,10.0,4.0,mb,11,117,3.62,0.4,us,us7000sgkc,2026-05-06T23:54:30.040Z,"96 km ESE of Kuqa, China",earthquake,10.99,1.939,0.184,8.0,reviewed,us,us,Global
2026-04-27T22:25:08.193Z,-4.6127,153.539,116.085,4.5,mb,50,108,1.434,0.67,us,us7000sgk1,2026-05-06T23:48:08.040Z,"144 km ESE of Kokopo, Papua New Guinea",earthquake,10.42,6.88,0.084,42.0,reviewed,us,us,Global
2026-04-27T21:28:31.686Z,55.724,-155.914,24.3,2.6,ml,22,223,1.6,0.9,ak,aka2026igoymj,2026-05-06T23:35:20.040Z,"167 km ESE of Chignik, Alaska",earthquake,15.5,18.7668,0.1,17.0,reviewed,ak,ak,Global
2026-04-27T20:16:07.257Z,60.4218,-139.526,5.0,2.5,ml,29,84,0.76,1.0,us,us7000sgja,2026-05-05T18:45:08.040Z,"98 km N of Yakutat, Alaska",earthquake,1.96,1.976,0.053,46.0,reviewed,us,us,Global
2026-04-27T18:16:17.310Z,18.93,-65.076666666667,15.95,3.0,md,5,240,0.5857,0.11,pr,pr71514873,2026-04-27T20:51:58.090Z,"66 km NNW of Charlotte Amalie, U.S. Virgin Islands",earthquake,0.89,2.55,0.21988779420947,5.0,reviewed,pr,pr,Global
2026-04-27T17:11:57.966Z,-6.9491,-72.7358,10.0,4.4,mb,22,80,6.439,0.68,us,us6000svlv,2026-05-07T16:00:13.040Z,"75 km N of Cruzeiro do Sul, Brazil",earthquake,4.72,1.905,0.148,13.0,reviewed,us,us,Global
2026-04-27T16:15:35.310Z,18.261,-67.327,17.43,2.87,md,5,301,0.2444,0.21,pr,pr71514868,2026-04-27T16:39:11.090Z,"10 km SW of Stella, Puerto Rico",earthquake,1.61,1.39,0.086146868777144,4.0,reviewed,pr,pr,Global
2026-04-27T16:00:41.129Z,60.5758,-139.8233,6.705,2.5,ml,25,106,0.632,0.87,us,us7000sggf,2026-05-01T03:15:47.043Z,"114 km N of Yakutat, Alaska",earthquake,4.03,10.615,0.042,74.0,reviewed,us,us,Global
2026-04-27T15:24:01.306Z,12.1331,143.7761,10.0,4.4,mb,21,120,1.797,0.82,us,us6000svlu,2026-05-09T16:32:20.040Z,"158 km SW of Merizo Village, Guam",earthquake,7.06,1.873,0.138,15.0,reviewed,us,us,Global
2026-04-27T14:47:13.930Z,34.002666666667,-117.2105,3.29,3.27,ml,129,25,0.06343,0.21,ci,ci41235031,2026-05-11T15:10:32.040Z,"6 km SSW of Redlands, CA",earthquake,0.11,0.28,0.16295526851904,233.0,reviewed,ci,ci,Global
2026-04-27T14:39:10.598Z,56.0124,-149.7088,10.0,3.1,ml,27,243,2.32,0.77,us,us7000shgn,2026-05-11T15:00:48.040Z,"237 km SE of Chiniak, Alaska",earthquake,9.26,2.019,0.059,38.0,reviewed,us,us,Global
2026-04-27T14:01:48.237Z,52.197,176.4529,10.0,4.3,mb,98,145,1.33,0.77,us,us6000st4x,2026-05-11T14:12:47.040Z,"233 km ESE of Attu Station, Alaska",earthquake,7.25,1.896,0.055,92.0,reviewed,us,us,Global
2026-04-27T13:59:14.656Z,53.518,-164.678,18.8,2.7,ml,17,240,0.8,0.4,ak,aka2026igabha,2026-05-01T02:44:49.592Z,"99 km SE of Akutan, Alaska",earthquake,7.2,7.8645,0.1,9.0,reviewed,ak,ak,Global
2026-04-27T13:53:00.300Z,-7.9617,130.2034,10.0,4.3,mb,17,107,3.43,0.99,us,us6000svlr,2026-05-11T13:51:24.040Z,"Pulau Pulau Tanimbar, Indonesia",earthquake,10.76,1.924,0.201,7.0,reviewed,us,us,Global
2026-04-27T13:20:34.255Z,41.7406,-114.8982,4.5189,2.68,ml,4,318,1.028,0.1652,nn,nn00916546,2026-05-10T21:27:39.040Z,"32 km SW of Jackpot, Nevada",earthquake,,5.6745,0.06,2.0,reviewed,nn,nn,Global
2026-04-27T13:15:01.087Z,53.459,-164.801,16.7,2.8,ml,16,226,0.8,0.5,ak,aka2026ifypes,2026-05-01T02:27:09.273Z,"98 km SE of Akutan, Alaska",earthquake,8.6,8.9978,0.1,12.0,reviewed,ak,ak,Global
2026-04-27T13:09:11.326Z,52.8543,-160.7258,10.0,3.3,ml,18,271,2.322,0.77,us,us7000sgie,2026-05-10T20:59:07.040Z,"266 km SSE of King Cove, Alaska",earthquake,6.16,2.024,0.085,18.0,reviewed,us,us,Global
2026-04-27T12:52:24.123Z,43.5712,-127.2294,10.0,3.0,ml,25,275,1.616,0.95,us,us6000st4p,2026-04-27T13:07:28.040Z,"234 km WNW of Bandon, Oregon",earthquake,7.75,2.022,0.039,86.0,reviewed,us,us,Global
2026-04-27T12:42:41.441Z,38.3047,38.6633,10.0,4.0,mb,47,77,0.511,0.69,us,us6000st4v,2026-04-27T14:41:30.040Z,"30 km N of Sincik, Turkey",earthquake,5.05,1.91,0.113,21.0,reviewed,us,us,Global
2026-04-27T11:44:09.762Z,30.4434,100.0452,10.0,4.3,mb,28,158,21.342,0.76,us,us6000st4k,2026-04-27T12:15:31.040Z,"157 km N of Daocheng, China",earthquake,13.4,1.95,0.109,24.0,reviewed,us,us,Global
2026-04-27T11:41:45.490Z,18.966833333333,-65.342333333333,14.47,3.08,md,5,240,0.6583,0.13,pr,pr71514853,2026-04-27T12:31:46.880Z,"73 km N of Culebra, Puerto Rico",earthquake,1.05,2.94,0.06185441930305,4.0,reviewed,pr,pr,Global
2026-04-27T11:37:40.930Z,-21.1392,-69.1609,108.536,4.3,mb,45,54,0.319,1.18,us,us6000st4g,2026-05-16T14:07:10.549Z,"94 km W of Ollagüe, Chile",earthquake,5.17,5.253,0.088,37.0,reviewed,us,us,Global
2026-04-27T10:53:08.620Z,18.186,-67.193833333333,103.06,2.63,md,6,270,0.1958,0.23,pr,pr71514848,2026-04-27T13:26:07.870Z,"5 km WSW of Mayagüez, Puerto Rico",earthquake,3.71,1.17,0.069676799349522,4.0,reviewed,pr,pr,Global
2026-04-27T10:39:46.870Z,19.147166666667,-65.283333333333,20.17,3.35,md,6,246,0.8352,0.21,pr,pr71514833,2026-04-27T11:01:15.580Z,"93 km N of Culebra, Puerto Rico",earthquake,1.44,19.48,0.083431829467142,4.0,reviewed,pr,pr,Global
2026-04-27T08:17:21.658Z,-0.1764,123.7457,135.571,4.6,mb,74,73,6.245,1.0,us,us6000st3z,2026-04-27T08:41:30.040Z,"103 km SW of Modisi, Indonesia",earthquake,9.66,7.945,0.061,81.0,reviewed,us,us,Global
2026-04-27T08:06:41.693Z,35.1342,26.0359,10.0,4.3,mb,64,160,0.951,0.75,us,us6000st3y,2026-04-27T13:25:51.040Z,"10 km SW of Sitia, Greece",earthquake,6.62,1.917,0.093,33.0,reviewed,us,us,Global
2026-04-27T07:45:02.318Z,34.8322,26.1257,10.0,4.9,mb,160,58,1.108,0.58,us,us6000st3w,2026-04-27T10:04:02.040Z,"40 km ESE of Ierápetra, Greece",earthquake,1.9,1.835,0.048,135.0,reviewed,us,us,Global
2026-04-27T06:46:08.014Z,37.3466,71.3121,105.112,5.1,mww,64,63,1.339,1.11,us,us6000st3s,2026-04-27T08:20:54.906Z,"26 km SW of Khorugh, Tajikistan",earthquake,6.97,6.917,0.093,11.0,reviewed,us,us,Global
2026-04-27T06:31:25.970Z,17.9345,-66.986,7.0,3.67,md,22,206,0.1143,0.21,pr,pr2026117001,2026-04-28T06:50:06.120Z,"7 km SE of La Parguera, Puerto Rico",earthquake,0.66,0.34,0.07,11.0,reviewed,pr,pr,Global
2026-04-27T06:18:40.846Z,62.227,-149.738,52.7,2.5,ml,84,21,0.3,0.6,ak,aka2026ifkukn,2026-05-01T01:17:59.792Z,"9 km NE of Susitna North, Alaska",earthquake,1.9,3.0966,0.2,61.0,reviewed,ak,ak,Global
2026-04-27T06:13:00.421Z,34.9749,25.906,10.0,4.1,mb,30,178,0.889,0.47,us,us6000st3m,2026-04-27T14:29:47.040Z,"15 km ESE of Kentrí, Greece",earthquake,5.55,1.949,0.126,17.0,reviewed,us,us,Global
2026-04-27T06:09:44.287Z,-25.6551,-70.9693,25.404,4.3,mb,22,141,0.593,0.5,us,us6000st3h,2026-04-27T13:40:52.040Z,"55 km WSW of Taltal, Chile",earthquake,3.61,6.686,0.188,8.0,reviewed,us,us,Global
2026-04-27T05:55:24.319Z,54.625,-161.914,73.2,2.5,ml,16,220,0.4,0.3,ak,aka2026ifkajm,2026-05-01T01:03:44.925Z,"55 km SSE of King Cove, Alaska",earthquake,20.5,8.586,0.2,11.0,reviewed,ak,ak,Global
2026-04-27T05:12:20.790Z,19.5195,-64.295333333333,36.12,3.43,md,16,301,1.029,0.31,pr,pr71514808,2026-04-27T13:07:06.040Z,"141 km NNE of Cruz Bay, U.S. Virgin Islands",earthquake,4.03,21.31,0.024015091244087,4.0,reviewed,pr,pr,Global
2026-04-27T05:11:27.920Z,19.6996,-64.2335,34.0,3.46,ml,22,294,1.2208,0.31,pr,pr2026117000,2026-04-27T06:29:47.040Z,"162 km NNE of Cruz Bay, U.S. Virgin Islands",earthquake,2.47,19.98,0.0,0.0,reviewed,pr,pr,Global
2026-04-27T05:02:16.501Z,53.534,-164.723,18.1,2.8,ml,20,225,0.8,0.5,ak,aka2026ifigov,2026-05-01T00:56:58.410Z,"96 km SE of Akutan, Alaska",earthquake,6.2,5.1958,0.1,10.0,reviewed,ak,ak,Global
2026-04-27T04:22:37.780Z,48.5605,-122.61866666667,15.05,2.7,ml,71,31,0.0158,0.19,uw,uw62240147,2026-04-28T23:40:56.809Z,"5 km N of Anacortes, Washington",earthquake,0.19,0.42,0.14099662503442,71.0,reviewed,uw,uw,Global
2026-04-27T04:21:59.377Z,63.423,-154.433,7.5,3.2,ml,99,31,0.8,0.8,ak,aka2026ifgxxb,2026-05-01T00:52:14.245Z,"45 km N of Nikolai, Alaska",earthquake,2.3,2.4899,0.2,72.0,reviewed,ak,ak,Global
2026-04-27T03:54:54.920Z,34.715666666667,-87.059833333333,7.16,2.53,md,14,71,0.2636,0.24,se,se60505428,2026-05-15T01:41:05.035Z,"12 km NNE of Trinity, Alabama",earthquake,0.85,2.75,0.049142443608523,10.0,reviewed,se,se,Global
2026-04-27T03:32:34.194Z,45.9854,-112.3135,12.653,2.9,ml,51,28,0.19,0.62,us,us6000st31,2026-04-28T00:19:33.010Z,"17 km E of Butte, Montana",earthquake,1.59,7.507,0.036,102.0,reviewed,us,us,Global
2026-04-27T03:18:05.340Z,13.9941,-92.0889,35.0,4.1,mb,33,209,2.244,1.19,us,us6000st2z,2026-04-27T03:29:47.040Z,"38 km SSW of Champerico, Guatemala",earthquake,10.72,2.01,0.087,36.0,reviewed,us,us,Global
2026-04-27T02:57:15.204Z,57.592,-138.006,3.9,3.2,ml,48,161,1.0,0.9,ak,aka2026ifecwt,2026-05-11T23:07:53.040Z,"113 km WSW of Pelican, Alaska",earthquake,6.7,4.3023,0.2,35.0,reviewed,ak,ak,Global
2026-04-27T02:01:19.930Z,43.3858,-127.1685,10.0,2.9,ml,25,280,2.296,0.97,us,us6000st2r,2026-05-11T23:12:37.040Z,"226 km W of Bandon, Oregon",earthquake,5.1,2.024,0.043,72.0,reviewed,us,us,Global
2026-04-27T01:32:08.929Z,53.5016,-164.7806,43.275,3.0,ml,15,210,0.817,0.72,us,us7000shek,2026-05-12T00:44:21.040Z,"96 km SE of Akutan, Alaska",earthquake,6.4,26.968,0.105,12.0,reviewed,us,us,Global
2026-04-27T01:28:12.756Z,30.6575,141.2291,35.0,4.4,mb,19,137,5.907,1.04,us,us6000svl5,2026-05-12T00:38:48.040Z,"Izu Islands, Japan region",earthquake,5.68,1.936,0.143,14.0,reviewed,us,us,Global
2026-04-27T00:31:04.069Z,6.6546,127.4369,10.0,4.4,mb,17,118,1.89,0.77,us,us6000svl3,2026-05-06T23:10:52.040Z,"116 km ESE of San Ignacio, Philippines",earthquake,10.54,1.931,0.161,11.0,reviewed,us,us,Global
2026-04-26T23:28:44.424Z,56.317,-156.532,14.5,2.9,ml,35,207,1.0,0.4,ak,aka2026iexfdz,2026-05-13T09:53:12.556Z,"115 km E of Chignik, Alaska",earthquake,5.6,4.8822,0.3,26.0,reviewed,ak,ak,Global
2026-04-26T23:09:22.187Z,60.4428,-139.4975,5.0,3.1,ml,29,114,0.836,0.81,us,us6000st2b,2026-05-13T09:48:02.769Z,"100 km N of Yakutat, Alaska",earthquake,3.77,2.004,0.041,78.0,reviewed,us,us,Global
2026-04-26T22:56:39.925Z,53.241,-165.716,23.5,2.8,ml,12,284,0.8,0.2,ak,aka2026iewdnl,2026-04-29T00:20:22.423Z,"88 km SE of Unalaska, Alaska",earthquake,11.4,11.4877,0.1,8.0,reviewed,ak,ak,Global
2026-04-26T22:43:54.189Z,13.2731,144.5065,75.488,4.3,mb,11,134,0.472,0.64,us,us6000svdh,2026-05-05T21:57:58.040Z,"17 km W of Umatac Village, Guam",earthquake,15.78,5.13,0.201,7.0,reviewed,us,us,Global
2026-04-26T22:05:00.266Z,-23.7412,179.6222,558.7,4.6,mb,24,70,6.144,0.31,us,us6000svdg,2026-05-05T20:58:06.040Z,south of the Fiji Islands,earthquake,11.32,8.733,0.136,16.0,reviewed,us,us,Global
2026-04-26T21:41:24.291Z,0.995,96.9633,10.0,4.4,mb,37,75,0.685,0.6,us,us6000svdf,2026-05-05T20:39:39.040Z,"79 km WSW of Gunungsitoli, Indonesia",earthquake,5.32,1.797,0.112,23.0,reviewed,us,us,Global
2026-04-26T20:55:26.919Z,53.563,-164.746,22.1,3.3,ml,32,216,0.8,0.8,ak,aka2026iesdak,2026-05-13T09:42:34.692Z,"92 km SE of Akutan, Alaska",earthquake,6.7,3.9723,0.1,24.0,reviewed,ak,ak,Global
2026-04-26T20:28:30.546Z,60.121,-153.099,125.4,2.8,ml,86,57,0.1,0.6,ak,aka2026ierfex,2026-05-13T09:39:31.677Z,"67 km ENE of Pedro Bay, Alaska",earthquake,3.1,1.7867,0.6,65.0,reviewed,ak,ak,Global
2026-04-26T20:23:55.653Z,42.7102,142.8944,81.0,6.1,mww,128,35,0.722,0.66,us,us6000st1m,2026-05-14T13:11:28.793Z,"24 km WNW of Sarabetsu, Japan",earthquake,6.99,1.913,0.063,24.0,reviewed,us,us,Global
2026-04-26T20:08:06.028Z,-28.7775,-71.3989,35.0,4.1,mwr,24,143,0.655,0.61,us,us6000st1i,2026-05-05T18:24:22.040Z,"66 km WSW of Vallenar, Chile",earthquake,4.51,1.938,0.066,22.0,reviewed,us,us,Global
2026-04-26T19:53:59.264Z,24.0363,126.7102,10.0,4.4,mb,37,138,3.125,0.89,us,us6000st1n,2026-05-05T18:41:51.040Z,"164 km ESE of Miyakojima, Japan",earthquake,9.39,1.923,0.117,21.0,reviewed,us,us,Global
2026-04-26T19:32:52.341Z,53.56,-164.763,26.2,2.9,ml,18,240,0.8,0.7,ak,aka2026iepjun,2026-05-13T09:33:21.671Z,"92 km SE of Akutan, Alaska",earthquake,9.1,4.9727,0.1,12.0,reviewed,ak,ak,Global
2026-04-26T19:26:04.919Z,32.9978,82.8631,10.0,4.3,mb,26,153,7.793,0.81,us,us6000st3d,2026-05-05T18:43:54.040Z,western Xizang,earthquake,11.14,1.926,0.122,19.0,reviewed,us,us,Global
2026-04-26T18:40:18.974Z,34.8959,25.8873,10.0,4.3,mb,56,61,0.907,0.88,us,us6000st1f,2026-05-05T18:22:10.040Z,"18 km SE of Ierápetra, Greece",earthquake,4.65,1.768,0.08,44.0,reviewed,us,us,Global
2026-04-26T18:02:08.067Z,-15.8288,179.4433,10.0,4.6,mb,29,121,0.649,0.81,us,us7000sgwe,2026-05-05T18:47:24.040Z,"67 km N of Labasa, Fiji",earthquake,7.92,1.893,0.126,19.0,reviewed,us,us,Global
2026-04-26T17:59:26.716Z,53.499,-164.713,17.2,2.9,ml,13,276,0.8,0.5,ak,aka2026iemhhp,2026-05-13T09:25:07.296Z,"99 km SE of Akutan, Alaska",earthquake,8.0,6.5587,0.1,10.0,reviewed,ak,ak,Global
2026-04-26T17:09:17.798Z,40.3075,51.7149,10.0,4.5,mb,54,86,2.154,0.82,us,us6000st16,2026-05-05T18:14:36.040Z,"110 km WNW of Türkmenbaşy, Turkmenistan",earthquake,7.27,1.872,0.076,51.0,reviewed,us,us,Global
2026-04-26T16:57:22.588Z,40.0529,142.7243,35.0,5.0,mww,90,114,1.465,0.62,us,us6000st11,2026-05-09T16:22:34.040Z,"77 km E of Noda, Japan",earthquake,6.83,1.834,0.086,13.0,reviewed,us,us,Global
2026-04-26T16:22:43.784Z,62.6553,-25.4637,10.0,4.2,mb,37,119,2.793,0.92,us,us6000st0w,2026-05-09T16:13:42.040Z,"201 km SW of Grindavík, Iceland",earthquake,11.49,1.932,0.108,24.0,reviewed,us,us,Global
2026-04-26T16:19:31.006Z,53.459,-164.82,24.0,2.9,ml,15,278,0.8,0.4,ak,aka2026ieizhc,2026-05-13T09:16:39.274Z,"98 km SE of Akutan, Alaska",earthquake,10.0,5.6395,0.1,10.0,reviewed,ak,ak,Global
2026-04-26T15:52:35.660Z,3.0165,126.4939,48.217,4.3,mb,22,135,4.128,0.64,us,us6000svd8,2026-05-09T16:10:08.040Z,"220 km NW of Tobelo, Indonesia",earthquake,13.39,8.259,0.148,15.0,reviewed,us,us,Global
2026-04-26T15:44:34.390Z,34.0005,-116.751,12.84,3.44,ml,119,24,0.0908,0.18,ci,ci41234575,2026-05-09T16:02:56.040Z,"10 km NNE of Cabazon, CA",earthquake,0.11,0.29,0.16404866485875,277.0,reviewed,ci,ci,Global
2026-04-26T15:14:14.675Z,62.6068,-25.67,10.0,4.4,mb,64,110,2.892,0.98,us,us6000st0n,2026-05-09T16:00:53.040Z,"212 km SW of Grindavík, Iceland",earthquake,9.47,1.921,0.069,60.0,reviewed,us,us,Global
2026-04-26T14:32:03.682Z,42.0371,-83.0534,2.131,2.9,mb_lg,36,51,0.52,0.35,us,us6000st0f,2026-05-05T20:15:54.615Z,"7 km SSE of Amherstburg, Canada",earthquake,1.93,5.814,0.055,87.0,reviewed,us,us,Global
2026-04-26T14:15:22.625Z,49.8827,155.667,87.711,4.4,mb,97,126,3.471,0.63,us,us6000st0e,2026-05-09T15:51:24.040Z,"94 km SSW of Severo-Kuril’sk, Russia",earthquake,11.04,6.635,0.051,111.0,reviewed,us,us,Global
2026-04-26T13:23:01.754Z,51.5084,153.2634,353.664,4.7,mb,174,46,3.159,0.74,us,us6000st08,2026-05-09T15:37:19.040Z,"220 km WNW of Severo-Kuril’sk, Russia",earthquake,9.92,5.525,0.024,543.0,reviewed,us,us,Global
2026-04-26T11:52:25.631Z,2.623,99.2195,183.434,4.6,mb,77,57,0.304,0.63,us,us6000sszu,2026-04-26T12:10:13.040Z,"31 km E of Parapat, Indonesia",earthquake,7.8,4.357,0.06,83.0,reviewed,us,us,Global
2026-04-26T11:29:51.200Z,19.214,-65.2778,12.0,3.49,md,19,250,0.9065,0.34,pr,pr2026116002,2026-04-26T12:33:39.433Z,"100 km N of Culebra, Puerto Rico",earthquake,2.25,3.2,0.11,5.0,reviewed,pr,pr,Global
2026-04-26T10:55:08.408Z,51.9,-174.875,89.5,3.2,ml,15,212,0.5,0.5,ak,aka2026idyfub,2026-05-13T09:02:31.547Z,"56 km SW of Atka, Alaska",earthquake,39.1,8.2044,0.2,12.0,reviewed,ak,ak,Global
2026-04-26T10:46:32.113Z,46.7935,-112.6742,9.482,2.8,ml,43,55,0.163,0.56,us,us6000sszj,2026-04-27T17:53:17.790Z,"17 km S of Lincoln, Montana",earthquake,1.42,8.247,0.037,98.0,reviewed,us,us,Global
2026-04-26T10:36:15.721Z,-22.1384,-66.0705,264.742,4.3,mb,37,126,2.11,0.87,us,us6000sszi,2026-04-26T11:04:15.040Z,"49 km W of La Quiaca, Argentina",earthquake,9.26,8.468,0.113,22.0,reviewed,us,us,Global
2026-04-26T10:33:42.630Z,17.886833333333,-65.652,8.87,2.57,md,16,208,0.3758,0.59,pr,pr71514728,2026-04-26T12:39:41.500Z,"26 km SE of El Negro, Puerto Rico",earthquake,2.35,31.61,0.20659719734738,13.0,reviewed,pr,pr,Global
2026-04-26T10:27:11.870Z,37.288166666667,-121.66016666667,7.63,2.62,md,147,41,0.03091,0.13,nc,nc75351867,2026-04-29T00:22:20.587Z,"16 km E of Seven Trees, CA",earthquake,0.12,0.28,0.134,35.0,reviewed,nc,nc,Global
2026-04-26T09:03:33.250Z,19.208666666667,-64.092833333333,33.6,3.17,md,12,310,0.7724,0.26,pr,pr71514718,2026-04-26T09:27:01.040Z,"122 km NE of Cruz Bay, U.S. Virgin Islands",earthquake,3.63,14.62,0.062305335836204,5.0,reviewed,pr,pr,Global
2026-04-26T08:58:14.591Z,53.486,-164.688,21.0,2.8,ml,13,285,0.9,0.4,ak,aka2026idujar,2026-04-29T00:11:55.463Z,"101 km SE of Akutan, Alaska",earthquake,12.6,6.657,0.1,7.0,reviewed,ak,ak,Global
2026-04-26T08:49:30.902Z,53.5313,-164.7268,28.985,2.9,ml,18,233,0.817,0.35,us,us7000sgtv,2026-05-07T12:31:15.040Z,"96 km SE of Akutan, Alaska",earthquake,6.27,14.16,0.115,10.0,reviewed,us,us,Global
2026-04-26T08:10:19.615Z,6.728,-72.967,168.894,4.2,mb,36,97,2.305,0.82,us,us6000svcx,2026-05-07T12:29:02.040Z,"3 km SSE of Cepitá, Colombia",earthquake,10.65,9.263,0.091,34.0,reviewed,us,us,Global
2026-04-26T07:34:13.682Z,-7.3803,129.056,131.994,4.2,mb,16,113,2.962,0.76,us,us6000ssym,2026-05-07T12:20:24.040Z,"259 km ENE of Lospalos, Timor Leste",earthquake,11.68,3.731,0.167,10.0,reviewed,us,us,Global
2026-04-26T07:24:54.300Z,59.9947,11.4583,10.0,3.9,mb,21,92,1.002,1.05,us,us6000ssyl,2026-04-29T13:07:11.875Z,"7 km SE of Auli, Norway",earthquake,4.9,1.952,0.363,2.0,reviewed,us,us,Global
2026-04-26T07:22:21.144Z,-22.1181,-179.6022,585.562,4.1,mb,21,106,4.878,0.59,us,us6000svcw,2026-05-07T12:15:18.040Z,south of the Fiji Islands,earthquake,13.5,13.876,0.127,17.0,reviewed,us,us,Global
2026-04-26T07:20:42.702Z,2.3613,127.0606,51.068,4.6,mb,48,121,4.905,0.9,us,us6000ssyk,2026-05-07T12:07:08.040Z,"126 km WNW of Tobelo, Indonesia",earthquake,12.97,7.756,0.082,45.0,reviewed,us,us,Global
2026-04-26T07:15:21.897Z,39.349,-118.9892,5.0,3.29,mwr,29,62,0.057,0.1834,nn,nn00916474,2026-05-07T12:06:36.988Z,"21 km ESE of Silver Springs, Nevada",earthquake,,0.9868,,,reviewed,nn,nn,Global
2026-04-26T06:45:25.489Z,53.595,-164.803,51.1,2.7,ml,10,277,0.7,0.4,ak,aka2026idpyoc,2026-04-28T23:53:09.888Z,"87 km SE of Akutan, Alaska",earthquake,40.5,40.7788,0.1,7.0,reviewed,ak,ak,Global
2026-04-26T06:43:53.103Z,40.085,142.7447,35.0,4.7,mb,61,115,1.463,0.64,us,us6000ssyh,2026-05-07T11:44:26.040Z,"79 km E of Noda, Japan",earthquake,8.37,1.917,0.063,77.0,reviewed,us,us,Global
2026-04-26T05:05:49.934Z,18.2847,-68.819,128.665,2.9,ml,16,202,0.475,0.58,us,us6000ssy5,2026-05-07T11:36:40.040Z,"22 km SW of San Rafael del Yuma, Dominican Republic",earthquake,10.8,9.156,0.073,25.0,reviewed,us,us,Global
2026-04-26T05:01:56.470Z,39.3991,40.4646,10.0,4.2,mb,33,76,0.619,0.55,us,us6000ssxz,2026-05-07T11:31:59.040Z,"7 km WSW of Yedisu, Turkey",earthquake,2.14,1.898,0.112,22.0,reviewed,us,us,Global
2026-04-26T04:35:24.453Z,19.2257,120.5644,10.0,4.6,mb,56,136,3.606,0.94,us,us6000svcr,2026-05-08T03:48:13.040Z,"77 km NNW of Pagudpud, Philippines",earthquake,12.78,1.902,0.084,43.0,reviewed,us,us,Global
2026-04-26T04:26:57.367Z,53.6192,-164.7601,28.087,4.6,mb,75,160,0.742,1.02,us,us6000ssxr,2026-05-14T04:17:41.040Z,"87 km SE of Akutan, Alaska",earthquake,3.3,5.302,0.084,43.0,reviewed,us,us,Global
2026-04-26T04:25:15.534Z,-20.3414,-70.1546,27.287,2.9,ml,10,190,0.074,1.01,us,us6000ssxx,2026-04-26T15:17:32.810Z,"7 km SSW of La Tirana, Chile",earthquake,4.91,11.51,0.085,18.0,reviewed,us,us,Global
2026-04-26T04:23:24.422Z,46.8137,93.0533,11.0,5.5,mww,143,23,7.387,0.93,us,us6000ssxt,2026-05-14T04:16:54.505Z,"170 km SE of Khovd, Mongolia",earthquake,7.5,1.843,0.06,27.0,reviewed,us,us,Global
2026-04-26T04:05:02.692Z,53.5723,-164.8496,35.0,3.1,ml,26,215,0.737,1.22,us,us7000sgth,2026-05-14T03:55:23.040Z,"87 km SE of Akutan, Alaska",earthquake,4.76,2.011,0.097,14.0,reviewed,us,us,Global
2026-04-26T03:31:13.265Z,53.6341,-164.7775,35.0,3.8,mb,34,169,0.724,0.93,us,us6000ssxj,2026-05-14T03:53:03.040Z,"86 km SE of Akutan, Alaska",earthquake,4.16,1.845,0.179,8.0,reviewed,us,us,Global
2026-04-26T03:28:29.479Z,52.2147,176.3914,10.0,4.4,mb,74,82,1.37,0.93,us,us6000ssxk,2026-05-14T03:47:52.040Z,"228 km ESE of Attu Station, Alaska",earthquake,6.3,1.873,0.082,43.0,reviewed,us,us,Global
2026-04-26T03:27:04.637Z,50.6666,-174.1632,10.0,3.3,ml,13,295,1.537,0.51,us,us7000sgtf,2026-05-14T03:43:42.040Z,"170 km S of Atka, Alaska",earthquake,7.95,2.026,0.128,8.0,reviewed,us,us,Global
2026-04-26T03:02:46.265Z,-58.6136,-25.3668,35.0,4.7,mb,22,97,19.778,0.75,us,us6000svcp,2026-05-08T04:04:31.040Z,South Sandwich Islands region,earthquake,10.79,1.95,0.12,21.0,reviewed,us,us,Global
2026-04-26T02:54:06.795Z,57.602,-155.498,81.3,3.4,ml,166,127,0.4,0.8,ak,aka2026idihgp,2026-05-14T03:30:00.040Z,"62 km W of Karluk, Alaska",earthquake,3.3,1.6672,0.2,115.0,reviewed,ak,ak,Global
2026-04-26T02:24:03.657Z,47.1103,9.3034,5.0,4.2,mb,26,65,0.514,1.29,us,us6000ssx8,2026-05-14T03:24:39.197Z,"1 km SSW of Walenstadt, Switzerland",earthquake,4.36,1.942,0.186,8.0,reviewed,us,us,Global
2026-04-26T02:19:01.796Z,54.4092,-159.8331,35.0,2.7,ml,16,266,1.391,0.31,us,us7000sgtd,2026-05-14T03:21:15.040Z,"111 km SSE of Sand Point, Alaska",earthquake,7.23,2.024,0.115,10.0,reviewed,us,us,Global
2026-04-26T01:59:46.693Z,43.7481,-75.4381,2.168,2.5,mb_lg,54,62,0.528,0.44,us,us6000ssx0,2026-05-14T00:24:11.070Z,"6 km SE of Lowville, New York",earthquake,1.31,5.577,0.17,9.0,reviewed,us,us,Global
2026-04-26T01:57:26.847Z,-5.2762,102.323,35.0,4.3,mb,17,200,1.107,0.71,us,us6000svcm,2026-05-08T04:19:55.040Z,"163 km S of Bengkulu, Indonesia",earthquake,8.03,1.979,0.178,9.0,reviewed,us,us,Global
2026-04-26T01:35:00.915Z,-8.185,107.9233,35.0,4.4,mb,25,68,0.767,1.14,us,us6000svcl,2026-05-08T04:53:04.040Z,"94 km SSW of Kawalu, Indonesia",earthquake,6.29,1.411,0.12,20.0,reviewed,us,us,Global
2026-04-26T01:23:52.027Z,53.533,-164.674,34.9,2.7,ml,17,279,0.8,0.4,ak,aka2026idfgvy,2026-04-28T22:59:12.669Z,"98 km SE of Akutan, Alaska",earthquake,11.0,30.9167,0.1,12.0,reviewed,ak,ak,Global
2026-04-26T01:03:53.230Z,19.731,-64.229,22.0,3.72,md,19,288,1.2525,0.22,pr,pr2026116000,2026-05-14T00:22:05.040Z,"165 km NNE of Cruz Bay, U.S. Virgin Islands",earthquake,0.92,19.05,0.15,12.0,reviewed,pr,pr,Global
2026-04-26T00:25:28.596Z,51.2443,-178.0369,35.0,2.8,ml,13,246,0.519,0.29,us,us7000sgt3,2026-05-11T23:00:59.040Z,"119 km SW of Adak, Alaska",earthquake,3.75,2.01,0.128,8.0,reviewed,us,us,Global
2026-04-25T23:54:24.497Z,53.5736,-164.8362,35.0,2.7,ml,21,231,0.741,0.94,us,us6000sw1s,2026-05-08T21:44:42.040Z,"87 km SE of Akutan, Alaska",earthquake,5.02,2.015,0.105,12.0,reviewed,us,us,Global
2026-04-25T23:41:56.730Z,37.703,-122.51566666667,6.76,2.61,md,126,96,0.03451,0.06,nc,nc75351637,2026-05-15T03:03:58.040Z,"3 km SSW of San Francisco Zoo, CA",earthquake,0.11,0.19,0.135,103.0,reviewed,nc,nc,Global
2026-04-25T23:39:38.250Z,37.704166666667,-122.51616666667,6.96,2.89,md,150,96,0.03561,0.08,nc,nc75351622,2026-05-15T03:12:39.040Z,"3 km SSW of San Francisco Zoo, CA",earthquake,0.11,0.21,0.161,168.0,reviewed,nc,nc,Global
2026-04-25T23:35:18.487Z,-30.2229,-177.9059,56.526,4.9,mb,27,141,0.975,0.98,us,us6000sswn,2026-05-15T03:01:24.040Z,"Kermadec Islands, New Zealand",earthquake,10.64,7.443,0.129,19.0,reviewed,us,us,Global
2026-04-25T23:33:43.043Z,-28.7749,61.9944,10.0,4.2,mb,11,102,9.458,1.09,us,us7000si77,2026-05-09T03:47:26.040Z,Southwest Indian Ridge,earthquake,14.76,1.93,0.216,6.0,reviewed,us,us,Global
2026-04-25T23:07:49.684Z,47.2979,-66.3487,5.0,2.5,mb_lg,11,132,1.793,1.32,us,us6000sswd,2026-05-15T03:14:30.040Z,"63 km SW of Bathurst, Canada",earthquake,3.98,2.002,0.18,8.0,reviewed,us,us,Global
2026-04-25T23:01:03.937Z,-5.2491,103.5871,63.87,4.6,mb,48,119,1.084,0.85,us,us6000sswe,2026-05-15T02:38:27.040Z,"139 km SSW of Baturaja, Indonesia",earthquake,8.02,7.411,0.09,37.0,reviewed,us,us,Global
2026-04-25T22:34:10.054Z,-2.8315,138.6344,35.912,4.1,mb,21,102,2.09,1.1,us,us7000si76,2026-05-07T22:57:25.040Z,"223 km W of Abepura, Indonesia",earthquake,6.51,9.379,0.144,15.0,reviewed,us,us,Global
2026-04-25T22:19:05.190Z,69.149,-144.636,10.0,2.5,ml,32,127,0.6,1.0,ak,aka2026iczexa,2026-05-07T20:57:55.999Z,"116 km SSW of Kaktovik, Alaska",earthquake,4.2,0.0,0.2,22.0,reviewed,ak,ak,Global
2026-04-25T22:16:06.985Z,55.981,-159.447,107.4,3.1,ml,57,178,0.1,0.6,ak,aka2026iczbrx,2026-05-11T22:48:23.040Z,"9 km NNE of Ivanof Bay, Alaska",earthquake,10.0,1.9883,0.2,39.0,reviewed,ak,ak,Global
2026-04-25T21:38:09.827Z,-3.1099,148.0157,10.0,4.3,mb,11,94,1.242,0.94,us,us7000si75,2026-05-15T03:30:43.040Z,"144 km SE of Lorengau, Papua New Guinea",earthquake,9.3,1.925,0.216,7.0,reviewed,us,us,Global
2026-04-25T21:30:00.495Z,-2.9811,147.7285,10.0,4.2,mb,11,90,0.999,0.94,us,us7000si74,2026-05-15T04:17:58.040Z,"116 km SSE of Lorengau, Papua New Guinea",earthquake,5.27,1.878,0.235,5.0,reviewed,us,us,Global
2026-04-25T21:25:53.986Z,53.479,-164.741,20.2,2.5,ml,18,276,0.8,0.4,ak,aka2026icxkks,2026-05-07T20:50:03.926Z,"99 km SE of Akutan, Alaska",earthquake,11.3,6.2616,0.1,15.0,reviewed,ak,ak,Global
2026-04-25T21:13:19.511Z,-2.9458,147.7527,10.0,4.3,mb,15,81,0.976,1.27,us,us7000si71,2026-05-10T01:54:03.040Z,"114 km SSE of Lorengau, Papua New Guinea",earthquake,8.93,1.909,0.188,8.0,reviewed,us,us,Global
2026-04-25T21:02:28.808Z,86.1414,32.0896,10.0,4.3,mb,49,99,6.569,0.8,us,us6000ssvy,2026-05-11T22:46:46.040Z,north of Svalbard,earthquake,11.97,1.914,0.084,40.0,reviewed,us,us,Global
2026-04-25T20:41:31.875Z,39.8493,143.1478,33.719,4.8,mww,93,98,1.849,0.45,us,us6000ssvu,2026-05-05T16:00:36.040Z,"105 km ENE of Miyako, Japan",earthquake,4.07,5.204,0.083,14.0,reviewed,us,us,Global
2026-04-25T20:23:14.466Z,53.487,-164.829,23.9,3.0,ml,34,218,0.8,0.8,ak,aka2026icvilh,2026-05-07T20:35:11.757Z,"95 km SE of Akutan, Alaska",earthquake,6.4,3.4841,0.1,25.0,reviewed,ak,ak,Global
2026-04-25T20:14:39.044Z,-14.5714,-76.523,10.0,5.0,mb,61,142,7.03,0.68,us,us6000ssvq,2026-05-05T15:49:05.040Z,"82 km SSW of Paracas, Peru",earthquake,11.05,1.897,0.037,236.0,reviewed,us,us,Global
2026-04-25T19:49:58.072Z,35.087,25.9299,10.0,4.9,mww,86,41,0.875,0.63,us,us6000ssve,2026-05-05T15:41:00.040Z,"17 km ENE of Kentrí, Greece",earthquake,6.71,1.832,0.05,39.0,reviewed,us,us,Global
2026-04-25T19:44:19.707Z,53.471,-164.699,19.9,3.4,ml,25,260,0.9,0.5,ak,aka2026icuavv,2026-05-07T20:33:19.790Z,"102 km SE of Akutan, Alaska",earthquake,6.1,5.3608,0.1,35.0,reviewed,ak,ak,Global
2026-04-25T19:42:55.387Z,-2.6962,138.5042,39.171,4.3,mb,32,89,2.204,0.67,us,us7000si6y,2026-05-05T15:14:21.040Z,"236 km W of Abepura, Indonesia",earthquake,11.03,7.848,0.102,27.0,reviewed,us,us,Global
2026-04-25T19:20:38.624Z,44.3611,-129.667,10.0,4.2,mb,45,217,4.095,0.32,us,us6000ssvc,2026-05-05T19:30:50.153Z,off the coast of Oregon,earthquake,10.89,1.992,0.118,20.0,reviewed,us,us,Global
2026-04-25T19:20:31.069Z,53.507,-164.814,21.6,2.5,ml,25,239,0.8,0.9,ak,aka2026ictgjd,2026-05-07T20:25:30.848Z,"94 km SE of Akutan, Alaska",earthquake,8.0,4.0097,0.1,18.0,reviewed,ak,ak,Global
2026-04-25T18:49:12.715Z,-53.994,-2.6671,10.0,4.5,mb,23,89,18.195,0.51,us,us7000sgwb,2026-05-05T16:04:55.040Z,southern Mid-Atlantic Ridge,earthquake,13.56,1.9,0.118,21.0,reviewed,us,us,Global
2026-04-25T18:21:25.263Z,-53.9291,-2.5298,10.0,4.9,mb,32,74,27.225,0.34,us,us6000st3q,2026-04-28T15:00:30.040Z,southern Mid-Atlantic Ridge,earthquake,13.1,1.824,0.11,26.0,reviewed,us,us,Global
2026-04-25T17:40:25.434Z,0.2005,125.9536,35.0,4.6,mb,94,44,6.131,0.7,us,us6000ssuz,2026-05-05T15:29:57.040Z,"165 km SE of Bitung, Indonesia",earthquake,7.85,1.886,0.06,87.0,reviewed,us,us,Global
2026-04-25T16:47:05.994Z,51.6183,178.3303,19.599,3.7,ml,24,183,0.347,0.71,us,us6000ssy2,2026-04-28T17:31:13.040Z,"Rat Islands, Aleutian Islands, Alaska",earthquake,4.84,6.06,0.085,18.0,reviewed,us,us,Global
2026-04-25T16:39:20.089Z,54.4808,-163.5172,9.866,2.5,ml,16,196,0.21,0.32,us,us6000st22,2026-05-06T20:52:48.396Z,"42 km S of False Pass, Alaska",earthquake,2.96,6.282,0.091,16.0,reviewed,us,us,Global
2026-04-25T16:13:37.110Z,53.582,-164.771,18.4,2.9,ml,40,215,0.8,1.1,ak,aka2026icnbgi,2026-05-06T07:22:16.411Z,"90 km SE of Akutan, Alaska",earthquake,5.0,4.9179,0.1,29.0,reviewed,ak,ak,Global
2026-04-25T16:01:00.400Z,19.224,-65.289833333333,30.28,3.29,md,17,251,0.9117,0.32,pr,pr71514668,2026-04-25T18:04:46.040Z,"101 km N of Culebra, Puerto Rico",earthquake,1.58,14.71,0.052734176254741,16.0,reviewed,pr,pr,Global
2026-04-25T15:57:29.160Z,19.276833333333,-65.275166666667,32.32,3.41,md,20,256,0.9642,0.46,pr,pr71514658,2026-04-25T17:57:48.040Z,"107 km N of Culebra, Puerto Rico",earthquake,2.32,18.41,0.1553658749395,17.0,reviewed,pr,pr,Global
2026-04-25T15:41:12.281Z,52.2963,176.4679,13.5,4.0,mb,60,165,1.341,0.63,us,us6000ssy1,2026-04-28T17:20:46.040Z,"230 km ESE of Attu Station, Alaska",earthquake,7.53,4.851,0.069,56.0,reviewed,us,us,Global
2026-04-25T15:26:19.410Z,19.233166666667,-65.2705,16.39,3.16,md,18,252,0.9209,0.25,pr,pr71514648,2026-04-25T17:47:52.040Z,"103 km N of Culebra, Puerto Rico",earthquake,1.72,3.48,0.11020304670838,17.0,reviewed,pr,pr,Global
2026-04-25T15:20:04.124Z,53.595,-164.76,23.0,2.7,ml,35,215,0.8,1.1,ak,aka2026iclhev,2026-05-06T07:15:04.946Z,"89 km SE of Akutan, Alaska",earthquake,7.0,4.1968,0.1,27.0,reviewed,ak,ak,Global
2026-04-25T15:15:12.107Z,21.3783,94.8216,108.0,4.3,mb,82,63,0.193,0.7,us,us6000ssum,2026-04-25T17:36:28.040Z,"27 km W of Pakokku, Burma (Myanmar)",earthquake,9.38,4.484,0.062,74.0,reviewed,us,us,Global
2026-04-25T15:02:03.549Z,59.815,-153.171,128.3,2.5,ml,100,60,0.2,0.8,ak,aka2026ickrte,2026-05-06T07:06:08.285Z,"52 km E of Pedro Bay, Alaska",earthquake,3.3,1.6583,0.4,70.0,reviewed,ak,ak,Global
2026-04-25T14:42:23.587Z,53.534,-164.689,19.6,2.5,ml,24,255,0.8,0.5,ak,aka2026ickasn,2026-05-06T07:04:42.845Z,"97 km SE of Akutan, Alaska",earthquake,6.2,6.4479,0.1,19.0,reviewed,ak,ak,Global
2026-04-25T14:39:49.799Z,53.445,-164.811,16.8,2.6,ml,20,278,0.8,0.4,ak,aka2026icjymw,2026-05-06T07:01:51.447Z,"99 km SE of Akutan, Alaska",earthquake,6.9,7.8263,0.1,16.0,reviewed,ak,ak,Global
2026-04-25T13:44:10.058Z,54.5036,-160.2765,35.0,3.2,ml,27,207,1.402,0.57,us,us6000ssuh,2026-05-06T06:49:07.434Z,"93 km S of Sand Point, Alaska",earthquake,5.34,2.014,0.071,26.0,reviewed,us,us,Global
2026-04-25T13:28:49.639Z,53.571,-164.776,22.9,2.5,ml,30,216,0.8,1.1,ak,aka2026ichplk,2026-05-06T06:34:56.352Z,"90 km SE of Akutan, Alaska",earthquake,7.1,4.4673,0.1,23.0,reviewed,ak,ak,Global
2026-04-25T13:23:34.672Z,61.493,-149.782,24.3,2.5,ml,80,50,0.3,0.8,ak,aka2026ichkum,2026-05-06T06:33:51.997Z,"4 km NW of Knik, Alaska",earthquake,2.0,1.8829,0.1,53.0,reviewed,ak,ak,Global
2026-04-25T13:22:05.912Z,52.9203,160.9454,10.0,4.5,mb,50,137,1.97,1.62,us,us6000ssu2,2026-04-25T14:21:40.040Z,"156 km E of Petropavlovsk-Kamchatsky, Russia",earthquake,11.42,1.916,0.081,45.0,reviewed,us,us,Global
2026-04-25T12:58:24.810Z,19.443833333333,-65.618833333333,22.02,3.34,md,26,260,1.174,0.32,pr,pr71514633,2026-05-07T11:29:13.040Z,"114 km NNE of Suárez, Puerto Rico",earthquake,0.97,22.25,0.10349114946684,18.0,reviewed,pr,pr,Global
2026-04-25T12:39:14.056Z,53.5461,-164.6793,35.0,2.5,ml,15,258,0.827,0.41,us,us6000svjl,2026-05-07T11:11:24.040Z,"97 km SE of Akutan, Alaska",earthquake,4.28,2.014,0.115,10.0,reviewed,us,us,Global
2026-04-25T12:36:37.484Z,60.072,-151.499,50.5,3.7,ml,203,54,0.4,1.0,ak,aka2026icfwif,2026-05-07T11:16:50.572Z,"9 km ENE of Ninilchik, Alaska",earthquake,1.7,2.2737,0.2,133.0,reviewed,ak,ak,Global
2026-04-25T12:32:50.424Z,53.491,-164.736,21.8,2.6,ml,22,276,0.8,0.4,ak,aka2026icftaa,2026-05-06T06:22:01.389Z,"99 km SE of Akutan, Alaska",earthquake,9.2,4.8624,0.1,18.0,reviewed,ak,ak,Global
2026-04-25T12:30:22.526Z,53.51,-164.672,25.0,2.5,ml,22,276,0.9,0.3,ak,aka2026icfqww,2026-05-06T06:18:28.266Z,"100 km SE of Akutan, Alaska",earthquake,6.9,5.283,0.1,18.0,reviewed,ak,ak,Global
2026-04-25T12:22:17.330Z,54.545,-160.02,3.5,2.5,ml,17,269,1.2,0.9,ak,aka2026icfjzb,2026-05-06T06:16:52.535Z,"93 km SSE of Sand Point, Alaska",earthquake,8.5,4.2156,0.1,8.0,reviewed,ak,ak,Global
2026-04-25T12:11:01.572Z,39.3357,-118.976,6.0,3.65,mwr,23,223,0.072,0.1283,nn,nn00916412,2026-05-07T07:51:47.373Z,"22 km SW of Fallon, Nevada",earthquake,,1.0967,,,reviewed,nn,nn,Global
2026-04-25T11:58:24.381Z,19.5344,-68.4444,10.0,2.8,ml,12,219,1.016,0.63,us,us6000ssti,2026-05-07T07:22:05.040Z,"87 km NE of Miches, Dominican Republic",earthquake,5.87,2.005,0.074,24.0,reviewed,us,us,Global
2026-04-25T11:53:07.687Z,53.516,-164.763,22.5,2.5,ml,21,257,0.8,0.9,ak,aka2026icekwh,2026-05-06T06:05:00.438Z,"95 km SE of Akutan, Alaska",earthquake,7.7,4.05,0.1,18.0,reviewed,ak,ak,Global
2026-04-25T11:46:48.964Z,53.494,-164.687,18.0,2.5,ml,23,258,0.9,0.3,ak,aka2026icefjl,2026-05-06T06:00:31.912Z,"101 km SE of Akutan, Alaska",earthquake,6.1,6.2667,0.1,20.0,reviewed,ak,ak,Global
2026-04-25T11:43:02.229Z,39.4059,15.4387,272.386,4.0,mb,46,111,0.654,1.05,us,us6000sstf,2026-05-07T07:18:15.040Z,"41 km WSW of Cittadella del Capo, Italy",earthquake,7.71,4.103,0.092,32.0,reviewed,us,us,Global
2026-04-25T11:35:22.560Z,53.455,-164.754,18.0,2.6,ml,23,270,0.9,0.4,ak,aka2026icdvne,2026-05-06T05:58:25.550Z,"101 km SE of Akutan, Alaska",earthquake,6.4,7.0392,0.1,20.0,reviewed,ak,ak,Global
2026-04-25T11:22:29.366Z,53.534,-164.754,22.5,2.6,ml,30,217,0.8,0.7,ak,aka2026icdkjq,2026-05-06T05:52:19.112Z,"94 km SE of Akutan, Alaska",earthquake,9.7,4.5062,0.1,22.0,reviewed,ak,ak,Global
2026-04-25T11:19:39.795Z,53.582,-164.7612,35.0,3.5,mb,40,164,0.767,1.07,us,us6000sstb,2026-05-07T06:41:02.040Z,"90 km SE of Akutan, Alaska",earthquake,5.06,1.985,0.143,12.0,reviewed,us,us,Global
2026-04-25T11:17:49.662Z,53.479,-164.74,23.1,2.5,ml,23,269,0.8,0.4,ak,aka2026icdgjp,2026-05-06T05:50:55.117Z,"99 km SE of Akutan, Alaska",earthquake,8.5,4.5958,0.1,20.0,reviewed,ak,ak,Global
2026-04-25T11:15:21.859Z,53.6604,-164.9025,35.0,2.7,ml,26,204,0.652,0.9,us,us6000sviz,2026-05-07T06:36:24.040Z,"77 km SE of Akutan, Alaska",earthquake,3.68,2.015,0.085,18.0,reviewed,us,us,Global
2026-04-25T10:46:25.318Z,60.192,-151.072,71.9,2.6,ml,90,64,0.4,0.7,ak,aka2026iccfjq,2026-05-06T05:46:08.248Z,"18 km ESE of Clam Gulch, Alaska",earthquake,2.2,2.3599,0.2,62.0,reviewed,ak,ak,Global
2026-04-25T10:31:08.491Z,53.531,-164.722,15.3,2.5,ml,23,226,0.8,0.5,ak,aka2026icbshf,2026-04-30T20:15:18.789Z,"96 km SE of Akutan, Alaska",earthquake,5.7,6.3907,0.1,18.0,reviewed,ak,ak,Global
2026-04-25T10:30:04.588Z,53.468,-164.75,14.9,2.5,ml,23,260,0.9,0.3,ak,aka2026icbric,2026-04-30T20:11:20.305Z,"100 km SE of Akutan, Alaska",earthquake,6.3,3.5595,0.1,17.0,reviewed,ak,ak,Global
2026-04-25T10:20:20.605Z,52.6012,158.8735,80.156,5.2,mww,102,104,0.875,0.71,us,us6000sst4,2026-05-07T06:39:00.392Z,"48 km SE of Vilyuchinsk, Russia",earthquake,6.52,5.526,0.086,13.0,reviewed,us,us,Global
2026-04-25T10:17:59.488Z,53.5568,-164.8991,35.0,2.6,ml,24,207,0.729,0.54,us,us7000she4,2026-05-07T06:20:39.040Z,"86 km SE of Akutan, Alaska",earthquake,4.2,2.011,0.085,18.0,reviewed,us,us,Global
2026-04-25T10:14:27.953Z,53.6028,-164.8327,35.0,2.9,ml,20,206,0.722,0.84,us,us7000she2,2026-05-07T06:03:54.040Z,"85 km SE of Akutan, Alaska",earthquake,5.47,2.017,0.091,16.0,reviewed,us,us,Global
2026-04-25T10:10:04.686Z,53.7242,-164.9681,35.0,2.8,ml,29,201,0.579,0.77,us,us7000she1,2026-05-07T06:00:49.040Z,"69 km SE of Akutan, Alaska",earthquake,2.86,2.013,0.085,18.0,reviewed,us,us,Global
2026-04-25T10:03:40.061Z,53.6082,-164.7714,35.0,3.5,ml,31,207,0.744,0.55,us,us6000ssts,2026-05-07T05:54:07.040Z,"88 km SE of Akutan, Alaska",earthquake,5.09,2.014,0.081,20.0,reviewed,us,us,Global
2026-04-25T09:59:59.567Z,53.6425,-164.8637,35.0,3.0,ml,29,205,0.681,0.54,us,us7000sgkb,2026-05-06T12:42:32.040Z,"81 km SE of Akutan, Alaska",earthquake,3.66,1.966,0.085,18.0,reviewed,us,us,Global
2026-04-25T09:53:40.170Z,-8.957,-74.9197,133.014,4.7,mb,47,107,3.556,0.47,us,us6000sst2,2026-05-07T05:49:22.040Z,"23 km W of Tournavista, Peru",earthquake,12.68,7.875,0.033,275.0,reviewed,us,us,Global
2026-04-25T09:51:55.527Z,52.2313,176.5,10.0,3.7,mb,21,174,1.307,0.73,us,us7000si6h,2026-05-06T12:27:59.040Z,"235 km ESE of Attu Station, Alaska",earthquake,9.0,1.981,0.152,11.0,reviewed,us,us,Global
2026-04-25T09:40:38.528Z,51.2789,89.8391,10.0,4.6,mb,43,66,4.063,0.65,us,us6000sssz,2026-05-06T12:14:26.969Z,"39 km NW of Teeli, Russia",earthquake,7.78,1.862,0.061,80.0,reviewed,us,us,Global
2026-04-25T09:31:28.476Z,53.6263,-164.7316,35.0,2.8,ml,26,206,0.75,0.94,us,us7000sgk8,2026-05-06T12:10:19.040Z,"88 km SE of Akutan, Alaska",earthquake,5.43,2.018,0.085,18.0,reviewed,us,us,Global
2026-04-25T09:28:44.237Z,53.6215,-164.7915,35.0,3.0,ml,26,206,0.726,0.83,us,us7000sgk7,2026-05-06T12:07:08.040Z,"86 km SE of Akutan, Alaska",earthquake,5.24,2.015,0.081,20.0,reviewed,us,us,Global
2026-04-25T09:16:51.364Z,53.5924,-164.7829,28.672,2.6,ml,23,207,0.75,0.63,us,us7000sgk6,2026-05-06T11:55:34.040Z,"88 km SE of Akutan, Alaska",earthquake,5.93,7.952,0.097,14.0,reviewed,us,us,Global
2026-04-25T09:09:14.536Z,53.6612,-164.8172,28.554,2.6,ml,20,211,0.688,0.82,us,us7000sgk5,2026-05-06T11:52:16.040Z,"82 km SE of Akutan, Alaska",earthquake,6.06,8.114,0.105,12.0,reviewed,us,us,Global
2026-04-25T09:07:31.084Z,53.55,-164.717,15.0,2.5,ml,21,258,0.8,0.6,ak,aka2026ibyxxy,2026-04-27T22:36:58.577Z,"95 km SE of Akutan, Alaska",earthquake,6.8,3.6352,0.1,14.0,reviewed,ak,ak,Global
2026-04-25T09:07:06.638Z,-5.0232,130.5286,125.981,4.6,mb,40,96,0.796,0.92,us,us6000ssss,2026-05-06T11:49:11.040Z,"255 km WNW of Tual, Indonesia",earthquake,9.25,4.834,0.086,40.0,reviewed,us,us,Global
2026-04-25T09:05:23.305Z,53.5312,-164.7673,35.0,3.1,ml,20,216,0.8,0.62,us,us7000sgk3,2026-05-06T11:41:29.040Z,"94 km SE of Akutan, Alaska",earthquake,5.86,2.013,0.097,14.0,reviewed,us,us,Global
2026-04-25T09:02:36.273Z,53.5754,-164.9383,35.0,2.8,ml,25,206,0.7,0.34,us,us7000sgk0,2026-05-06T11:37:23.040Z,"83 km SE of Akutan, Alaska",earthquake,5.94,2.017,0.097,14.0,reviewed,us,us,Global
2026-04-25T08:55:57.606Z,53.523,-164.75,23.5,2.8,ml,29,222,0.8,0.7,ak,aka2026ibyobw,2026-04-27T22:28:09.346Z,"95 km SE of Akutan, Alaska",earthquake,7.2,3.8848,0.1,19.0,reviewed,ak,ak,Global
2026-04-25T08:53:28.537Z,53.516,-164.697,22.2,2.5,ml,19,239,0.8,0.6,ak,aka2026ibymbh,2026-04-27T22:27:35.181Z,"98 km SE of Akutan, Alaska",earthquake,11.5,6.6107,0.1,12.0,reviewed,ak,ak,Global
2026-04-25T08:48:45.287Z,53.501,-164.69,24.0,2.5,ml,13,285,0.9,0.2,ak,aka2026ibyhzg,2026-04-27T22:26:36.724Z,"100 km SE of Akutan, Alaska",earthquake,15.0,9.7936,0.1,9.0,reviewed,ak,ak,Global
2026-04-25T08:43:46.975Z,53.5574,-164.7812,35.0,3.6,mb,19,190,0.872,1.29,us,us6000sssn,2026-04-26T08:57:32.563Z,"91 km SE of Akutan, Alaska",earthquake,4.49,1.956,0.205,6.0,reviewed,us,us,Global
2026-04-25T08:42:13.285Z,53.508,-164.783,16.4,3.2,ml,23,257,0.8,0.4,ak,aka2026ibycgx,2026-04-25T12:53:41.071Z,"95 km SE of Akutan, Alaska",earthquake,6.2,5.6772,0.2,28.0,reviewed,ak,ak,Global
2026-04-25T08:32:41.745Z,53.438,-164.78,14.8,2.5,ml,10,279,1.0,0.2,ak,aka2026ibxucc,2026-04-25T13:52:06.137Z,"101 km SE of Akutan, Alaska",earthquake,15.6,10.9442,0.1,8.0,reviewed,ak,ak,Global
2026-04-25T08:30:33.889Z,53.535,-164.874,29.2,3.3,ml,51,208,0.8,0.9,ak,aka2026ibxshr,2026-04-25T13:50:20.684Z,"89 km SE of Akutan, Alaska",earthquake,5.2,3.363,0.1,37.0,reviewed,ak,ak,Global
2026-04-25T08:26:41.370Z,53.5817,-164.8423,35.0,3.5,ml,31,206,0.733,1.14,us,us6000sssl,2026-04-26T08:58:28.087Z,"86 km SE of Akutan, Alaska",earthquake,3.83,2.008,0.085,18.0,reviewed,us,us,Global
2026-04-25T08:24:19.361Z,53.456,-164.787,20.7,2.6,ml,20,242,0.8,0.5,ak,aka2026ibxmvv,2026-04-25T13:41:39.997Z,"99 km SE of Akutan, Alaska",earthquake,8.4,4.5234,0.1,13.0,reviewed,ak,ak,Global
2026-04-25T08:20:44.164Z,53.529,-164.748,23.5,2.5,ml,20,241,0.8,0.5,ak,aka2026ibxjvv,2026-04-25T13:41:06.899Z,"95 km SE of Akutan, Alaska",earthquake,11.9,5.4304,0.1,12.0,reviewed,ak,ak,Global
2026-04-25T08:18:46.274Z,53.554,-164.78,15.9,2.7,ml,27,221,0.8,0.7,ak,aka2026ibxicl,2026-04-25T13:30:26.985Z,"91 km SE of Akutan, Alaska",earthquake,5.1,4.7866,0.1,18.0,reviewed,ak,ak,Global
2026-04-25T08:14:29.909Z,53.539,-164.811,16.5,3.0,ml,35,213,0.8,0.9,ak,aka2026ibxejr,2026-04-25T13:29:55.282Z,"91 km SE of Akutan, Alaska",earthquake,4.5,4.7239,0.1,24.0,reviewed,ak,ak,Global
2026-04-25T08:11:10.255Z,53.6666,-164.8339,35.0,3.4,ml,25,204,0.677,1.05,us,us6000sssk,2026-04-25T08:56:22.040Z,"80 km SE of Akutan, Alaska",earthquake,3.87,2.015,0.083,19.0,reviewed,us,us,Global
2026-04-25T08:05:56.550Z,53.6063,-164.8431,39.41,5.5,mww,120,46,0.77,0.93,us,us6000sssg,2026-05-17T08:16:10.195Z,"84 km SE of Akutan, Alaska",earthquake,4.64,5.054,0.046,46.0,reviewed,us,us,Global
2026-04-25T08:00:13.740Z,38.791833333333,-122.74666666667,2.57,3.24,ml,125,22,,0.07,nc,nc75351157,2026-04-29T00:37:21.680Z,"2 km NNE of The Geysers, CA",earthquake,0.08,0.11,0.2,88.0,reviewed,nc,nc,Global
2026-04-25T07:38:29.160Z,40.356166666667,-124.919,14.16,4.09,mw,183,233,0.4459,0.24,nc,nc75351142,2026-04-27T03:39:08.548Z,"54 km W of Petrolia, CA",earthquake,0.42,0.83,,8.0,reviewed,nc,nc,Global
2026-04-25T07:16:33.996Z,24.7912,121.8472,70.68,4.1,mwr,41,45,0.366,0.63,us,us6000sss5,2026-05-16T23:27:32.040Z,"10 km ENE of Yilan, Taiwan",earthquake,3.69,2.463,0.08,15.0,reviewed,us,us,Global
2026-04-25T07:02:10.350Z,18.7865,-67.455166666667,24.65,3.03,md,11,317,0.4551,0.21,pr,pr71514623,2026-04-25T07:20:43.470Z,"49 km NW of San Antonio, Puerto Rico",earthquake,1.12,6.37,0.07584397428984,6.0,reviewed,pr,pr,Global
2026-04-25T06:57:38.043Z,54.5969,-160.2494,10.0,2.7,ml,19,236,1.085,0.54,us,us6000sstx,2026-05-17T09:07:56.040Z,"83 km S of Sand Point, Alaska",earthquake,3.69,1.979,0.105,12.0,reviewed,us,us,Global
2026-04-25T05:24:31.982Z,51.743,178.527,99.9,3.1,ml,19,241,0.2,0.3,ak,aka2026ibroai,2026-04-25T13:08:21.198Z,"Rat Islands, Aleutian Islands, Alaska",earthquake,15.3,3.7573,0.2,15.0,reviewed,ak,ak,Global
2026-04-25T05:18:45.076Z,52.2239,176.5528,10.0,4.5,mb,90,99,1.274,0.73,us,us6000ssrm,2026-05-13T20:25:07.903Z,"238 km ESE of Attu Station, Alaska",earthquake,10.05,1.896,0.064,71.0,reviewed,us,us,Global
2026-04-25T04:44:07.062Z,39.3115,-119.0593,9.8433,2.7,ml,25,58,0.062,0.132,nn,nn00916381,2026-05-13T23:22:57.040Z,"18 km SE of Silver Springs, Nevada",earthquake,,0.9866,0.25,16.0,reviewed,nn,nn,Global
2026-04-25T04:32:08.996Z,-2.3385,141.4167,10.0,4.5,mb,30,78,0.734,0.73,us,us7000si66,2026-05-09T01:42:32.040Z,"40 km NNE of Vanimo, Papua New Guinea",earthquake,8.31,1.919,0.118,21.0,reviewed,us,us,Global
2026-04-25T04:28:35.083Z,1.2273,126.0586,35.0,4.6,mb,39,93,7.433,1.12,us,us7000si67,2026-05-09T03:35:46.040Z,"106 km ESE of Bitung, Indonesia",earthquake,10.62,1.925,0.105,27.0,reviewed,us,us,Global
2026-04-25T04:16:04.823Z,51.971,176.301,10.0,4.3,mb,53,193,1.403,1.09,us,us6000ssrc,2026-05-13T23:17:20.040Z,"233 km ESE of Attu Station, Alaska",earthquake,5.55,1.906,0.108,24.0,reviewed,us,us,Global
2026-04-25T03:57:05.365Z,13.5588,-91.2544,61.902,4.3,mb,35,203,1.473,0.86,us,us6000ssr9,2026-05-13T23:14:03.040Z,"61 km SSW of La Gomera, Guatemala",earthquake,10.85,10.343,0.097,30.0,reviewed,us,us,Global
2026-04-25T02:56:35.675Z,-26.818,-114.3072,10.0,4.6,mb,20,148,38.535,0.98,us,us7000si64,2026-05-09T01:36:04.040Z,Easter Island region,earthquake,10.36,1.944,0.137,17.0,reviewed,us,us,Global
2026-04-25T02:56:29.095Z,-27.886,-66.5712,157.05,4.5,mb,44,46,3.398,1.15,us,us6000ssr1,2026-05-13T23:11:00.040Z,"42 km SW of Andalgalá, Argentina",earthquake,8.86,8.53,0.136,16.0,reviewed,us,us,Global
2026-04-25T02:09:28.348Z,14.0716,-92.3325,35.0,4.3,mb,46,161,1.043,1.36,us,us6000ssqy,2026-05-13T23:04:46.040Z,"50 km SSW of Ocós, Guatemala",earthquake,6.64,1.977,0.087,38.0,reviewed,us,us,Global
2026-04-25T01:47:35.784Z,34.8421,25.9216,10.0,4.4,mb,62,99,0.956,0.88,us,us6000ssqp,2026-05-13T22:45:16.040Z,"24 km SE of Ierápetra, Greece",earthquake,6.48,1.887,0.083,42.0,reviewed,us,us,Global
2026-04-25T01:45:46.427Z,-9.3195,153.4796,10.0,4.3,mb,17,158,5.26,1.03,us,us7000si60,2026-05-08T23:34:22.040Z,D'Entrecasteaux Islands region,earthquake,11.37,1.934,0.169,10.0,reviewed,us,us,Global
2026-04-25T01:27:38.901Z,52.1369,176.4234,7.808,3.9,mb,23,181,1.339,1.03,us,us7000si5w,2026-05-08T22:30:18.040Z,"233 km ESE of Attu Station, Alaska",earthquake,7.82,6.146,0.143,13.0,reviewed,us,us,Global
2026-04-25T00:45:46.760Z,19.215833333333,-155.49516666667,30.89,3.12,ml,46,74,0.03257,0.11,hv,hv74943947,2026-05-11T22:45:49.367Z,"2 km NW of Pāhala, Hawaii",earthquake,0.45,0.5,0.18274802286949,36.0,reviewed,hv,hv,Global
2026-04-24T23:59:31.779Z,-4.6363,153.5594,114.522,4.6,mb,45,103,1.46,0.73,us,us6000ssqb,2026-05-11T22:35:27.040Z,"146 km ESE of Kokopo, Papua New Guinea",earthquake,8.5,5.846,0.07,62.0,reviewed,us,us,Global
2026-04-24T23:59:04.164Z,61.821,-149.759,57.3,3.1,ml,153,16,0.3,1.0,ak,aka2026ibgtnm,2026-05-11T22:39:03.095Z,"16 km ENE of Willow, Alaska",earthquake,1.8,2.1521,0.1,102.0,reviewed,ak,ak,Global
2026-04-24T23:50:23.047Z,7.0997,127.129,10.0,4.4,mb,12,145,1.538,0.7,us,us7000shci,2026-05-15T04:38:32.040Z,"64 km ESE of Santiago, Philippines",earthquake,11.26,1.934,0.202,7.0,reviewed,us,us,Global
2026-04-24T23:03:13.380Z,32.030166666667,-116.33416666667,23.67,2.51,ml,23,57,0.264,0.15,ci,ci41233935,2026-04-26T21:42:11.040Z,"32 km ENE of Ensenada, B.C., MX",earthquake,0.26,1.13,0.13721816826649,61.0,reviewed,ci,ci,Global
2026-04-24T22:41:02.607Z,-20.5657,-178.3549,550.418,4.1,mb,16,131,4.405,0.4,us,us7000shcg,2026-05-10T23:42:50.040Z,Fiji region,earthquake,9.53,9.817,0.166,10.0,reviewed,us,us,Global
2026-04-24T22:23:56.887Z,52.4622,176.535,10.0,3.6,ml,7,175,1.352,1.36,us,us7000shch,2026-05-09T21:56:04.040Z,"230 km ESE of Attu Station, Alaska",earthquake,7.92,1.546,0.101,13.0,reviewed,us,us,Global
2026-04-24T22:21:35.022Z,34.7759,26.09,10.0,4.1,mb,19,211,1.109,1.18,us,us7000shcf,2026-05-15T04:09:06.040Z,"41 km SE of Ierápetra, Greece",earthquake,6.14,1.958,0.157,11.0,reviewed,us,us,Global
2026-04-24T22:05:42.743Z,52.2335,176.381,10.018,3.8,mb,23,167,1.379,0.9,us,us7000shce,2026-05-09T21:37:09.040Z,"227 km ESE of Attu Station, Alaska",earthquake,7.44,6.697,0.132,15.0,reviewed,us,us,Global
2026-04-24T21:47:45.545Z,14.0893,51.6774,10.0,4.5,mb,37,176,7.082,0.92,us,us6000sspm,2026-05-11T22:30:13.040Z,"219 km NNW of Kilmia, Yemen",earthquake,13.97,1.969,0.099,33.0,reviewed,us,us,Global
2026-04-24T21:33:02.205Z,-5.6533,147.0476,148.158,4.0,mb,14,156,3.729,1.29,us,us7000shcd,2026-05-09T23:18:44.040Z,"118 km N of Lae, Papua New Guinea",earthquake,13.48,10.117,0.164,10.0,reviewed,us,us,Global
2026-04-24T21:20:34.978Z,31.652,-104.426,5.3821,2.6,ml,42,76,0.0,0.2,tx,tx2026ibbmrq,2026-05-11T05:24:42.040Z,"58 km S of Whites City, New Mexico",earthquake,0.88456078939683,0.49718455849247,0.1,28.0,reviewed,tx,tx,Global
2026-04-24T20:57:43.283Z,-31.4559,-178.1846,35.0,4.4,mb,13,174,2.215,1.05,us,us7000shca,2026-05-15T21:47:43.040Z,Kermadec Islands region,earthquake,12.6,1.98,0.162,11.0,reviewed,us,us,Global
2026-04-24T20:43:52.791Z,-16.1674,-174.3857,358.654,4.4,mb,17,155,4.154,1.2,us,us7000shcb,2026-05-15T21:34:55.040Z,"67 km WSW of Hihifo, Tonga",earthquake,28.93,28.808,0.134,16.0,reviewed,us,us,Global
2026-04-24T20:39:12.793Z,31.708,-104.176,7.0355,2.6,ml,48,62,0.1,0.2,tx,tx2026ibadgi,2026-05-15T20:57:55.040Z,"54 km W of Mentone, Texas",earthquake,0.45025958761109,0.59312391983661,0.2,33.0,reviewed,tx,tx,Global
2026-04-24T19:48:27.306Z,-4.6197,153.4239,121.071,4.1,mb,38,101,1.327,0.79,us,us7000shc9,2026-05-15T20:53:11.040Z,"131 km ESE of Kokopo, Papua New Guinea",earthquake,10.39,6.925,0.094,31.0,reviewed,us,us,Global
2026-04-24T19:29:56.870Z,40.369833333333,-125.05783333333,10.0,3.95,mw,156,230,0.5528,0.32,nc,nc75350872,2026-05-15T19:35:34.485Z,"66 km W of Petrolia, CA",earthquake,0.84,31.61,,7.0,reviewed,nc,nc,Global
2026-04-24T18:51:23.637Z,79.1553,3.0223,10.0,4.3,mb,103,60,1.722,0.65,us,us6000ssni,2026-05-03T16:38:15.040Z,"294 km WNW of Longyearbyen, Svalbard and Jan Mayen",earthquake,8.59,1.896,0.056,93.0,reviewed,us,us,Global
2026-04-24T18:22:32.758Z,-31.0303,-178.3316,89.889,4.9,mww,109,69,1.813,0.62,us,us6000ssn7,2026-05-03T16:24:13.040Z,Kermadec Islands region,earthquake,8.34,12.804,0.098,10.0,reviewed,us,us,Global
2026-04-24T18:08:30.140Z,-37.5636,78.3407,10.0,4.4,mb,23,55,13.168,0.84,us,us7000shc8,2026-05-03T16:17:41.040Z,Mid-Indian Ridge,earthquake,13.14,1.895,0.138,15.0,reviewed,us,us,Global
2026-04-24T17:15:31.956Z,-7.6106,127.9035,183.522,4.3,mb,37,63,3.657,0.88,us,us6000ssmy,2026-05-03T16:20:49.040Z,"141 km NE of Lospalos, Timor Leste",earthquake,8.74,0.985,0.111,23.0,reviewed,us,us,Global
2026-04-24T17:12:13.094Z,52.448,-169.8121,22.621,2.7,ml,22,212,0.343,0.47,us,us6000ssnz,2026-05-03T18:31:21.040Z,"84 km SW of Nikolski, Alaska",earthquake,9.05,13.497,0.085,18.0,reviewed,us,us,Global
2026-04-24T17:08:04.492Z,-36.9831,78.345,10.0,4.6,mb,30,60,13.7,0.64,us,us6000st06,2026-05-05T16:02:48.040Z,Mid-Indian Ridge,earthquake,10.19,1.506,0.116,22.0,reviewed,us,us,Global
2026-04-24T16:48:51.183Z,52.2193,-174.4782,143.1,3.2,ml,22,160,0.174,0.73,us,us6000ssn6,2026-05-09T15:29:03.040Z,"19 km W of Atka, Alaska",earthquake,15.42,4.316,0.081,20.0,reviewed,us,us,Global
2026-04-24T16:21:48.758Z,62.181,-150.753,12.2,3.1,ml,111,33,0.3,1.1,ak,aka2026iarpmk,2026-04-24T19:37:25.637Z,"31 km WSW of Trapper Creek, Alaska",earthquake,2.5,0.0,0.1,75.0,reviewed,ak,ak,Global
2026-04-24T16:10:57.383Z,-8.4096,123.9714,167.142,4.5,mb,28,66,1.369,0.96,us,us6000ssmp,2026-05-09T15:12:08.040Z,"98 km NNW of Pante Makasar, Timor Leste",earthquake,8.26,7.863,0.118,22.0,reviewed,us,us,Global
2026-04-24T16:08:56.854Z,48.2346,153.4369,93.842,4.1,mb,18,174,5.58,0.72,us,us7000shc6,2026-05-09T15:05:42.040Z,Kuril Islands,earthquake,14.47,9.7,0.197,8.0,reviewed,us,us,Global
2026-04-24T15:29:46.475Z,52.167,-168.423,19.9,2.6,ml,14,273,0.8,0.3,ak,aka2026iapwqq,2026-04-24T19:31:35.538Z,"90 km SSE of Nikolski, Alaska",earthquake,12.0,14.6028,0.2,8.0,reviewed,ak,ak,Global
2026-04-24T14:56:59.772Z,24.6219,122.0422,64.033,4.3,mb,30,64,0.605,0.72,us,us7000shc4,2026-05-09T14:44:10.040Z,"32 km ESE of Yilan, Taiwan",earthquake,3.77,6.714,0.148,13.0,reviewed,us,us,Global
2026-04-24T14:54:00.400Z,40.372333333333,-124.984,14.49,2.65,md,82,246,0.4974,0.32,nc,nc75350702,2026-05-09T14:35:58.040Z,"59 km W of Petrolia, CA",earthquake,0.8,1.28,0.297,52.0,reviewed,nc,nc,Global
2026-04-24T14:21:46.761Z,53.5735,-164.9114,10.0,3.0,ml,27,210,0.711,0.81,us,us6000ssnt,2026-05-09T14:07:44.040Z,"84 km SE of Akutan, Alaska",earthquake,3.04,1.97,0.097,14.0,reviewed,us,us,Global
2026-04-24T14:10:20.702Z,35.1115,25.7884,10.0,4.3,mb,33,105,0.756,0.73,us,us6000ssjn,2026-05-09T14:05:00.040Z,"9 km NNE of Kentrí, Greece",earthquake,8.38,1.922,0.096,31.0,reviewed,us,us,Global
2026-04-24T13:49:41.855Z,-27.8923,-70.8673,57.019,4.9,mb,48,118,0.361,0.98,us,us6000ssjg,2026-05-16T12:30:32.040Z,"76 km N of Vallenar, Chile",earthquake,5.86,4.145,0.046,152.0,reviewed,us,us,Global
2026-04-24T13:45:28.210Z,38.795166666667,-122.7545,3.89,2.55,md,105,25,0.006804,0.07,nc,nc75350682,2026-05-08T20:53:24.040Z,"2 km N of The Geysers, CA",earthquake,0.08,0.12,0.16,125.0,reviewed,nc,nc,Global
2026-04-24T13:35:08.020Z,19.6345,-64.1375,17.04,3.37,md,7,309,1.165,0.2,pr,pr71514603,2026-05-08T20:45:15.040Z,"159 km NNE of Cruz Bay, U.S. Virgin Islands",earthquake,6.18,12.24,0.14630304557313,4.0,reviewed,pr,pr,Global
2026-04-24T12:49:37.014Z,52.9177,161.0719,10.0,5.1,mww,73,120,2.047,1.09,us,us6000ssja,2026-04-24T13:09:26.040Z,"164 km E of Petropavlovsk-Kamchatsky, Russia",earthquake,10.13,1.895,0.093,11.0,reviewed,us,us,Global
2026-04-24T12:29:23.897Z,34.7467,26.1302,10.0,4.1,mb,54,163,1.152,0.89,us,us6000ssj7,2026-04-24T15:02:57.134Z,"46 km SE of Ierápetra, Greece",earthquake,7.29,1.928,0.097,29.0,reviewed,us,us,Global
2026-04-24T12:12:39.415Z,52.249,-168.231,2.7,3.3,ml,45,218,0.8,0.9,ak,aka2026iajiud,2026-04-24T19:23:05.822Z,"87 km SSE of Nikolski, Alaska",earthquake,7.3,3.087,0.1,24.0,reviewed,ak,ak,Global
2026-04-24T10:33:11.882Z,51.131,-178.428,26.8,2.7,ml,15,220,0.5,0.7,ak,aka2026iagbep,2026-04-24T18:38:31.410Z,"149 km SW of Adak, Alaska",earthquake,11.6,5.403,0.1,11.0,reviewed,ak,ak,Global
2026-04-24T10:04:37.607Z,52.9131,160.9481,35.0,5.4,mww,93,147,1.973,0.8,us,us6000ssiy,2026-04-25T10:27:40.587Z,"156 km E of Petropavlovsk-Kamchatsky, Russia",earthquake,10.28,1.928,0.089,12.0,reviewed,us,us,Global
2026-04-24T10:02:21.738Z,51.548,-175.355,19.1,3.9,ml,38,201,0.6,1.0,ak,aka2026iafanc,2026-04-24T18:18:47.072Z,"95 km ESE of Adak, Alaska",earthquake,6.7,3.346,0.1,28.0,reviewed,ak,ak,Global
2026-04-24T09:34:57.276Z,52.173,-169.669,29.3,4.1,ml,62,213,0.6,0.7,ak,aka2026iaeddr,2026-05-04T15:36:25.314Z,"101 km SSW of Nikolski, Alaska",earthquake,7.5,4.2236,0.1,41.0,reviewed,ak,ak,Global
2026-04-24T09:26:45.744Z,35.0827,25.918,10.0,4.7,mb,48,122,0.867,0.66,us,us6000ssiq,2026-04-24T10:32:27.208Z,"16 km ENE of Kentrí, Greece",earthquake,7.19,1.539,0.077,51.0,reviewed,us,us,Global
2026-04-24T08:59:27.876Z,52.8076,161.1048,10.0,5.3,mww,80,115,2.082,0.66,us,us6000ssik,2026-05-06T11:27:33.040Z,"168 km E of Petropavlovsk-Kamchatsky, Russia",earthquake,9.17,1.856,0.073,18.0,reviewed,us,us,Global
2026-04-24T08:58:17.375Z,34.9878,26.1103,10.0,5.1,mww,64,41,1.025,0.72,us,us6000ssij,2026-05-06T11:10:43.219Z,"24 km S of Sitia, Greece",earthquake,7.45,1.857,0.075,17.0,reviewed,us,us,Global
2026-04-24T08:58:15.043Z,32.3499,-104.1724,7.401,2.6,ml,38,92,0.258,0.32,us,us6000ssii,2026-05-06T10:57:30.329Z,"5 km SSE of Livingston Wheeler, New Mexico",earthquake,2.05,4.296,0.081,20.0,reviewed,us,us,Global
2026-04-24T08:47:02.343Z,49.9182,155.9381,76.658,4.4,mb,44,140,3.379,0.34,us,us6000ssil,2026-05-06T10:42:03.040Z,"85 km S of Severo-Kuril’sk, Russia",earthquake,13.0,8.109,0.067,65.0,reviewed,us,us,Global
2026-04-24T08:41:39.029Z,1.4495,126.6033,35.0,4.6,mb,23,104,7.119,1.2,us,us6000ssih,2026-05-06T10:39:13.040Z,"113 km NW of Ternate, Indonesia",earthquake,11.3,1.93,0.122,20.0,reviewed,us,us,Global
2026-04-24T08:30:23.571Z,-8.6969,129.7784,10.0,4.2,mb,13,138,4.33,0.54,us,us7000shbk,2026-05-06T10:36:35.040Z,"Kepulauan Babar, Indonesia",earthquake,10.6,1.948,0.199,7.0,reviewed,us,us,Global
2026-04-24T08:28:10.937Z,54.5556,-160.1939,26.414,2.6,ml,28,224,1.135,0.65,us,us6000ssn8,2026-05-06T10:29:23.040Z,"89 km SSE of Sand Point, Alaska",earthquake,6.84,15.167,0.081,20.0,reviewed,us,us,Global
2026-04-24T07:26:31.777Z,-4.5202,153.295,125.845,4.6,mb,34,157,1.174,0.7,us,us6000ssib,2026-05-06T10:26:56.040Z,"115 km E of Kokopo, Papua New Guinea",earthquake,12.08,6.842,0.096,32.0,reviewed,us,us,Global
2026-04-24T07:03:03.696Z,15.519,96.3368,10.0,4.4,mb,27,109,3.841,0.72,us,us6000ssid,2026-05-06T10:24:50.040Z,"110 km SE of Pyapon, Burma (Myanmar)",earthquake,14.5,1.945,0.13,17.0,reviewed,us,us,Global
2026-04-24T06:37:54.538Z,35.0161,26.0352,10.0,4.2,mb,35,115,0.977,0.73,us,us6000ssi3,2026-04-24T07:49:03.040Z,"22 km SSW of Sitia, Greece",earthquake,5.49,1.917,0.098,29.0,reviewed,us,us,Global
2026-04-24T06:32:26.689Z,35.0153,25.8923,10.0,4.2,mb,30,206,0.865,0.64,us,us6000ssi0,2026-04-24T07:29:12.040Z,"12 km E of Kentrí, Greece",earthquake,7.75,1.917,0.115,21.0,reviewed,us,us,Global
2026-04-24T06:14:31.204Z,34.8712,25.9733,10.0,4.3,mb,34,123,0.981,0.72,us,us6000ssht,2026-04-24T10:32:02.949Z,"26 km SE of Ierápetra, Greece",earthquake,5.3,1.756,0.104,26.0,reviewed,us,us,Global
2026-04-24T05:49:50.361Z,52.188,-168.295,23.4,2.9,ml,18,268,0.9,0.4,ak,aka2026hzwqxq,2026-04-24T06:46:19.785Z,"91 km SSE of Nikolski, Alaska",earthquake,11.8,9.2862,0.1,14.0,reviewed,ak,ak,Global
2026-04-24T05:13:10.736Z,40.095,142.8333,35.0,5.0,mww,48,128,1.518,0.72,us,us6000sshp,2026-04-24T05:26:41.040Z,"86 km E of Noda, Japan",earthquake,8.72,1.924,0.093,11.0,reviewed,us,us,Global
2026-04-24T04:59:22.791Z,34.8554,25.7143,35.0,4.4,mb,16,181,0.802,0.77,us,us7000shba,2026-05-01T01:21:09.040Z,"17 km S of Ierápetra, Greece",earthquake,4.96,1.953,0.24,5.0,reviewed,us,us,Global
2026-04-24T04:45:23.068Z,1.0656,126.2773,55.23,5.3,mb,77,42,6.005,0.91,us,us6000sshk,2026-05-01T00:52:58.040Z,"126 km WNW of Ternate, Indonesia",earthquake,7.74,4.719,0.05,137.0,reviewed,us,us,Global
2026-04-24T04:11:49.769Z,34.7579,26.0883,21.09,4.3,mb,42,152,1.117,1.07,us,us7000shb8,2026-05-01T00:43:24.040Z,"42 km SE of Ierápetra, Greece",earthquake,6.59,3.262,0.133,16.0,reviewed,us,us,Global
2026-04-24T04:10:18.014Z,54.4419,-161.3312,10.0,2.8,ml,20,228,0.774,0.31,us,us6000ssi2,2026-04-24T23:04:05.040Z,"93 km SE of King Cove, Alaska",earthquake,3.8,1.964,0.105,12.0,reviewed,us,us,Global
2026-04-24T04:08:38.778Z,34.7057,26.0021,35.0,4.3,mb,40,127,2.292,0.66,us,us6000sshf,2026-05-01T00:17:30.040Z,"41 km SE of Ierápetra, Greece",earthquake,8.3,1.946,0.132,17.0,reviewed,us,us,Global
2026-04-24T03:42:48.693Z,-4.3036,143.105,69.348,4.3,mb,16,79,2.984,0.96,us,us7000shb5,2026-04-30T22:58:55.040Z,"33 km ESE of Ambunti, Papua New Guinea",earthquake,7.54,8.266,0.153,13.0,reviewed,us,us,Global
2026-04-24T03:41:16.422Z,34.8068,26.0535,10.0,4.1,mb,21,107,1.068,1.13,us,us7000shb4,2026-04-30T22:42:47.040Z,"36 km SE of Ierápetra, Greece",earthquake,6.99,1.906,0.175,9.0,reviewed,us,us,Global
2026-04-24T03:39:24.689Z,66.639,-147.047,5.0,2.6,ml,41,46,0.7,0.8,ak,aka2026hzsiqu,2026-04-24T23:00:33.040Z,"34 km NNE of Beaver, Alaska",earthquake,3.0,0.0,0.1,26.0,reviewed,ak,ak,Global
2026-04-24T03:18:54.010Z,35.032,25.8606,16.429,5.7,mww,96,35,0.835,0.9,us,us6000sshc,2026-04-30T22:42:26.707Z,"9 km E of Kentrí, Greece",earthquake,2.15,3.608,0.041,58.0,reviewed,us,us,Global
2026-04-24T03:15:34.596Z,-18.3022,-175.4384,270.079,4.6,mb,46,52,5.278,0.91,us,us6000sshb,2026-04-30T21:47:57.040Z,"158 km WNW of Neiafu, Tonga",earthquake,11.36,7.031,0.041,181.0,reviewed,us,us,Global
2026-04-24T02:48:20.309Z,-19.776,-68.9401,109.634,4.2,mb,27,70,0.415,0.54,us,us6000ssh9,2026-04-30T21:34:34.040Z,"63 km SSW of Colchane, Chile",earthquake,7.25,4.582,0.152,12.0,reviewed,us,us,Global
2026-04-24T02:45:50.888Z,-33.5965,-70.924,68.239,3.1,ml,20,68,0.187,0.45,us,us6000ssh6,2026-04-26T13:26:47.343Z,"4 km WNW of Peñaflor, Chile",earthquake,3.05,4.438,0.057,40.0,reviewed,us,us,Global
2026-04-24T02:45:24.761Z,52.1661,-168.5029,22.082,4.1,mb,68,179,0.835,0.86,us,us6000sshu,2026-05-04T15:41:06.368Z,"89 km SSE of Nikolski, Alaska",earthquake,4.66,6.13,0.076,47.0,reviewed,us,us,Global
2026-04-24T02:34:44.775Z,58.968,-154.555,132.2,2.9,ml,139,56,0.4,1.2,ak,aka2026hzqeqf,2026-04-24T21:26:05.040Z,"54 km SSE of Kokhanok, Alaska",earthquake,3.5,1.4072,0.4,91.0,reviewed,ak,ak,Global
2026-04-24T02:18:15.010Z,36.381666666667,-116.883,6.04,3.27,ml,46,71,0.08683,0.19,ci,ci41233487,2026-04-30T21:28:46.040Z,"8 km SSW of Furnace Creek, CA",earthquake,0.18,0.64,0.1459972246343,127.0,reviewed,ci,ci,Global
2026-04-24T02:16:41.084Z,52.8146,-167.4664,27.435,2.6,ml,14,238,0.655,0.48,us,us6000sshy,2026-04-24T20:56:39.040Z,"94 km E of Nikolski, Alaska",earthquake,3.49,9.238,0.105,12.0,reviewed,us,us,Global
2026-04-24T01:51:59.317Z,-34.7611,-179.1699,10.0,5.4,mww,48,70,3.461,1.1,us,us6000ssgv,2026-04-30T21:19:21.186Z,south of the Kermadec Islands,earthquake,9.14,1.495,0.062,25.0,reviewed,us,us,Global
2026-04-24T01:46:38.243Z,52.195,-168.047,2.1,2.7,ml,13,303,0.9,0.5,ak,aka2026hzopje,2026-04-24T06:26:00.134Z,"99 km SSE of Nikolski, Alaska",earthquake,13.1,5.1423,0.1,10.0,reviewed,ak,ak,Global
2026-04-24T01:25:27.146Z,52.177,-168.321,24.5,2.7,ml,12,308,0.9,0.4,ak,aka2026hznxdi,2026-04-24T06:24:52.625Z,"92 km SSE of Nikolski, Alaska",earthquake,22.4,14.6212,0.1,9.0,reviewed,ak,ak,Global
2026-04-24T01:01:06.657Z,52.3972,-168.4511,39.175,4.8,mwr,88,107,0.626,0.83,us,us6000ssgq,2026-05-16T23:21:51.040Z,"66 km SSE of Nikolski, Alaska",earthquake,5.09,6.34,0.08,15.0,reviewed,us,us,Global
2026-04-24T00:28:45.233Z,62.824,-149.017,61.3,2.9,ml,132,18,0.1,0.8,ak,aka2026hzmafq,2026-05-11T05:20:51.040Z,"63 km S of Cantwell, Alaska",earthquake,1.8,2.416,0.2,91.0,reviewed,ak,ak,Global
2026-04-24T00:21:21.088Z,-18.8403,169.0587,163.528,4.4,mb,28,62,3.812,0.84,us,us6000ssgp,2026-05-11T05:19:03.040Z,"81 km NNW of Isangel, Vanuatu",earthquake,9.49,8.666,0.117,23.0,reviewed,us,us,Global
2026-04-23T23:22:32.755Z,13.9417,144.9021,155.777,5.0,mww,100,35,0.352,0.94,us,us6000ssgf,2026-05-15T23:32:35.916Z,"44 km N of Yigo Village, Guam",earthquake,10.11,4.937,0.093,11.0,reviewed,us,us,Global
2026-04-23T22:52:54.775Z,28.3106,131.1166,10.0,5.0,mww,98,96,2.483,0.62,us,us6000ssga,2026-05-11T05:02:07.040Z,"149 km E of Tatsugō, Japan",earthquake,6.73,1.829,0.071,19.0,reviewed,us,us,Global
2026-04-23T22:34:59.439Z,55.0731,-159.8309,6.33,2.7,ml,17,227,0.996,0.51,us,us6000ssgi,2026-05-11T04:52:11.040Z,"51 km SE of Sand Point, Alaska",earthquake,3.6,5.044,0.105,14.0,reviewed,us,us,Global
2026-04-23T22:23:48.871Z,53.2945,-164.2215,35.0,3.0,ml,25,221,1.199,0.58,us,us6000ssgh,2026-05-11T04:50:44.040Z,"138 km SE of Akutan, Alaska",earthquake,3.86,1.971,0.097,14.0,reviewed,us,us,Global
2026-04-23T22:18:22.977Z,40.0847,143.3699,32.283,4.4,mb,35,182,1.895,0.46,us,us7000shaq,2026-05-08T03:44:01.040Z,"131 km ENE of Miyako, Japan",earthquake,3.94,6.025,0.115,22.0,reviewed,us,us,Global
2026-04-23T22:13:24.831Z,-7.1997,129.1713,145.307,4.6,mb,41,105,2.758,0.75,us,us6000ssfy,2026-05-11T04:49:15.040Z,"280 km ENE of Lospalos, Timor Leste",earthquake,8.78,7.554,0.087,40.0,reviewed,us,us,Global
2026-04-23T22:10:37.418Z,29.8115,138.788,417.922,4.0,mb,47,129,5.723,0.58,us,us6000ssg0,2026-05-11T04:42:41.040Z,"Izu Islands, Japan region",earthquake,15.37,9.005,0.07,55.0,reviewed,us,us,Global
2026-04-23T20:32:18.474Z,-28.4145,-63.3074,570.615,4.4,mb,88,36,5.601,0.72,us,us6000ssf4,2026-05-10T20:47:09.040Z,"40 km WNW of Colonia Dora, Argentina",earthquake,11.63,2.988,0.086,39.0,reviewed,us,us,Global
2026-04-23T20:24:10.925Z,3.0123,128.2634,206.928,4.2,mb,21,99,7.112,0.8,us,us7000shan,2026-05-10T20:38:08.040Z,"144 km NNE of Tobelo, Indonesia",earthquake,13.65,6.458,0.136,15.0,reviewed,us,us,Global
2026-04-23T20:21:03.884Z,54.6581,-161.4913,35.0,3.0,ml,22,212,0.538,0.52,us,us6000ssf2,2026-05-10T20:25:44.040Z,"69 km SE of King Cove, Alaska",earthquake,3.02,1.964,0.077,22.0,reviewed,us,us,Global
2026-04-23T18:42:39.136Z,40.6115,-127.659,10.0,3.0,ml,34,270,2.704,0.88,us,us6000sse5,2026-05-10T20:02:30.040Z,"287 km W of Ferndale, California",earthquake,11.7,2.024,0.042,74.0,reviewed,us,us,Global
2026-04-23T18:19:43.270Z,-23.8403,-179.7261,512.305,4.2,mb,20,186,6.41,1.0,us,us7000shak,2026-05-10T19:59:13.040Z,south of the Fiji Islands,earthquake,14.42,19.799,0.115,21.0,reviewed,us,us,Global
2026-04-23T17:59:04.200Z,36.0545,-89.825833333333,11.78,4.0,mw,88,46,0.06532,0.14,nm,nm60620376,2026-05-15T18:09:10.578Z,"1 km WNW of Cooter, Missouri",earthquake,0.18,0.29,,0.0,reviewed,nm,nm,Global
2026-04-23T17:55:48.054Z,-17.9053,-178.2314,649.762,4.0,mb,22,121,2.696,0.47,us,us7000shaj,2026-05-10T19:51:42.040Z,"260 km E of Levuka, Fiji",earthquake,11.82,18.215,0.129,16.0,reviewed,us,us,Global
2026-04-23T17:49:11.521Z,-34.6384,-179.1949,10.0,4.7,mb,21,203,3.55,0.31,us,us7000shah,2026-05-10T19:27:25.040Z,south of the Kermadec Islands,earthquake,14.79,1.942,0.166,11.0,reviewed,us,us,Global
2026-04-23T17:46:15.213Z,-34.7355,-179.3804,10.0,4.8,mb,34,126,3.385,0.63,us,us6000ssci,2026-05-10T19:19:10.040Z,south of the Kermadec Islands,earthquake,5.79,1.854,0.119,22.0,reviewed,us,us,Global
2026-04-23T17:25:26.473Z,-34.5937,-179.3145,10.0,4.6,mb,22,203,3.534,0.61,us,us6000sszx,2026-05-10T14:54:58.040Z,south of the Kermadec Islands,earthquake,12.15,1.884,0.151,13.0,reviewed,us,us,Global
2026-04-23T16:56:57.943Z,39.8307,143.1901,35.0,4.3,mb,36,90,1.886,0.72,us,us6000sscb,2026-05-08T20:34:19.040Z,"109 km E of Miyako, Japan",earthquake,5.06,1.927,0.117,22.0,reviewed,us,us,Global
2026-04-23T16:49:41.066Z,23.1193,142.4501,10.0,4.6,mb,36,128,13.206,0.85,us,us7000shag,2026-05-08T20:23:47.040Z,"Volcano Islands, Japan region",earthquake,14.17,1.905,0.107,31.0,reviewed,us,us,Global
2026-04-23T16:30:45.974Z,59.534,-151.595,51.4,2.7,ml,103,109,0.1,0.7,ak,aka2026hyweif,2026-04-23T20:02:32.679Z,"7 km NNE of Seldovia Village, Alaska",earthquake,2.5,2.4389,0.2,70.0,reviewed,ak,ak,Global
2026-04-23T16:27:47.939Z,-4.6071,153.5552,118.382,4.3,mb,22,159,1.448,0.98,us,us7000shaf,2026-05-08T20:09:01.040Z,"145 km ESE of Kokopo, Papua New Guinea",earthquake,11.79,7.231,0.148,16.0,reviewed,us,us,Global
2026-04-23T16:12:02.810Z,17.956833333333,-66.825833333333,18.82,2.54,md,7,218,0.05398,0.24,pr,pr71514568,2026-04-23T16:52:38.710Z,"4 km S of Indios, Puerto Rico",earthquake,1.2,0.75,0.099094612116327,5.0,reviewed,pr,pr,Global
2026-04-23T16:02:00.550Z,18.778833333333,-67.3025,8.61,3.18,md,12,216,0.3589,0.36,pr,pr71514558,2026-05-08T19:53:50.040Z,"38 km NW of San Antonio, Puerto Rico",earthquake,1.31,1.6,0.15139374022965,7.0,reviewed,pr,pr,Global
2026-04-23T15:14:55.617Z,63.34,-151.768,7.2,2.6,ml,86,31,0.2,1.4,ak,aka2026hytrcw,2026-04-23T18:55:30.406Z,"22 km S of Denali National Park, Alaska",earthquake,2.1,0.0,0.2,57.0,reviewed,ak,ak,Global
2026-04-23T14:59:46.686Z,27.1014,102.8792,10.0,4.5,mb,29,106,6.615,0.85,us,us7000sha8,2026-05-08T19:35:32.040Z,"86 km WSW of Zhaotong, China",earthquake,11.38,1.907,0.121,20.0,reviewed,us,us,Global
2026-04-23T14:55:28.580Z,18.448833333333,-66.075333333333,112.38,3.14,md,9,198,0.3022,0.14,pr,pr71514548,2026-04-23T15:28:58.260Z,"3 km ESE of San Juan, Puerto Rico",earthquake,1.84,0.88,0.052206909623033,9.0,reviewed,pr,pr,Global
2026-04-23T14:53:15.020Z,35.6749,140.2081,59.013,4.5,mb,55,134,1.835,0.87,us,us6000sscv,2026-05-13T03:31:45.004Z,"4 km NE of Yotsukaidō, Japan",earthquake,9.85,7.879,0.08,45.0,reviewed,us,us,Global
2026-04-23T14:38:05.634Z,-18.6143,-175.8107,278.017,4.2,mb,22,167,5.064,0.47,us,us7000sha6,2026-05-08T19:06:50.040Z,"192 km W of Neiafu, Tonga",earthquake,13.3,9.342,0.136,20.0,reviewed,us,us,Global
2026-04-23T14:35:42.280Z,-22.2493,-67.4125,183.167,4.3,mb,27,67,0.995,1.05,us,us7000sha7,2026-05-08T18:59:14.040Z,"109 km NE of San Pedro de Atacama, Chile",earthquake,6.45,7.882,0.201,7.0,reviewed,us,us,Global
2026-04-23T14:15:31.675Z,54.527,-160.317,2.6,2.5,ml,12,271,1.1,0.5,ak,aka2026hyrsaa,2026-04-23T18:50:53.665Z,"90 km S of Sand Point, Alaska",earthquake,10.9,4.9922,0.1,8.0,reviewed,ak,ak,Global
2026-04-23T14:09:26.257Z,13.2351,-89.3328,63.197,4.8,mww,34,156,0.432,1.17,us,us6000ssak,2026-05-08T18:02:08.845Z,"28 km S of La Libertad, El Salvador",earthquake,7.53,6.428,0.061,26.0,reviewed,us,us,Global
2026-04-23T13:01:17.493Z,61.643,-151.47,80.8,2.7,ml,111,35,0.2,0.8,ak,aka2026hypfvn,2026-04-23T18:47:58.474Z,"38 km S of Skwentna, Alaska",earthquake,2.2,2.1265,0.2,73.0,reviewed,ak,ak,Global
2026-04-23T12:21:46.750Z,35.069833333333,-119.11333333333,12.89,3.04,ml,74,41,0.02669,0.3,ci,ci41447104,2026-04-24T04:55:21.347Z,"22 km NW of Grapevine, CA",earthquake,0.24,0.61,0.17108982580974,129.0,reviewed,ci,ci,Global
2026-04-23T12:07:03.408Z,39.2999,-119.1041,8.2712,2.61,ml,22,66,0.069,0.1534,nn,nn00916247,2026-05-01T08:58:09.086Z,"16 km SE of Silver Springs, Nevada",earthquake,,1.5134,0.21,12.0,reviewed,nn,nn,Global
2026-04-23T10:08:37.116Z,60.911,-152.165,10.0,2.5,ml,59,32,0.3,1.0,ak,aka2026hyjnbe,2026-04-23T18:24:05.697Z,"53 km WNW of Nikiski, Alaska",earthquake,2.3,0.0,0.2,42.0,reviewed,ak,ak,Global
2026-04-23T10:07:48.736Z,-42.2859,-18.4093,10.0,5.2,mb,31,86,35.527,1.03,us,us6000ss9m,2026-04-23T10:25:57.040Z,southern Mid-Atlantic Ridge,earthquake,14.15,1.913,0.082,49.0,reviewed,us,us,Global
2026-04-23T09:40:18.374Z,39.2712,-119.0998,9.0798,3.02,ml,22,57,0.05,0.1685,nn,nn00916225,2026-04-23T10:02:00.040Z,"19 km SE of Silver Springs, Nevada",earthquake,,1.4914,0.27,13.0,reviewed,nn,nn,Global
2026-04-23T09:08:19.941Z,-56.9946,-30.4484,10.0,4.6,mb,22,99,4.369,0.68,us,us6000sszv,2026-04-26T12:11:20.040Z,South Sandwich Islands region,earthquake,9.65,1.913,0.122,20.0,reviewed,us,us,Global
2026-04-23T08:31:18.287Z,-5.6019,147.2253,210.558,4.2,mb,15,154,3.538,0.9,us,us7000sh9t,2026-05-03T13:23:57.040Z,"126 km NNW of Finschhafen, Papua New Guinea",earthquake,10.71,9.332,0.177,9.0,reviewed,us,us,Global
2026-04-23T08:24:03.975Z,69.178,-144.738,1.9,2.6,ml,32,58,0.6,0.9,ak,aka2026hygazj,2026-04-23T18:18:42.550Z,"114 km SSW of Kaktovik, Alaska",earthquake,3.6,0.0,0.1,20.0,reviewed,ak,ak,Global
2026-04-23T07:20:32.675Z,39.5876,143.5325,29.112,4.2,mb,30,195,2.239,0.5,us,us7000sh9q,2026-05-03T13:06:59.040Z,"136 km E of Yamada, Japan",earthquake,9.67,8.361,0.121,19.0,reviewed,us,us,Global
2026-04-23T07:12:55.378Z,57.275,-153.26,39.3,4.2,ml,203,106,0.1,0.9,ak,aka2026hydrzg,2026-05-13T19:04:06.469Z,"8 km NNE of Old Harbor, Alaska",earthquake,2.6,3.1913,0.2,121.0,reviewed,ak,ak,Global
2026-04-23T06:53:01.157Z,48.3293,154.7521,43.538,4.2,mb,30,175,5.137,0.54,us,us7000sh9m,2026-05-03T12:42:34.040Z,"279 km SSW of Severo-Kuril’sk, Russia",earthquake,14.39,10.98,0.11,23.0,reviewed,us,us,Global
2026-04-23T06:41:13.947Z,40.0595,142.5423,35.0,4.4,mb,37,150,1.343,0.81,us,us7000sh9l,2026-05-03T09:21:15.040Z,"62 km E of Noda, Japan",earthquake,6.87,1.919,0.105,26.0,reviewed,us,us,Global
2026-04-23T06:36:11.251Z,-22.2885,-178.1431,378.518,4.2,mb,23,111,5.763,0.96,us,us7000sh9i,2026-05-03T09:12:41.040Z,south of the Fiji Islands,earthquake,15.64,11.688,0.124,18.0,reviewed,us,us,Global
2026-04-23T06:31:10.302Z,-20.6562,-176.3301,197.453,5.2,mww,103,45,5.822,0.84,us,us6000ss90,2026-05-03T09:05:46.040Z,"121 km WNW of Houma, Tonga",earthquake,10.56,6.747,0.086,13.0,reviewed,us,us,Global
2026-04-23T06:31:05.746Z,60.62,-151.018,63.6,2.6,ml,72,48,0.2,0.7,ak,aka2026hychpd,2026-04-23T07:42:36.690Z,"10 km NNE of Ridgeway, Alaska",earthquake,2.2,2.7983,0.2,49.0,reviewed,ak,ak,Global
2026-04-23T06:27:03.195Z,-13.121,166.815,122.726,4.2,mb,17,152,2.343,0.93,us,us7000sh9j,2026-05-03T08:59:29.040Z,"115 km NW of Sola, Vanuatu",earthquake,12.57,6.862,0.166,10.0,reviewed,us,us,Global
2026-04-23T05:30:59.996Z,-57.1956,-24.6897,10.0,4.9,mb,36,142,7.27,0.66,us,us6000ss8w,2026-05-03T08:44:01.040Z,South Sandwich Islands region,earthquake,13.68,1.92,0.096,34.0,reviewed,us,us,Global
2026-04-23T03:42:14.517Z,51.6362,-177.2718,86.351,3.7,ml,32,192,0.128,0.3,us,us6000ss8l,2026-04-23T23:33:01.040Z,"51 km WSW of Adak, Alaska",earthquake,7.42,5.933,0.085,18.0,reviewed,us,us,Global
2026-04-23T03:31:36.220Z,19.411833333333,-155.62566666667,0.97,2.8,ml,46,116,0.06883,0.13,hv,hv74941927,2026-04-28T19:38:39.260Z,"25 km E of Honaunau-Napoopoo, Hawaii",earthquake,0.22,0.82,0.14749767573927,39.0,reviewed,hv,hv,Global
2026-04-23T01:43:46.712Z,51.3012,159.842,10.0,4.9,mb,44,129,2.239,1.32,us,us6000ss8a,2026-04-23T02:15:03.040Z,"206 km SSE of Vilyuchinsk, Russia",earthquake,9.74,1.902,0.091,38.0,reviewed,us,us,Global
2026-04-23T00:31:15.471Z,-57.3763,-26.0619,63.8,4.7,mb,22,96,6.64,0.4,us,us7000sh9b,2026-05-02T04:36:14.040Z,South Sandwich Islands region,earthquake,8.14,8.312,0.12,21.0,reviewed,us,us,Global
2026-04-23T00:07:59.613Z,39.768,143.3362,34.43,4.8,mb,73,134,2.015,0.78,us,us6000ss7p,2026-05-13T22:36:51.040Z,"120 km E of Miyako, Japan",earthquake,7.58,4.698,0.075,55.0,reviewed,us,us,Global
2026-04-22T23:47:31.930Z,18.5105,-68.8471,157.0,4.06,md,13,193,0.4657,0.61,pr,pr2026112000,2026-05-07T04:10:43.040Z,"16 km NE of La Romana, Dominican Republic",earthquake,8.77,2.77,0.08,12.0,reviewed,pr,pr,Global
2026-04-22T23:13:02.127Z,24.9929,128.0462,10.0,4.4,mb,36,93,1.847,0.67,us,us7000sh35,2026-04-30T04:52:08.040Z,"131 km SSE of Itoman, Japan",earthquake,7.55,1.897,0.109,24.0,reviewed,us,us,Global
2026-04-22T23:12:05.968Z,54.0862,-165.5313,116.777,3.4,mb,26,189,0.1,0.18,us,us6000ss8k,2026-04-30T04:14:36.040Z,"16 km ESE of Akutan, Alaska",earthquake,11.09,5.119,0.346,2.0,reviewed,us,us,Global
2026-04-22T22:04:05.302Z,18.0674,145.3427,341.948,4.5,mb,86,44,4.476,0.54,us,us6000ss74,2026-05-01T01:36:03.040Z,"Pagan region, Northern Mariana Islands",earthquake,10.76,6.251,0.041,177.0,reviewed,us,us,Global
2026-04-22T21:34:45.212Z,-8.3687,115.0297,10.0,4.2,mb,12,133,0.874,0.51,us,us7000si0s,2026-05-03T23:56:50.040Z,"12 km SSW of Munduk, Indonesia",earthquake,7.55,1.912,0.235,6.0,reviewed,us,us,Global
2026-04-22T21:26:29.642Z,58.7,-151.018,23.6,2.5,ml,44,158,0.7,0.8,ak,aka2026hxkgsy,2026-04-22T22:11:01.202Z,"86 km SSE of Port Graham, Alaska",earthquake,4.4,4.1759,0.2,30.0,reviewed,ak,ak,Global
2026-04-22T21:08:32.982Z,-18.9102,-177.3589,377.808,4.3,mb,40,139,3.946,0.7,us,us7000sh31,2026-05-13T01:36:38.040Z,Fiji region,earthquake,10.26,8.305,0.099,29.0,reviewed,us,us,Global
2026-04-22T20:58:06.625Z,50.9076,156.9338,74.706,4.7,mb,96,135,2.254,0.59,us,us6000ss6d,2026-05-13T21:55:10.040Z,"62 km ENE of Severo-Kuril’sk, Russia",earthquake,10.71,7.16,0.041,180.0,reviewed,us,us,Global
2026-04-22T20:49:34.863Z,53.6007,-164.9272,35.0,2.8,ml,26,213,0.685,0.95,us,us6000ss6w,2026-05-13T21:47:42.040Z,"81 km SE of Akutan, Alaska",earthquake,2.98,2.013,0.105,12.0,reviewed,us,us,Global
2026-04-22T20:43:28.406Z,23.9497,123.2024,45.755,4.4,mb,60,108,0.544,0.82,us,us6000ss6c,2026-05-13T21:46:07.040Z,"60 km SSE of Yonakuni, Japan",earthquake,6.94,6.859,0.07,62.0,reviewed,us,us,Global
2026-04-22T20:35:08.069Z,-7.3912,128.6128,140.499,4.3,mb,49,93,3.126,0.71,us,us6000ss6b,2026-05-13T21:41:04.040Z,"217 km NE of Lospalos, Timor Leste",earthquake,8.17,7.489,0.085,39.0,reviewed,us,us,Global
2026-04-22T20:07:23.573Z,32.063,-103.725,7.7533,2.5,ml,34,33,0.0,0.1,tx,tx2026hxhqdi,2026-04-25T18:58:37.023Z,"37 km ESE of Malaga, New Mexico",earthquake,0.36035372484901,0.48609779153551,0.1,18.0,reviewed,tx,tx,Global
2026-04-22T19:55:26.813Z,39.2713,-119.1032,8.0919,3.15,ml,23,58,0.052,0.1769,nn,nn00916102,2026-05-13T21:40:40.434Z,"19 km SSE of Silver Springs, Nevada",earthquake,,1.6352,0.26,10.0,reviewed,nn,nn,Global
2026-04-22T19:25:24.186Z,52.5646,-166.5658,26.647,2.6,ml,12,281,1.175,0.63,us,us6000ss6s,2026-05-13T21:33:29.040Z,"145 km S of Unalaska, Alaska",earthquake,8.61,16.109,0.115,10.0,reviewed,us,us,Global
2026-04-22T19:04:58.384Z,-34.7453,-179.1461,10.0,4.5,mb,28,87,3.486,0.47,us,us6000sszd,2026-05-13T21:26:15.040Z,south of the Kermadec Islands,earthquake,7.16,1.737,0.131,19.0,reviewed,us,us,Global
2026-04-22T19:02:41.410Z,19.203,-64.3745,40.95,3.09,md,4,318,0.7095,0.23,pr,pr71514438,2026-04-22T19:44:04.220Z,"106 km NNE of Cruz Bay, U.S. Virgin Islands",earthquake,7.44,19.02,0.18415785584822,4.0,reviewed,pr,pr,Global
2026-04-22T18:15:00.299Z,-10.8902,113.8004,10.0,4.6,mb,42,118,2.429,1.26,us,us6000ss58,2026-05-13T20:49:13.040Z,"275 km SSW of Jimbaran, Indonesia",earthquake,6.05,1.873,0.098,35.0,reviewed,us,us,Global
2026-04-22T17:46:39.098Z,40.1219,142.016,59.027,4.5,mb,73,115,0.986,0.54,us,us6000ss57,2026-05-13T20:38:05.040Z,"16 km E of Noda, Japan",earthquake,6.88,6.612,0.072,56.0,reviewed,us,us,Global
2026-04-22T17:40:49.868Z,53.0541,-163.0332,10.0,3.3,ml,26,255,1.648,0.3,us,us6000ss6r,2026-05-13T19:20:30.040Z,"201 km S of False Pass, Alaska",earthquake,6.6,2.011,0.097,14.0,reviewed,us,us,Global
2026-04-22T17:34:50.749Z,39.2785,-119.0851,6.9694,2.81,ml,23,71,0.044,0.1582,nn,nn00916063,2026-05-13T19:13:39.040Z,"19 km SE of Silver Springs, Nevada",earthquake,,1.0888,0.39,12.0,reviewed,nn,nn,Global
2026-04-22T17:30:19.314Z,39.2817,-119.091,9.6873,2.59,ml,17,89,0.049,0.2774,nn,nn00916056,2026-05-13T19:11:48.831Z,"18 km SE of Silver Springs, Nevada",earthquake,,0.6231,0.28,8.0,automatic,nn,nn,Global
2026-04-22T17:26:12.367Z,23.954,121.6814,22.078,4.6,mb,91,60,0.233,0.76,us,us7000sh29,2026-05-13T19:08:32.040Z,"8 km ESE of Hualien City, Taiwan",earthquake,4.23,10.429,0.061,79.0,reviewed,us,us,Global
2026-04-22T17:23:37.085Z,39.2758,-119.0955,3.0,4.78,mwr,37,58,0.049,0.1935,nn,nn00916046,2026-05-13T18:39:50.069Z,"19 km SE of Silver Springs, Nevada",earthquake,,1.1577,,,reviewed,nn,nn,Global
2026-04-22T17:22:14.362Z,39.2759,-119.1148,4.0,3.5,mwr,12,85,0.062,0.1726,nn,nn00916042,2026-05-13T18:00:00.826Z,"18 km SSE of Silver Springs, Nevada",earthquake,,4.0524,,,reviewed,nn,nn,Global
2026-04-22T16:58:53.420Z,19.347833333333,-67.360833333333,18.79,3.18,md,6,328,0.907,0.14,pr,pr71514423,2026-04-22T17:36:12.090Z,"98 km NNW of San Antonio, Puerto Rico",earthquake,6.1,12.33,0.029570136315205,5.0,reviewed,pr,pr,Global
2026-04-22T16:49:32.397Z,55.992,-159.88,10.0,3.5,ml,72,152,0.3,1.1,ak,aka2026hxbbsz,2026-05-07T16:52:41.040Z,"26 km WNW of Ivanof Bay, Alaska",earthquake,6.0,0.0,0.1,48.0,reviewed,ak,ak,Global
2026-04-22T16:45:45.377Z,52.366,-172.3548,10.0,3.7,ml,10,189,1.144,0.75,us,us7000sh28,2026-05-07T16:39:26.040Z,"127 km E of Atka, Alaska",earthquake,13.49,1.981,0.085,18.0,reviewed,us,us,Global
2026-04-22T14:40:38.420Z,17.980833333333,-66.833333333333,10.63,2.71,md,15,156,0.04409,0.22,pr,pr71514408,2026-04-22T14:58:51.480Z,"2 km SW of Indios, Puerto Rico",earthquake,0.43,0.62,0.18469714347096,9.0,reviewed,pr,pr,Global
2026-04-22T14:35:35.210Z,38.725,-112.46783333333,7.64,3.22,ml,29,56,0.1165,0.21,uu,uu80137836,2026-05-14T18:52:09.580Z,"8 km SSW of Kanosh, Utah",earthquake,0.37,0.91,0.17748747261082,31.0,reviewed,uu,uu,Global
2026-04-22T14:26:20.504Z,39.9412,143.0482,35.0,4.6,mb,54,142,1.736,0.64,us,us6000ss2b,2026-05-07T15:57:46.040Z,"100 km ENE of Miyako, Japan",earthquake,6.71,1.883,0.092,35.0,reviewed,us,us,Global
2026-04-22T14:19:41.185Z,-34.3805,-179.1561,10.0,4.1,mb,13,203,3.783,0.78,us,us7000sh22,2026-05-07T15:33:04.040Z,south of the Kermadec Islands,earthquake,14.28,1.938,0.166,11.0,reviewed,us,us,Global
2026-04-22T14:17:03.094Z,39.0031,42.8438,10.219,4.3,mwr,75,62,0.71,0.56,us,us6000ss29,2026-05-04T14:45:51.040Z,"24 km NNE of Adilcevaz, Turkey",earthquake,4.45,4.947,0.068,21.0,reviewed,us,us,Global
2026-04-22T13:35:22.752Z,39.6726,143.1768,10.0,4.9,mb,98,126,1.964,0.76,us,us6000ss24,2026-05-06T21:18:39.040Z,"106 km E of Miyako, Japan",earthquake,8.37,1.872,0.053,113.0,reviewed,us,us,Global
2026-04-22T13:20:45.876Z,-15.4452,167.4535,119.208,5.0,mww,78,64,0.241,0.91,us,us6000ss20,2026-05-06T20:22:35.757Z,"32 km ENE of Luganville, Vanuatu",earthquake,9.8,4.028,0.08,15.0,reviewed,us,us,Global
2026-04-22T12:18:35.650Z,40.034,143.0366,35.0,5.1,mb,248,51,1.684,0.49,us,us6000ss1u,2026-05-14T09:51:52.040Z,"103 km ENE of Miyako, Japan",earthquake,6.44,1.872,0.026,489.0,reviewed,us,us,Global
2026-04-22T12:06:22.766Z,40.1924,142.4476,35.0,4.5,mb,103,110,1.212,0.73,us,us6000ss1s,2026-05-14T09:32:07.040Z,"54 km E of Noda, Japan",earthquake,6.3,1.908,0.062,76.0,reviewed,us,us,Global
2026-04-22T12:04:44.121Z,-10.6621,161.5631,35.0,4.5,mb,48,108,2.002,0.49,us,us6000ss1r,2026-05-13T12:35:35.040Z,"45 km WSW of Kirakira, Solomon Islands",earthquake,9.62,1.91,0.082,44.0,reviewed,us,us,Global
2026-04-22T11:52:16.304Z,-37.5824,176.7272,169.998,4.4,mb,33,85,0.741,1.19,us,us6000ss1q,2026-05-13T13:12:10.040Z,"31 km NE of Maketu, New Zealand",earthquake,5.89,6.38,0.12,20.0,reviewed,us,us,Global
2026-04-22T11:11:46.764Z,46.7835,92.9722,10.0,4.9,mb,111,39,7.334,0.59,us,us6000ss1k,2026-05-13T10:16:22.040Z,"168 km SE of Khovd, Mongolia",earthquake,8.3,1.842,0.054,106.0,reviewed,us,us,Global
2026-04-22T11:11:28.137Z,51.4694,-178.3897,10.0,3.7,mb,38,194,0.278,0.52,us,us6000ss7k,2026-05-13T16:13:59.040Z,"129 km WSW of Adak, Alaska",earthquake,5.19,1.981,0.13,15.0,reviewed,us,us,Global
2026-04-22T10:12:54.417Z,-11.3581,164.3892,10.0,4.5,mb,21,125,4.767,0.69,us,us7000sh1y,2026-05-14T10:55:41.040Z,"169 km WSW of Lata, Solomon Islands",earthquake,11.38,1.93,0.156,12.0,reviewed,us,us,Global
2026-04-22T10:05:40.761Z,56.5975,-148.2627,10.0,2.7,ml,43,226,2.635,0.48,us,us6000ss66,2026-05-13T14:48:50.040Z,"268 km ESE of Chiniak, Alaska",earthquake,8.63,2.014,0.057,40.0,reviewed,us,us,Global
2026-04-22T09:49:05.742Z,39.9101,143.2558,35.0,4.3,mb,43,134,1.891,0.29,us,us6000ss1b,2026-05-14T09:22:00.040Z,"116 km ENE of Miyako, Japan",earthquake,6.94,1.93,0.111,23.0,reviewed,us,us,Global
2026-04-22T09:21:10.668Z,-4.7286,102.0647,35.0,4.3,mb,18,192,0.96,0.76,us,us7000sh1x,2026-05-14T10:27:04.040Z,"105 km SSW of Bengkulu, Indonesia",earthquake,5.96,1.961,0.168,10.0,reviewed,us,us,Global
2026-04-22T09:03:21.100Z,17.960833333333,-66.840666666667,12.27,2.52,md,10,178,0.03936,0.17,pr,pr71514398,2026-04-22T09:25:01.770Z,"4 km SSW of Indios, Puerto Rico",earthquake,0.57,0.58,0.18484087020409,4.0,reviewed,pr,pr,Global
2026-04-22T08:51:13.248Z,51.2112,-175.9417,10.0,3.0,ml,15,239,0.713,0.39,us,us6000ss64,2026-04-23T06:47:44.040Z,"87 km SSE of Adak, Alaska",earthquake,2.91,1.998,0.115,10.0,reviewed,us,us,Global
2026-04-22T08:35:51.613Z,10.5256,-41.8855,10.0,5.4,mww,50,66,11.937,1.02,us,us6000ss13,2026-05-07T10:06:12.333Z,northern Mid-Atlantic Ridge,earthquake,11.06,1.885,0.065,23.0,reviewed,us,us,Global
2026-04-22T08:09:02.324Z,54.0862,-164.382,76.403,2.7,ml,21,205,0.405,0.51,us,us6000ss61,2026-04-23T06:07:21.040Z,"91 km E of Akutan, Alaska",earthquake,8.83,16.86,0.128,8.0,reviewed,us,us,Global
2026-04-22T07:50:19.279Z,0.7681,97.0595,28.925,4.4,mb,32,197,0.741,0.59,us,us7000sh1w,2026-05-08T14:16:00.040Z,"84 km SW of Gunungsitoli, Indonesia",earthquake,9.06,5.48,0.117,21.0,reviewed,us,us,Global
2026-04-22T07:40:49.591Z,49.8873,157.2601,35.0,4.9,mb,91,104,3.237,0.74,us,us6000srzq,2026-05-06T10:13:06.040Z,"119 km SE of Severo-Kuril’sk, Russia",earthquake,9.8,1.902,0.037,224.0,reviewed,us,us,Global
2026-04-22T07:40:09.500Z,63.567,-150.994,5.0,2.7,ml,99,16,0.5,1.2,ak,aka2026hwiwfh,2026-04-23T05:51:57.040Z,"36 km E of Denali National Park, Alaska",earthquake,2.1,0.0,0.2,66.0,reviewed,ak,ak,Global
2026-04-22T07:15:20.680Z,29.747,104.3123,10.0,4.5,mb,43,68,4.525,0.76,us,us7000sh1u,2026-05-06T11:35:39.040Z,"48 km NE of Luocheng, China",earthquake,10.6,1.912,0.08,46.0,reviewed,us,us,Global
2026-04-22T07:07:39.870Z,17.978833333333,-66.758666666667,9.56,2.75,md,29,157,0.05152,0.2,pr,pr71514383,2026-04-22T07:32:04.120Z,"4 km SSE of Magas Arriba, Puerto Rico",earthquake,0.35,0.54,0.045290458352222,7.0,reviewed,pr,pr,Global
2026-04-22T07:02:45.088Z,-23.0267,-179.8252,553.672,4.3,mb,18,186,6.559,0.72,us,us7000sh1v,2026-05-08T14:40:21.040Z,south of the Fiji Islands,earthquake,21.19,17.506,0.161,14.0,reviewed,us,us,Global
2026-04-22T06:39:42.688Z,32.009,-103.231,7.0227,2.5,ml,28,50,0.1,0.2,tx,tx2026hwgvzh,2026-04-23T05:44:02.040Z,"12 km SSW of Jal, New Mexico",earthquake,0.55441742403969,1.1038808493951,0.2,12.0,reviewed,tx,tx,Global
2026-04-22T05:17:57.234Z,-4.7159,101.9873,40.338,4.6,mb,30,149,1.028,0.8,us,us7000sh1s,2026-05-08T13:59:21.040Z,"105 km SSW of Bengkulu, Indonesia",earthquake,4.21,7.881,0.146,15.0,reviewed,us,us,Global
2026-04-22T04:44:11.374Z,36.602,-116.0517,8.602,2.5,ml,48,86,0.094,0.1023,nn,nn00915987,2026-05-06T23:04:04.040Z,"34 km W of Indian Springs, Nevada",earthquake,,0.6918,0.2,16.0,reviewed,nn,nn,Global
2026-04-22T04:28:21.248Z,51.2425,174.3338,10.0,4.0,mb,20,268,1.496,0.45,us,us7000sh1r,2026-05-13T22:21:45.040Z,"195 km SSE of Attu Station, Alaska",earthquake,7.43,2.023,0.134,15.0,reviewed,us,us,Global
2026-04-22T04:23:22.600Z,17.963333333333,-65.377333333333,10.05,3.11,md,21,162,0.3539,0.41,pr,pr71514363,2026-05-06T23:06:02.040Z,"17 km SSE of Esperanza, Puerto Rico",earthquake,0.8,1.06,0.032498700248058,11.0,reviewed,pr,pr,Global
2026-04-22T04:20:16.700Z,17.9665,-66.8375,12.57,3.03,md,25,174,0.04065,0.2,pr,pr71514348,2026-04-22T05:29:03.400Z,"3 km SSW of Indios, Puerto Rico",earthquake,0.43,0.27,0.055900973691155,13.0,reviewed,pr,pr,Global
2026-04-22T04:09:55.410Z,67.8867,10.1063,10.0,4.0,mb,26,125,5.844,0.82,us,us7000sh1q,2026-05-01T02:44:50.040Z,"112 km WNW of Sørland, Norway",earthquake,10.95,1.94,0.134,15.0,reviewed,us,us,Global
2026-04-22T04:07:57.820Z,17.964166666667,-66.839833333333,12.64,3.15,md,32,176,0.03906,0.3,pr,pr71514338,2026-05-06T22:58:51.040Z,"3 km SSW of Indios, Puerto Rico",earthquake,0.54,0.37,0.061359077399853,15.0,reviewed,pr,pr,Global
2026-04-22T04:05:50.390Z,32.371,-115.22383333333,10.97,2.55,ml,24,55,0.08399,0.32,ci,ci41446600,2026-05-06T22:49:28.040Z,"3 km WNW of Delta, B.C., MX",earthquake,0.39,1.03,0.16597525382762,35.0,reviewed,ci,ci,Global
2026-04-22T02:49:12.430Z,19.142166666667,-66.436166666667,46.15,3.17,md,21,244,0.6674,0.32,pr,pr71514323,2026-04-22T03:20:54.360Z,"75 km N of Brenas, Puerto Rico",earthquake,1.55,5.01,0.10320851047177,12.0,reviewed,pr,pr,Global
2026-04-22T02:29:45.939Z,61.783,-146.813,18.7,2.8,ml,114,27,0.2,1.0,ak,aka2026hvyotm,2026-05-06T22:37:58.040Z,"23 km S of Nelchina, Alaska",earthquake,1.6,1.6895,0.2,78.0,reviewed,ak,ak,Global
2026-04-22T02:25:46.580Z,17.967833333333,-66.839666666667,12.97,2.86,md,24,174,0.03836,0.2,pr,pr71514308,2026-04-22T02:45:03.470Z,"3 km SW of Indios, Puerto Rico",earthquake,0.44,0.3,0.10991621169197,9.0,reviewed,pr,pr,Global
2026-04-22T02:11:42.871Z,39.6587,143.5154,10.0,4.2,mb,15,266,2.19,1.28,us,us7000sh1l,2026-05-01T01:41:05.040Z,"135 km E of Miyako, Japan",earthquake,10.06,2.003,0.176,9.0,reviewed,us,us,Global
2026-04-22T02:10:44.007Z,-34.104,-179.4774,10.0,4.3,mb,11,203,3.892,0.67,us,us7000sh1m,2026-05-01T01:59:30.040Z,south of the Kermadec Islands,earthquake,9.44,1.97,0.217,6.0,reviewed,us,us,Global
2026-04-22T01:33:11.478Z,6.0528,127.3627,10.0,4.2,mb,13,198,2.04,1.09,us,us7000sh1j,2026-05-01T01:12:40.040Z,"135 km ESE of Pondaguitan, Philippines",earthquake,9.49,1.94,0.177,9.0,reviewed,us,us,Global
2026-04-22T01:17:17.248Z,51.4395,-175.7914,25.647,2.5,ml,17,232,0.554,0.64,us,us6000ss52,2026-05-07T03:59:41.040Z,"75 km SE of Adak, Alaska",earthquake,3.19,11.373,0.128,8.0,reviewed,us,us,Global
2026-04-22T00:01:12.343Z,39.9324,143.1911,35.0,5.3,mww,110,62,1.836,0.54,us,us6000srxu,2026-05-01T01:14:01.151Z,"111 km ENE of Miyako, Japan",earthquake,6.34,1.825,0.103,9.0,reviewed,us,us,Global
2026-04-21T23:31:12.127Z,-5.1347,151.9097,61.906,4.4,mb,24,152,0.971,0.69,us,us7000sh3l,2026-05-01T00:57:52.040Z,"96 km SSW of Kokopo, Papua New Guinea",earthquake,7.2,8.08,0.123,19.0,reviewed,us,us,Global
2026-04-21T23:30:39.846Z,50.7955,156.9544,80.775,4.0,mb,29,126,2.362,0.49,us,us7000sh2x,2026-05-13T01:26:51.040Z,"59 km ENE of Severo-Kuril’sk, Russia",earthquake,11.5,9.237,0.118,19.0,reviewed,us,us,Global
2026-04-21T22:00:31.003Z,-20.3057,-70.9954,12.255,4.3,mwr,27,147,0.812,0.54,us,us6000srxi,2026-05-01T00:37:07.040Z,"88 km W of Puerto, Chile",earthquake,4.1,4.526,0.051,37.0,reviewed,us,us,Global
2026-04-21T21:04:25.784Z,51.3826,-176.0482,34.34,3.1,ml,23,222,0.529,0.44,us,us6000ss4l,2026-04-26T20:26:42.040Z,"68 km SE of Adak, Alaska",earthquake,5.6,14.795,0.105,12.0,reviewed,us,us,Global
2026-04-21T21:01:53.616Z,-33.7576,-178.7597,10.0,4.7,mb,22,161,4.485,0.75,us,us7000sh3k,2026-05-01T00:18:30.040Z,south of the Kermadec Islands,earthquake,10.71,1.946,0.159,12.0,reviewed,us,us,Global
2026-04-21T19:37:08.948Z,50.1546,-176.8283,19.87,2.9,ml,14,307,1.629,0.53,us,us6000ss4d,2026-05-06T19:43:57.040Z,"191 km S of Adak, Alaska",earthquake,10.22,9.906,0.128,8.0,reviewed,us,us,Global
2026-04-21T18:52:17.311Z,40.1984,143.2706,10.0,4.4,mb,36,140,1.783,0.82,us,us7000sh3h,2026-05-06T19:23:49.040Z,"124 km E of Noda, Japan",earthquake,6.8,1.741,0.117,21.0,reviewed,us,us,Global
2026-04-21T18:44:09.772Z,40.1359,143.2482,16.0,5.5,mww,114,90,1.789,0.62,us,us6000srvu,2026-05-06T19:16:31.737Z,"121 km E of Noda, Japan",earthquake,6.74,1.772,0.054,33.0,reviewed,us,us,Global
2026-04-21T18:42:56.970Z,40.0887,143.3728,10.0,4.5,mb,68,135,1.895,1.35,us,us6000srvw,2026-05-06T19:14:52.040Z,"131 km ENE of Miyako, Japan",earthquake,7.63,1.895,0.078,48.0,reviewed,us,us,Global
2026-04-21T18:02:39.800Z,19.431166666667,-66.004833333333,29.58,3.34,md,14,288,1.071,0.23,pr,pr71514288,2026-05-06T18:53:08.040Z,"107 km N of San Juan, Puerto Rico",earthquake,1.45,16.21,0.13807737862833,10.0,reviewed,pr,pr,Global
2026-04-21T18:00:35.297Z,53.238,-167.218,4.2,2.5,ml,17,234,0.5,0.3,ak,aka2026hvhrzh,2026-04-22T17:16:47.716Z,"84 km SSW of Unalaska, Alaska",earthquake,9.0,5.0225,0.2,12.0,reviewed,ak,ak,Global
2026-04-21T17:12:24.074Z,50.825,-179.289,7.1,3.0,ml,19,243,0.8,0.9,ak,aka2026hvgclr,2026-04-22T17:12:36.733Z,"218 km WSW of Adak, Alaska",earthquake,9.8,4.4763,0.1,12.0,reviewed,ak,ak,Global
2026-04-21T17:03:19.441Z,8.652,127.1324,9.309,4.4,mb,17,171,2.2,0.99,us,us7000sh2r,2026-05-04T20:19:41.040Z,"93 km ENE of Hinatuan, Philippines",earthquake,13.71,2.381,0.178,9.0,reviewed,us,us,Global
2026-04-21T16:18:54.929Z,-12.4366,-75.4908,96.384,4.5,mb,54,116,1.395,0.62,us,us6000srv3,2026-05-13T17:03:52.040Z,"27 km SW of Chicche, Peru",earthquake,12.6,8.998,0.061,81.0,reviewed,us,us,Global
2026-04-21T16:18:12.602Z,40.0841,142.2022,69.559,4.3,mb,69,117,1.118,1.15,us,us6000srv5,2026-05-13T17:00:08.040Z,"32 km E of Noda, Japan",earthquake,6.5,7.339,0.078,50.0,reviewed,us,us,Global
2026-04-21T15:29:28.923Z,-30.3326,179.0859,519.559,4.1,mb,16,146,2.812,1.1,us,us7000sh3f,2026-05-13T16:50:32.040Z,Kermadec Islands region,earthquake,19.47,14.995,0.174,10.0,reviewed,us,us,Global
2026-04-21T15:21:43.194Z,50.9531,-179.298,16.928,2.9,ml,22,229,0.674,0.73,us,us6000ss2x,2026-05-13T16:34:07.040Z,"211 km WSW of Adak, Alaska",earthquake,3.23,7.99,0.091,16.0,reviewed,us,us,Global
2026-04-21T14:52:16.525Z,16.7579,-95.7673,73.084,4.9,mww,197,74,0.947,0.68,us,us6000sru5,2026-05-13T16:23:32.040Z,"12 km SSW of Santiago Quiavicuzas, Mexico",earthquake,4.12,6.077,0.089,12.0,reviewed,us,us,Global
2026-04-21T14:26:42.511Z,39.2825,-119.1029,6.3503,2.57,ml,23,61,0.057,0.1294,nn,nn00915938,2026-05-12T21:49:32.040Z,"18 km SE of Silver Springs, Nevada",earthquake,,0.9853,0.35,17.0,reviewed,nn,nn,Global
2026-04-21T14:24:37.187Z,23.8301,94.2031,72.711,4.5,mb,78,52,2.694,0.82,us,us6000sru6,2026-05-12T21:42:10.040Z,"29 km NW of Mawlaik, Burma (Myanmar)",earthquake,8.62,5.739,0.067,66.0,reviewed,us,us,Global
2026-04-21T14:05:22.200Z,40.8015,-123.21166666667,33.68,2.77,md,48,36,0.1416,0.11,nc,nc75349072,2026-04-24T17:57:22.863Z,"24 km WNW of Weaverville, CA",earthquake,0.22,0.43,0.183,56.0,reviewed,nc,nc,Global
2026-04-21T13:01:56.151Z,39.7898,143.324,36.949,4.1,mb,34,122,1.996,0.8,us,us7000sh2q,2026-05-12T20:27:18.040Z,"119 km E of Miyako, Japan",earthquake,7.82,7.144,0.123,20.0,reviewed,us,us,Global
2026-04-21T12:52:52.340Z,19.181499481201,-155.51683044434,31.85000038147,2.64,ml,54,100,0.05787,0.140000001,hv,hv74940622,2026-05-13T09:31:28.040Z,"4 km WSW of Pāhala, Hawaii",earthquake,0.45,0.629999995,0.33,36.0,automatic,hv,hv,Global
2026-04-21T12:43:08.380Z,36.021666666667,-117.77916666667,1.74,2.62,ml,41,41,0.01181,0.15,ci,ci41446208,2026-05-13T09:13:19.040Z,"15 km NE of Little Lake, CA",earthquake,0.13,0.16,0.19621650203926,93.0,reviewed,ci,ci,Global
2026-04-21T11:03:15.797Z,-23.2014,170.8548,10.0,4.8,mb,38,116,3.197,0.59,us,us6000srtg,2026-05-13T11:59:24.040Z,southeast of the Loyalty Islands,earthquake,5.53,1.831,0.109,26.0,reviewed,us,us,Global
2026-04-21T10:34:01.503Z,-32.3859,-179.6277,193.191,4.1,mb,16,154,3.455,0.63,us,us7000sh3a,2026-05-14T11:52:38.040Z,south of the Kermadec Islands,earthquake,14.34,11.649,0.151,12.0,reviewed,us,us,Global
2026-04-21T10:30:24.398Z,-62.2942,165.5284,10.0,5.7,mww,49,77,8.544,0.42,us,us6000srtd,2026-05-13T11:51:53.134Z,Balleny Islands region,earthquake,10.75,1.884,0.059,28.0,reviewed,us,us,Global
2026-04-21T09:42:19.860Z,18.0896,-68.4703,98.0,3.57,md,17,192,0.4335,0.57,pr,pr2026111001,2026-05-13T09:27:54.040Z,"35 km SSE of Boca de Yuma, Dominican Republic",earthquake,6.09,3.7,0.21,11.0,reviewed,pr,pr,Global
2026-04-21T09:26:31.947Z,40.408,-125.6619,10.0,2.6,ml,24,257,1.177,0.37,us,us6000srt6,2026-04-22T06:24:08.040Z,"119 km W of Ferndale, California",earthquake,3.43,2.015,0.042,74.0,reviewed,us,us,Global
2026-04-21T09:02:26.120Z,1.2228,126.1584,35.0,4.6,mb,49,86,5.837,0.45,us,us7000sh2n,2026-05-14T12:18:40.040Z,"117 km ESE of Bitung, Indonesia",earthquake,4.32,1.916,0.092,35.0,reviewed,us,us,Global
2026-04-21T08:59:00.510Z,40.326833333333,-124.80783333333,14.18,3.04,ml,117,233,0.3578,0.3,nc,nc75348987,2026-04-24T00:47:23.176Z,"44 km W of Petrolia, CA",earthquake,0.64,0.74,0.188,24.0,reviewed,nc,nc,Global
2026-04-21T08:38:19.541Z,37.3834,71.4772,122.553,4.1,mb,36,175,1.224,0.67,us,us6000srsy,2026-05-06T10:20:07.040Z,"13 km SSW of Khorugh, Tajikistan",earthquake,7.45,6.75,0.145,13.0,reviewed,us,us,Global
2026-04-21T08:24:24.326Z,51.0888,-179.8963,10.151,2.9,ml,12,233,0.582,0.47,us,us6000ss2u,2026-04-28T06:03:22.040Z,"242 km WSW of Adak, Alaska",earthquake,2.83,8.518,0.105,12.0,reviewed,us,us,Global
2026-04-21T07:16:26.472Z,39.3158,-119.0315,9.5165,2.66,ml,26,130,0.065,0.154,nn,nn00915911,2026-04-22T07:37:22.040Z,"19 km ESE of Silver Springs, Nevada",earthquake,,1.1968,0.25,10.0,reviewed,nn,nn,Global
2026-04-21T06:37:21.049Z,4.1335,62.6057,10.0,4.4,mb,28,139,18.272,0.37,us,us7000sh38,2026-05-12T14:16:46.040Z,Carlsberg Ridge,earthquake,14.88,1.953,0.12,20.0,reviewed,us,us,Global
2026-04-21T06:15:37.270Z,19.0176,-68.5051,7.0,3.79,md,26,210,0.5187,0.64,pr,pr2026111000,2026-05-12T16:00:55.040Z,"43 km NNE of Otra Banda, Dominican Republic",earthquake,1.44,2.09,0.21,26.0,reviewed,pr,pr,Global
2026-04-21T05:29:09.613Z,39.924,143.5627,10.0,5.3,mww,112,95,2.095,0.84,us,us6000srs6,2026-05-12T15:57:25.040Z,"142 km ENE of Miyako, Japan",earthquake,7.77,1.849,0.071,19.0,reviewed,us,us,Global
2026-04-21T05:26:57.581Z,39.7519,143.5879,10.0,4.4,mb,60,129,2.191,0.96,us,us7000sh2k,2026-05-12T13:40:06.040Z,"141 km E of Miyako, Japan",earthquake,7.06,1.894,0.085,40.0,reviewed,us,us,Global
2026-04-21T05:23:48.421Z,39.8583,143.583,10.0,4.4,mb,51,138,2.138,0.8,us,us7000sh37,2026-05-12T14:08:00.040Z,"142 km E of Miyako, Japan",earthquake,7.18,1.905,0.092,34.0,reviewed,us,us,Global
2026-04-21T05:19:56.222Z,39.8421,143.6873,10.0,4.7,mww,97,133,2.208,0.86,us,us6000srs5,2026-05-12T15:52:21.040Z,"151 km E of Miyako, Japan",earthquake,7.0,1.88,0.103,9.0,reviewed,us,us,Global
2026-04-21T05:18:01.974Z,-17.8757,-178.6493,611.474,4.1,mb,51,77,2.349,0.55,us,us7000sh36,2026-05-12T14:02:12.040Z,"216 km E of Levuka, Fiji",earthquake,14.7,9.702,0.079,44.0,reviewed,us,us,Global
2026-04-21T05:04:22.653Z,57.212,-156.561,7.7,3.0,ml,29,156,0.4,0.4,ak,aka2026huhzcp,2026-05-12T15:49:32.040Z,"60 km SE of Ugashik, Alaska",earthquake,5.8,2.9174,0.2,40.0,reviewed,ak,ak,Global
2026-04-21T05:03:20.300Z,18.603166666667,-66.769833333333,13.53,2.69,md,22,213,0.2556,0.18,pr,pr71514113,2026-04-21T05:24:25.570Z,"13 km N of Carrizales, Puerto Rico",earthquake,0.54,0.36,0.15953771883702,14.0,reviewed,pr,pr,Global
2026-04-21T04:58:35.660Z,18.118666666667,-67.696,39.79,3.05,md,14,192,0.5689,0.5,pr,pr71514123,2026-04-21T05:39:03.610Z,"52 km WSW of Stella, Puerto Rico",earthquake,2.84,4.45,0.036366546162742,5.0,reviewed,pr,pr,Global
2026-04-21T04:56:45.160Z,18.541166666667,-68.358166666667,30.76,3.23,md,21,137,0.03426,0.25,pr,pr71514108,2026-05-13T23:31:17.040Z,"6 km SE of Punta Cana, Dominican Republic",earthquake,1.38,0.72,0.23842779344605,5.0,reviewed,pr,pr,Global
2026-04-21T04:50:50.830Z,37.2457,141.3749,52.501,4.2,mb,44,151,2.633,0.74,us,us7000sh2j,2026-05-13T23:25:08.040Z,"33 km ESE of Tomioka, Japan",earthquake,8.18,8.922,0.102,27.0,reviewed,us,us,Global
2026-04-21T04:48:01.532Z,55.821,-156.329,17.3,2.7,ml,15,259,1.3,0.4,ak,aka2026huhkuu,2026-04-22T05:22:21.729Z,"139 km ESE of Chignik, Alaska",earthquake,21.6,17.4371,0.3,12.0,reviewed,ak,ak,Global
2026-04-21T03:45:31.181Z,52.4111,-168.7098,35.0,3.7,mb,41,187,0.569,0.67,us,us6000srz8,2026-05-13T23:09:02.040Z,"59 km S of Nikolski, Alaska",earthquake,4.58,1.976,0.115,19.0,reviewed,us,us,Global
2026-04-21T03:37:24.050Z,36.47783333,-98.74033333,8.66,3.05,ml,81,37,0.0,0.11,ok,ok2026htgn,2026-05-13T22:55:48.040Z,"17 km SE of Waynoka, Oklahoma",earthquake,,0.3,0.2,41.0,reviewed,ok,ok,Global
2026-04-21T03:31:10.898Z,51.6493,-174.9107,28.117,2.8,ml,12,236,0.708,0.35,us,us6000srz6,2026-05-13T22:46:36.040Z,"78 km SW of Atka, Alaska",earthquake,6.5,14.971,0.128,8.0,reviewed,us,us,Global
2026-04-21T03:30:43.508Z,1.0193,126.067,35.0,4.2,mb,15,140,7.314,0.46,us,us7000sh2h,2026-05-13T22:43:46.040Z,"114 km ESE of Bitung, Indonesia",earthquake,13.99,1.913,0.152,12.0,reviewed,us,us,Global
2026-04-21T03:17:06.825Z,-8.8928,124.0837,63.942,5.4,mww,184,35,0.876,0.72,us,us6000srrc,2026-05-13T22:43:35.093Z,"47 km NW of Pante Makasar, Timor Leste",earthquake,7.14,4.201,0.078,16.0,reviewed,us,us,Global
2026-04-21T02:48:33.973Z,45.8595,-74.8462,11.22,2.5,mb_lg,19,69,0.413,0.39,us,us6000srr8,2026-05-13T05:24:25.040Z,"23 km NE of Saint-André-Avellin, Canada",earthquake,1.53,8.594,0.255,4.0,reviewed,us,us,Global
2026-04-21T02:35:46.783Z,39.9316,143.1795,25.077,4.8,mb,129,132,1.829,0.45,us,us6000srr7,2026-05-13T05:20:48.040Z,"110 km ENE of Miyako, Japan",earthquake,7.57,5.541,0.054,107.0,reviewed,us,us,Global
2026-04-21T02:34:08.278Z,39.2705,-119.1103,7.1937,2.57,ml,24,59,0.057,0.1629,nn,nn00915900,2026-05-13T04:32:45.040Z,"18 km SSE of Silver Springs, Nevada",earthquake,,1.2841,0.36,16.0,reviewed,nn,nn,Global
2026-04-21T02:22:20.976Z,0.3397,-78.2699,123.657,5.2,mww,207,23,0.392,0.6,us,us6000srr2,2026-05-13T04:28:26.162Z,"4 km N of Cotacachi, Ecuador",earthquake,7.44,3.677,0.045,47.0,reviewed,us,us,Global
2026-04-21T02:17:44.850Z,51.7866,160.3906,10.0,4.7,mb,74,165,2.113,0.79,us,us6000srr3,2026-05-13T03:45:03.040Z,"185 km SE of Vilyuchinsk, Russia",earthquake,9.61,1.928,0.072,59.0,reviewed,us,us,Global
2026-04-21T02:09:02.958Z,17.4231,119.6433,10.0,4.5,mb,45,114,6.138,0.43,us,us7000sh2d,2026-05-13T03:13:26.040Z,"77 km WSW of Cabittaogan, Philippines",earthquake,13.66,1.892,0.094,33.0,reviewed,us,us,Global
2026-04-21T01:55:27.863Z,52.8651,159.2329,80.227,4.5,mb,105,134,0.949,0.52,us,us6000srqz,2026-05-13T00:07:32.040Z,"46 km ESE of Petropavlovsk-Kamchatsky, Russia",earthquake,9.91,5.931,0.058,87.0,reviewed,us,us,Global
2026-04-21T01:44:15.976Z,39.6525,143.2173,39.415,4.2,mb,30,157,2.001,0.28,us,us7000sh2c,2026-05-12T23:46:08.040Z,"109 km E of Miyako, Japan",earthquake,10.47,8.309,0.121,19.0,reviewed,us,us,Global
2026-04-21T01:36:00.717Z,55.642,-159.802,79.4,2.8,ml,29,187,0.5,0.6,ak,aka2026hubbob,2026-05-12T23:36:01.040Z,"35 km SW of Ivanof Bay, Alaska",earthquake,11.5,3.4277,0.2,22.0,reviewed,ak,ak,Global
2026-04-21T00:59:07.499Z,33.6503,137.8153,322.886,4.0,mb,68,132,1.986,0.62,us,us6000srqn,2026-05-01T00:10:49.040Z,"112 km SSW of Ōyama, Japan",earthquake,11.37,7.66,0.07,54.0,reviewed,us,us,Global
2026-04-21T00:54:32.096Z,39.9582,143.258,35.0,4.1,mb,27,155,1.87,0.78,us,us7000sh2a,2026-05-13T01:17:07.040Z,"117 km ENE of Miyako, Japan",earthquake,7.88,1.962,0.139,14.0,reviewed,us,us,Global
2026-04-21T00:29:35.307Z,24.6319,94.6985,95.116,5.0,mb,98,20,3.416,0.71,us,us6000srqj,2026-05-13T01:14:49.310Z,"64 km E of Wāngjing, India",earthquake,9.52,5.153,0.044,164.0,reviewed,us,us,Global
2026-04-21T00:21:05.350Z,38.710333333333,-112.46766666667,9.45,2.5,ml,26,57,0.1019,0.2,uu,uu80137411,2026-05-05T17:06:59.500Z,"10 km SSW of Kanosh, Utah",earthquake,0.34,0.7,0.14743136892055,20.0,reviewed,uu,uu,Global
2026-04-21T00:17:49.880Z,-3.5108,127.2456,120.328,4.5,mb,26,112,2.836,0.31,us,us6000srqi,2026-04-30T23:57:21.040Z,"106 km W of Ambon, Indonesia",earthquake,13.78,9.279,0.121,20.0,reviewed,us,us,Global
2026-04-21T00:14:57.159Z,-16.3683,67.6413,10.0,4.5,mb,28,113,33.549,0.8,us,us6000ssyz,2026-05-13T01:09:21.040Z,Mid-Indian Ridge,earthquake,11.41,1.9,0.116,22.0,reviewed,us,us,Global
2026-04-21T00:08:27.448Z,23.241,94.7793,104.22,4.7,mb,127,50,2.03,0.62,us,us6000srqg,2026-04-30T22:45:34.040Z,"58 km SE of Mawlaik, Burma (Myanmar)",earthquake,8.16,5.874,0.055,101.0,reviewed,us,us,Global
2026-04-20T23:36:58.810Z,19.271833333333,-65.855833333333,25.92,3.15,md,16,251,0.9816,0.29,pr,pr71514073,2026-04-21T01:10:59.040Z,"92 km NNE of San Juan, Puerto Rico",earthquake,1.18,19.63,0.08865930027889,13.0,reviewed,pr,pr,Global
2026-04-20T23:36:51.297Z,39.4083,143.1245,35.0,4.1,mb,17,191,2.097,0.52,us,us7000sh00,2026-05-13T00:18:01.040Z,"101 km E of Yamada, Japan",earthquake,9.67,1.99,0.175,9.0,reviewed,us,us,Global
2026-04-20T23:26:41.569Z,-14.4394,-76.6817,10.0,4.3,mb,13,139,2.442,0.69,us,us6000srq4,2026-04-30T21:35:09.040Z,"77 km SW of Paracas, Peru",earthquake,10.49,1.946,0.148,13.0,reviewed,us,us,Global
2026-04-20T22:54:08.973Z,-33.9497,-179.7278,10.0,4.2,mb,12,258,3.943,0.65,us,us7000sgzy,2026-05-13T00:14:50.040Z,south of the Kermadec Islands,earthquake,15.37,2.009,0.177,9.0,reviewed,us,us,Global
2026-04-20T22:42:59.963Z,44.6038,-129.0109,10.0,3.3,ml,44,288,3.729,0.6,us,us6000srpu,2026-04-20T22:57:31.040Z,off the coast of Oregon,earthquake,13.02,2.026,0.05,52.0,reviewed,us,us,Global
2026-04-20T22:11:43.417Z,-32.4217,-178.4655,10.0,4.9,mb,26,171,3.2,0.61,us,us7000sgzw,2026-05-13T00:00:46.040Z,south of the Kermadec Islands,earthquake,10.63,1.955,0.128,19.0,reviewed,us,us,Global
2026-04-20T22:06:08.630Z,39.7301,143.7164,10.0,4.1,mb,23,151,2.288,0.81,us,us7000sgzx,2026-05-12T23:57:58.040Z,"152 km E of Miyako, Japan",earthquake,8.8,1.942,0.158,11.0,reviewed,us,us,Global
2026-04-20T21:59:56.765Z,1.1604,-85.349,10.0,4.5,mb,30,158,6.885,0.87,us,us6000srpn,2026-05-12T23:55:44.040Z,off the coast of Ecuador,earthquake,8.99,1.905,0.132,17.0,reviewed,us,us,Global
2026-04-20T21:57:25.790Z,35.1785,-117.367,5.26,3.18,ml,65,30,0.1758,0.14,ci,ci41445912,2026-04-30T02:15:53.040Z,"33 km SE of Johannesburg, CA",earthquake,0.13,0.7,0.15745876468953,335.0,reviewed,ci,ci,Global
2026-04-20T21:50:34.780Z,39.9612,143.0556,35.0,4.2,mb,29,146,1.731,0.46,us,us7000sgzt,2026-05-12T23:47:14.040Z,"101 km ENE of Miyako, Japan",earthquake,7.13,1.949,0.141,14.0,reviewed,us,us,Global
2026-04-20T21:47:38.643Z,52.3452,176.4755,12.379,3.9,mb,20,163,1.349,0.71,us,us7000sgzv,2026-04-30T01:55:41.040Z,"229 km ESE of Attu Station, Alaska",earthquake,5.68,5.725,0.163,10.0,reviewed,us,us,Global
2026-04-20T21:45:25.224Z,-5.2545,129.7229,213.904,4.1,mb,20,120,0.749,0.53,us,us7000sgzu,2026-05-12T23:42:40.040Z,"229 km SSE of Amahai, Indonesia",earthquake,10.26,7.566,0.144,13.0,reviewed,us,us,Global
2026-04-20T21:25:54.546Z,-6.7199,131.9617,10.0,4.4,mb,19,149,2.993,0.86,us,us6000srpg,2026-05-12T23:38:25.040Z,"149 km SW of Tual, Indonesia",earthquake,9.9,1.922,0.144,14.0,reviewed,us,us,Global
2026-04-20T21:16:10.589Z,2.6873,122.9414,487.377,4.4,mb,73,72,5.085,0.65,us,us6000srpc,2026-05-12T23:35:39.040Z,"238 km N of Gorontalo, Indonesia",earthquake,11.5,8.202,0.068,62.0,reviewed,us,us,Global
2026-04-20T21:13:04.323Z,39.9897,142.6002,35.0,4.2,mb,21,137,1.419,0.65,us,us7000sgzg,2026-05-12T23:30:37.040Z,"68 km E of Noda, Japan",earthquake,8.28,1.907,0.175,11.0,reviewed,us,us,Global
2026-04-20T21:07:20.774Z,16.046,121.8164,10.0,4.5,mb,44,118,7.303,0.6,us,us6000srph,2026-05-12T23:20:22.040Z,"29 km SE of Nagtipunan, Philippines",earthquake,10.61,1.39,0.099,30.0,reviewed,us,us,Global
2026-04-20T20:39:19.901Z,54.792,-156.947,35.1,3.3,ml,66,218,1.8,0.5,ak,aka2026htrhen,2026-05-03T16:05:55.040Z,"186 km SE of Perryville, Alaska",earthquake,8.1,21.4213,0.2,46.0,reviewed,ak,ak,Global
2026-04-20T20:31:56.320Z,40.304166666667,-125.16633333333,0.23,2.59,md,28,288,0.6302,0.2,nc,nc75348762,2026-05-03T16:04:43.040Z,"75 km W of Petrolia, CA",earthquake,5.5,8.93,0.152,25.0,reviewed,nc,nc,Global
2026-04-20T19:22:46.341Z,53.6021,-164.8075,35.0,2.5,ml,15,232,0.733,0.51,us,us6000sryt,2026-04-23T15:14:13.040Z,"86 km SE of Akutan, Alaska",earthquake,5.58,2.019,0.115,10.0,reviewed,us,us,Global
2026-04-20T19:10:21.080Z,49.9434,157.1263,35.0,4.4,mb,39,142,3.19,0.64,us,us6000ssyw,2026-05-03T16:09:23.040Z,"108 km SE of Severo-Kuril’sk, Russia",earthquake,11.41,1.942,0.093,33.0,reviewed,us,us,Global
2026-04-20T18:47:05.941Z,-2.234,139.1211,10.0,5.3,mb,64,61,1.605,0.76,us,us6000srn6,2026-05-03T16:01:00.040Z,"172 km WNW of Abepura, Indonesia",earthquake,7.62,1.704,0.048,146.0,reviewed,us,us,Global
2026-04-20T17:38:19.357Z,31.634,-104.439,6.3721,3.0,ml,36,73,0.0,0.1,tx,tx2026htlfxr,2026-05-03T15:57:05.040Z,"60 km S of Whites City, New Mexico",earthquake,0.7856815315993,0.68405153385119,0.1,34.0,reviewed,tx,tx,Global
2026-04-20T17:35:10.160Z,32.119,-101.055,6.8848,3.3,ml,55,61,0.2,0.2,tx,tx2026htlatb,2026-05-03T15:53:35.040Z,"26 km S of Westbrook, Texas",earthquake,0.63389948326422,1.9485071436495,0.1,39.0,reviewed,tx,tx,Global
2026-04-20T17:26:03.820Z,17.983666666667,-66.834833333333,17.24,2.7,md,18,168,0.04314,0.29,pr,pr71514053,2026-05-03T15:52:16.040Z,"2 km SW of Indios, Puerto Rico",earthquake,0.7,0.46,0.16608547391774,9.0,reviewed,pr,pr,Global
2026-04-20T17:21:31.074Z,57.326,-155.841,71.0,3.0,ml,94,143,0.4,0.7,ak,aka2026htkrka,2026-05-03T15:51:26.040Z,"87 km WSW of Karluk, Alaska",earthquake,5.1,2.8043,0.3,67.0,reviewed,ak,ak,Global
2026-04-20T17:17:02.766Z,50.9143,-178.4124,10.0,3.8,mb,51,216,0.688,0.91,us,us6000srms,2026-05-03T15:54:44.040Z,"163 km SW of Adak, Alaska",earthquake,5.1,1.972,0.099,26.0,reviewed,us,us,Global
2026-04-20T17:04:58.716Z,59.469,-151.945,54.3,2.7,ml,62,120,0.6,0.7,ak,aka2026htkddq,2026-05-03T15:50:39.040Z,"12 km N of Nanwalek, Alaska",earthquake,3.6,3.4367,0.6,4.0,automatic,ak,ak,Global
2026-04-20T17:02:35.448Z,29.9971,140.6569,10.0,4.1,mb,26,149,6.244,0.88,us,us7000sgzh,2026-05-02T17:24:39.040Z,"Izu Islands, Japan region",earthquake,10.85,1.903,0.127,17.0,reviewed,us,us,Global
2026-04-20T16:15:26.884Z,39.7788,143.5985,10.0,4.4,mb,24,131,2.185,0.77,us,us7000sgze,2026-05-08T14:44:24.040Z,"142 km E of Miyako, Japan",earthquake,9.41,1.91,0.127,18.0,reviewed,us,us,Global
2026-04-20T16:13:12.668Z,39.4055,143.5303,10.0,4.5,mb,76,135,2.342,0.7,us,us6000srkt,2026-05-08T14:28:12.040Z,"136 km E of Yamada, Japan",earthquake,5.69,1.843,0.074,54.0,reviewed,us,us,Global
2026-04-20T16:11:41.909Z,60.641,-149.411,4.1,2.6,ml,80,60,0.4,1.0,ak,aka2026htijgz,2026-05-11T13:28:58.040Z,"17 km N of Moose Pass, Alaska",earthquake,2.4,1.7169,0.1,53.0,reviewed,ak,ak,Global
2026-04-20T16:08:08.275Z,57.805,-154.359,63.5,2.8,ml,94,104,0.5,0.5,ak,aka2026htigfl,2026-05-11T13:27:50.040Z,"26 km NNE of Karluk, Alaska",earthquake,3.8,2.9512,0.3,67.0,reviewed,ak,ak,Global
2026-04-20T15:44:52.620Z,52.2337,176.3767,10.0,4.4,mb,93,158,1.345,0.83,us,us6000srkj,2026-05-11T13:26:29.040Z,"226 km ESE of Attu Station, Alaska",earthquake,7.26,1.912,0.052,106.0,reviewed,us,us,Global
2026-04-20T15:28:32.197Z,11.0288,125.3357,10.0,4.2,mb,21,131,26.398,0.73,us,us7000sgzd,2026-05-08T14:21:17.040Z,"10 km SSW of Balangiga, Philippines",earthquake,15.22,1.903,0.141,14.0,reviewed,us,us,Global
2026-04-20T15:27:31.224Z,-13.7066,166.5069,10.0,4.5,mb,20,137,1.857,0.9,us,us7000sgzc,2026-05-08T13:56:55.040Z,"114 km W of Sola, Vanuatu",earthquake,11.74,1.915,0.135,17.0,reviewed,us,us,Global
2026-04-20T15:16:16.894Z,0.0834,98.5702,64.009,4.0,mb,16,133,1.568,0.72,us,us7000sgzb,2026-05-08T13:48:37.040Z,"101 km ESE of Teluk Dalam, Indonesia",earthquake,9.95,3.658,0.196,7.0,reviewed,us,us,Global
2026-04-20T14:42:01.262Z,51.454,-176.668,38.5,2.6,ml,11,251,0.4,0.2,ak,aka2026htfjzm,2026-04-21T22:01:51.941Z,"46 km S of Adak, Alaska",earthquake,15.7,6.7881,0.2,6.0,reviewed,ak,ak,Global
2026-04-20T14:32:19.755Z,54.7004,170.6089,10.0,3.9,mb,28,131,2.864,1.07,us,us7000sgz9,2026-04-30T16:08:20.040Z,"267 km NW of Attu Station, Alaska",earthquake,11.81,1.987,0.118,19.0,reviewed,us,us,Global
2026-04-20T14:15:28.170Z,39.8675,143.3029,29.516,4.7,mb,75,117,1.943,0.82,us,us6000srka,2026-04-30T15:10:03.040Z,"119 km ENE of Miyako, Japan",earthquake,7.87,5.248,0.061,80.0,reviewed,us,us,Global
2026-04-20T14:02:38.020Z,39.3168,-119.0511,3.0,3.39,mwr,15,148,0.066,0.1409,nn,nn00915849,2026-04-30T21:53:02.396Z,"18 km SE of Silver Springs, Nevada",earthquake,,1.7685,,,reviewed,nn,nn,Global
2026-04-20T13:40:08.915Z,39.327,-119.0391,9.5095,2.52,ml,19,70,0.076,0.1131,nn,nn00915845,2026-04-22T17:29:43.040Z,"18 km ESE of Silver Springs, Nevada",earthquake,,1.2624,0.3,12.0,reviewed,nn,nn,Global
2026-04-20T13:26:20.940Z,40.362333333333,-124.94483333333,11.52,3.56,ml,131,234,0.4663,0.24,nc,nc75348572,2026-04-29T19:17:01.040Z,"56 km W of Petrolia, CA",earthquake,0.53,0.9,0.148,75.0,reviewed,nc,nc,Global
2026-04-20T13:03:26.103Z,39.6599,143.3781,33.949,4.4,mb,19,199,2.1,0.39,us,us7000sgz6,2026-04-29T19:05:55.040Z,"123 km E of Miyako, Japan",earthquake,10.9,9.096,0.203,7.0,reviewed,us,us,Global
2026-04-20T12:56:47.362Z,39.5466,143.3282,25.586,5.1,mb,114,64,2.133,0.62,us,us6000srjx,2026-05-11T06:02:21.040Z,"118 km E of Yamada, Japan",earthquake,7.82,3.587,0.03,363.0,reviewed,us,us,Global
2026-04-20T12:44:28.447Z,39.5747,143.1592,35.0,4.2,mb,31,190,2.012,0.62,us,us7000sgz5,2026-05-12T13:48:08.040Z,"104 km E of Yamada, Japan",earthquake,4.77,1.973,0.132,16.0,reviewed,us,us,Global
2026-04-20T11:44:37.863Z,10.8514,125.9453,35.0,4.6,mb,70,98,20.539,0.53,us,us6000srjn,2026-05-12T15:48:16.832Z,"16 km SE of Sulangan, Philippines",earthquake,10.01,1.895,0.068,64.0,reviewed,us,us,Global
2026-04-20T11:29:07.815Z,-29.8488,-177.5462,58.773,4.3,mb,17,209,0.688,1.07,us,us7000sgz4,2026-05-12T13:31:18.040Z,"Kermadec Islands, New Zealand",earthquake,11.83,14.398,0.137,15.0,reviewed,us,us,Global
2026-04-20T11:28:59.393Z,39.6678,143.0908,31.595,4.5,mb,104,121,1.913,0.54,us,us6000srjl,2026-05-12T15:46:07.040Z,"98 km E of Miyako, Japan",earthquake,7.38,2.411,0.056,95.0,reviewed,us,us,Global
2026-04-20T11:09:57.546Z,39.2787,-119.0981,7.4169,2.67,ml,23,77,0.052,0.1506,nn,nn00915825,2026-05-12T15:43:22.040Z,"18 km SE of Silver Springs, Nevada",earthquake,,1.4993,0.33,11.0,reviewed,nn,nn,Global
2026-04-20T11:09:36.384Z,1.457,117.8868,10.0,4.1,mb,22,98,5.755,0.79,us,us7000sgz3,2026-05-12T13:07:24.040Z,"153 km NNE of Bontang, Indonesia",earthquake,6.31,1.929,0.135,15.0,reviewed,us,us,Global
2026-04-20T10:53:18.851Z,39.5135,143.2631,45.406,4.2,mb,23,139,2.113,0.8,us,us7000sgz1,2026-05-08T15:20:09.040Z,"113 km E of Yamada, Japan",earthquake,9.13,8.655,0.176,9.0,reviewed,us,us,Global
2026-04-20T10:49:59.480Z,40.350666666667,-125.06216666667,6.91,2.51,md,25,282,0.5537,0.12,nc,nc75348512,2026-04-27T05:44:50.040Z,"66 km W of Petrolia, CA",earthquake,3.07,3.18,0.178,28.0,reviewed,nc,nc,Global
2026-04-20T10:44:13.798Z,39.4674,143.5218,35.0,5.1,mb,93,61,2.3,0.83,us,us6000srj9,2026-05-06T11:47:06.040Z,"135 km E of Yamada, Japan",earthquake,7.97,1.858,0.032,324.0,reviewed,us,us,Global
2026-04-20T10:41:33.940Z,40.346666666667,-124.901,13.63,3.61,ml,171,225,0.4309,0.23,nc,nc75348507,2026-05-08T07:40:14.867Z,"52 km W of Petrolia, CA",earthquake,0.56,0.72,0.149,97.0,reviewed,nc,nc,Global
2026-04-20T10:37:35.485Z,39.4929,143.3006,29.666,4.4,mb,56,135,2.148,0.67,us,us6000srj8,2026-05-08T07:03:54.040Z,"116 km E of Yamada, Japan",earthquake,7.51,5.907,0.076,50.0,reviewed,us,us,Global
2026-04-20T10:30:27.895Z,40.0473,142.8185,35.0,4.1,mb,29,155,1.53,0.86,us,us7000sgyz,2026-05-08T14:53:55.040Z,"85 km E of Noda, Japan",earthquake,6.21,1.951,0.146,13.0,reviewed,us,us,Global
2026-04-20T10:20:06.976Z,39.6475,143.4902,31.835,4.1,mb,26,156,2.179,0.36,us,us7000sgz0,2026-05-08T15:11:14.040Z,"133 km E of Miyako, Japan",earthquake,7.06,5.373,0.139,14.0,reviewed,us,us,Global
2026-04-20T10:17:11.055Z,37.7441,-107.5509,5.0,2.5,ml,39,49,0.572,0.27,us,us6000srj3,2026-05-13T13:56:58.040Z,"12 km SE of Silverton, Colorado",earthquake,2.65,1.881,0.034,116.0,reviewed,us,us,Global
2026-04-20T10:15:24.818Z,-2.7076,128.8697,14.348,4.5,mb,33,69,2.078,1.15,us,us7000sgyy,2026-05-06T10:41:13.040Z,"66 km N of Masohi, Indonesia",earthquake,8.5,4.993,0.121,20.0,reviewed,us,us,Global
2026-04-20T10:04:25.782Z,54.5518,170.6191,10.0,4.1,mb,49,117,2.761,0.85,us,us7000sgyx,2026-05-08T14:28:11.040Z,"254 km NW of Attu Station, Alaska",earthquake,9.13,1.927,0.083,40.0,reviewed,us,us,Global
2026-04-20T10:02:05.720Z,39.6704,143.2428,35.0,4.4,mb,58,125,2.007,0.72,us,us7000sgyw,2026-05-08T13:48:27.040Z,"111 km E of Miyako, Japan",earthquake,7.73,1.923,0.085,40.0,reviewed,us,us,Global
2026-04-20T10:00:35.010Z,39.8725,143.217,37.903,4.4,mb,37,134,1.883,0.51,us,us6000sriz,2026-05-08T12:36:45.040Z,"112 km ENE of Miyako, Japan",earthquake,8.24,7.767,0.126,18.0,reviewed,us,us,Global
2026-04-20T09:56:23.431Z,63.065,-150.942,132.0,2.6,ml,84,30,0.5,0.5,ak,aka2026hsvxwa,2026-04-21T11:19:08.040Z,"64 km N of Petersville, Alaska",earthquake,2.6,2.4235,0.2,36.0,reviewed,ak,ak,Global
2026-04-20T09:54:45.654Z,51.0985,179.3373,45.575,4.6,mb,61,203,0.281,0.86,us,us6000srix,2026-05-06T10:03:03.040Z,"292 km WSW of Adak, Alaska",earthquake,5.2,7.862,0.075,54.0,reviewed,us,us,Global
2026-04-20T09:49:44.816Z,39.888,143.39,35.0,5.1,mb,114,65,1.992,0.95,us,us6000sriv,2026-05-07T07:39:17.040Z,"127 km ENE of Miyako, Japan",earthquake,6.95,1.109,0.032,323.0,reviewed,us,us,Global
2026-04-20T09:31:43.075Z,57.821,-156.243,133.2,3.0,ml,62,77,0.1,0.7,ak,aka2026hsvcpm,2026-04-27T05:40:06.040Z,"76 km ENE of Ugashik, Alaska",earthquake,6.3,2.1679,0.6,33.0,reviewed,ak,ak,Global
2026-04-20T09:25:59.507Z,39.7844,143.134,37.102,4.2,mb,22,155,1.874,1.3,us,us7000sgyv,2026-05-08T14:57:53.040Z,"103 km E of Miyako, Japan",earthquake,8.8,9.054,0.167,10.0,reviewed,us,us,Global
2026-04-20T09:07:01.168Z,39.7274,143.1786,35.0,4.3,mb,54,126,1.934,0.69,us,us7000sgys,2026-05-08T13:34:34.040Z,"106 km E of Miyako, Japan",earthquake,6.52,1.81,0.095,31.0,reviewed,us,us,Global
2026-04-20T08:38:30.511Z,59.998,-142.048,14.3,2.5,ml,25,165,0.2,1.0,ak,aka2026hstirg,2026-04-20T23:32:54.533Z,"139 km WNW of Yakutat, Alaska",earthquake,5.0,2.0428,0.1,13.0,reviewed,ak,ak,Global
2026-04-20T08:33:36.368Z,39.4523,143.1218,35.0,5.4,mb,69,126,2.067,0.59,us,us7000sh03,2026-05-15T12:46:03.788Z,"100 km E of Yamada, Japan",earthquake,9.02,1.887,0.069,71.0,reviewed,us,us,Global
2026-04-20T08:32:48.024Z,39.6729,143.2372,30.113,5.4,mb,183,96,2.002,0.51,us,us6000srih,2026-05-14T09:17:20.582Z,"111 km E of Miyako, Japan",earthquake,6.85,4.817,0.047,152.0,reviewed,us,us,Global
2026-04-20T08:30:10.677Z,39.8002,143.145,31.515,4.6,mb,44,134,1.873,0.46,us,us7000sgyn,2026-05-14T12:41:19.040Z,"104 km E of Miyako, Japan",earthquake,8.64,5.61,0.111,24.0,reviewed,us,us,Global
2026-04-20T08:27:52.181Z,60.52,-139.965,10.1,3.0,ml,13,91,0.6,0.5,ak,aka2026hsszoo,2026-04-20T23:29:39.591Z,"109 km N of Yakutat, Alaska",earthquake,5.8,2.9194,0.1,8.0,reviewed,ak,ak,Global
2026-04-20T08:25:31.882Z,60.586,-139.895,11.7,3.0,ml,15,87,0.6,1.0,ak,aka2026hssxob,2026-04-20T23:29:05.739Z,"116 km N of Yakutat, Alaska",earthquake,5.9,2.9649,0.1,9.0,reviewed,ak,ak,Global
2026-04-20T08:23:56.112Z,39.8178,142.849,44.32,4.4,mb,29,134,1.674,0.78,us,us7000sgyp,2026-05-14T12:52:23.040Z,"80 km ENE of Miyako, Japan",earthquake,9.39,8.406,0.134,16.0,reviewed,us,us,Global
2026-04-20T08:15:19.797Z,39.7176,143.3869,15.916,4.6,mb,35,134,2.075,0.66,us,us7000sh04,2026-05-14T13:30:31.040Z,"124 km E of Miyako, Japan",earthquake,6.73,3.839,0.125,19.0,reviewed,us,us,Global
2026-04-20T08:14:48.378Z,39.6697,143.3259,40.076,4.6,mb,45,123,2.061,0.7,us,us7000sgyi,2026-05-14T13:13:02.040Z,"118 km E of Miyako, Japan",earthquake,9.45,7.112,0.107,26.0,reviewed,us,us,Global
2026-04-20T08:12:42.998Z,39.7579,143.2776,35.0,4.3,mb,33,142,1.982,0.76,us,us7000sgyk,2026-05-14T13:38:40.040Z,"115 km E of Miyako, Japan",earthquake,9.35,1.948,0.148,13.0,reviewed,us,us,Global
2026-04-20T08:08:54.262Z,39.859,143.2522,35.0,4.9,mb,91,123,1.913,0.5,us,us7000sgyj,2026-05-14T15:29:32.040Z,"114 km ENE of Miyako, Japan",earthquake,8.44,1.911,0.068,68.0,reviewed,us,us,Global
2026-04-20T08:08:19.830Z,39.9038,142.9488,30.332,4.6,mb,65,128,1.69,0.63,us,us7000sh0b,2026-05-14T15:18:49.040Z,"90 km ENE of Miyako, Japan",earthquake,8.04,5.52,0.076,51.0,reviewed,us,us,Global
2026-04-20T08:03:05.906Z,39.9445,143.5674,34.906,5.4,mb,86,100,2.09,0.63,us,us7000sgyl,2026-05-15T14:47:54.528Z,"143 km ENE of Miyako, Japan",earthquake,7.77,2.925,0.073,64.0,reviewed,us,us,Global
2026-04-20T08:02:53.719Z,39.5657,143.3161,35.0,5.3,mb,63,76,2.114,0.48,us,us7000sh0d,2026-05-15T14:36:21.196Z,"117 km E of Yamada, Japan",earthquake,7.57,1.881,0.104,31.0,reviewed,us,us,Global
2026-04-20T08:01:32.967Z,39.7608,143.5572,35.0,5.3,mb,77,95,2.166,0.6,us,us7000sgym,2026-05-14T14:06:51.040Z,"139 km E of Miyako, Japan",earthquake,8.08,1.902,0.078,55.0,reviewed,us,us,Global
2026-04-20T07:56:49.716Z,39.7683,143.1045,35.0,6.0,mb,137,94,1.864,0.45,us,us7000sh0a,2026-05-15T14:06:10.311Z,"100 km E of Miyako, Japan",earthquake,5.06,1.891,0.056,118.0,reviewed,us,us,Global
2026-04-20T07:52:58.951Z,39.9936,142.9946,25.0,7.4,mww,239,23,1.675,0.53,us,us6000sri7,2026-05-15T13:38:33.396Z,"98 km ENE of Miyako, Japan",earthquake,6.14,1.234,0.036,73.0,reviewed,us,us,Global
2026-04-20T07:42:58.072Z,39.2816,-119.0893,8.539,2.81,ml,24,73,0.048,0.142,nn,nn00915788,2026-05-13T09:07:55.040Z,"18 km SE of Silver Springs, Nevada",earthquake,,1.4079,0.45,11.0,reviewed,nn,nn,Global
2026-04-20T07:27:09.308Z,51.0838,157.2464,79.385,4.2,mb,97,132,2.047,0.44,us,us7000sgyf,2026-05-14T11:33:41.040Z,"69 km SE of Ozernovskiy, Russia",earthquake,10.35,7.528,0.059,81.0,reviewed,us,us,Global
2026-04-20T07:22:16.544Z,-17.1406,167.7781,35.0,4.7,mb,41,61,1.772,0.73,us,us7000sgyg,2026-05-14T10:39:34.040Z,"87 km NW of Port-Vila, Vanuatu",earthquake,6.68,1.459,0.093,35.0,reviewed,us,us,Global
2026-04-20T07:12:27.058Z,0.6652,126.3941,51.123,4.8,mb,65,88,6.85,0.59,us,us7000sgye,2026-05-14T12:52:38.040Z,"111 km W of Ternate, Indonesia",earthquake,9.53,7.796,0.078,51.0,reviewed,us,us,Global
2026-04-20T07:04:22.907Z,-32.4082,-178.3311,10.0,5.2,mb,64,88,3.172,0.53,us,us6000srhw,2026-05-13T12:13:16.040Z,south of the Kermadec Islands,earthquake,10.04,1.797,0.086,44.0,reviewed,us,us,Global
2026-04-20T06:07:29.050Z,56.3382,-149.2275,10.0,3.0,ml,60,232,2.848,0.52,us,us6000srpy,2026-05-13T06:59:08.040Z,"233 km SE of Chiniak, Alaska",earthquake,9.73,2.018,0.057,40.0,reviewed,us,us,Global
2026-04-20T06:05:38.120Z,38.714,-112.47433333333,9.21,2.58,ml,27,64,0.1065,0.16,uu,uu80137331,2026-05-05T17:06:32.930Z,"10 km SSW of Kanosh, Utah",earthquake,0.28,0.65,0.16141517173362,28.0,reviewed,uu,uu,Global
2026-04-20T05:40:42.498Z,51.1071,-178.4538,22.229,3.2,ml,22,226,0.501,0.51,us,us6000srpd,2026-05-13T07:05:44.040Z,"152 km SW of Adak, Alaska",earthquake,4.57,13.638,0.105,12.0,reviewed,us,us,Global
2026-04-20T05:19:36.117Z,-7.9395,124.314,182.008,5.0,mb,125,34,1.805,0.63,us,us6000srhi,2026-05-13T10:46:18.040Z,"123 km NW of Maubara, Timor Leste",earthquake,8.89,4.646,0.064,78.0,reviewed,us,us,Global
2026-04-20T05:19:05.660Z,18.3235,-67.352,13.12,2.66,md,10,274,0.2698,0.49,pr,pr71514028,2026-04-20T05:32:55.570Z,"10 km W of Rincón, Puerto Rico",earthquake,2.2,1.35,0.11546513613022,6.0,reviewed,pr,pr,Global
2026-04-20T05:10:14.126Z,-0.1311,125.6246,35.0,4.2,mb,22,137,6.108,0.4,us,us7000sgyb,2026-05-14T12:36:18.040Z,"147 km ESE of Modisi, Indonesia",earthquake,15.89,1.944,0.142,14.0,reviewed,us,us,Global
2026-04-20T03:47:03.637Z,-4.4121,144.3818,139.554,4.7,mb,73,79,3.796,0.61,us,us6000srh9,2026-05-12T22:52:19.040Z,"52 km SE of Angoram, Papua New Guinea",earthquake,3.4,7.218,0.072,58.0,reviewed,us,us,Global
2026-04-20T03:42:50.690Z,39.3174,-119.0535,8.2906,2.84,ml,10,145,0.067,0.1228,nn,nn00915760,2026-05-12T05:38:11.040Z,"18 km SE of Silver Springs, Nevada",earthquake,,2.1433,0.19,4.0,reviewed,nn,nn,Global
2026-04-20T03:18:03.930Z,18.4438,-68.8855,122.0,3.89,md,18,226,0.5089,0.02,pr,pr2026110000,2026-05-12T05:19:23.040Z,"9 km E of La Romana, Dominican Republic",earthquake,1.36,0.87,0.04,7.0,reviewed,pr,pr,Global
2026-04-20T02:57:54.298Z,0.978,126.3277,35.0,4.4,mb,26,131,7.072,1.11,us,us7000sgy5,2026-05-03T22:35:56.040Z,"119 km W of Ternate, Indonesia",earthquake,14.98,1.912,0.123,20.0,reviewed,us,us,Global
2026-04-20T02:44:54.900Z,18.7215,-64.998166666667,13.76,3.0,md,12,214,0.3693,0.44,pr,pr71513998,2026-04-20T03:11:10.240Z,"42 km N of Charlotte Amalie, U.S. Virgin Islands",earthquake,1.53,3.19,0.06019165286645,4.0,reviewed,pr,pr,Global
2026-04-20T02:33:59.080Z,62.52,-152.613,160.1,2.7,ml,105,48,0.7,0.7,ak,aka2026hshgpz,2026-04-30T04:31:18.040Z,"86 km NW of Skwentna, Alaska",earthquake,2.7,2.0957,0.3,66.0,reviewed,ak,ak,Global
2026-04-20T01:54:05.840Z,37.510833333333,-118.8255,3.99,2.56,md,36,81,0.07911,0.04,nc,nc75348337,2026-04-30T04:26:33.040Z,"14 km WSW of Toms Place, CA",earthquake,0.18,0.76,0.2,33.0,reviewed,nc,nc,Global
2026-04-20T01:47:32.799Z,53.111,-166.605,27.6,2.6,ml,12,265,0.7,0.4,ak,aka2026hsfspo,2026-04-20T20:52:25.623Z,"85 km S of Unalaska, Alaska",earthquake,12.4,5.5504,0.2,7.0,reviewed,ak,ak,Global
2026-04-20T01:33:59.266Z,-6.4835,143.7578,10.0,4.4,mb,17,105,4.447,0.57,us,us7000sgy3,2026-04-30T04:22:33.040Z,"34 km SW of Ialibu, Papua New Guinea",earthquake,6.97,1.863,0.156,12.0,reviewed,us,us,Global
2026-04-20T01:25:47.650Z,19.172,-64.7595,6.77,3.29,md,11,271,0.7578,0.18,pr,pr71513988,2026-04-30T04:54:15.040Z,"93 km N of Cruz Bay, U.S. Virgin Islands",earthquake,2.48,2.1,0.018844655959699,7.0,reviewed,pr,pr,Global
2026-04-20T01:21:17.497Z,-49.6913,117.4061,10.0,5.4,mww,43,62,16.749,0.67,us,us6000srgj,2026-05-05T03:26:33.002Z,western Indian-Antarctic Ridge,earthquake,10.42,1.852,0.068,21.0,reviewed,us,us,Global
2026-04-20T01:20:46.981Z,43.5934,-128.014,10.0,3.1,ml,49,247,2.881,0.72,us,us6000srgf,2026-04-30T04:55:23.040Z,"296 km W of Bandon, Oregon",earthquake,11.84,2.022,0.04,82.0,reviewed,us,us,Global
2026-04-20T01:10:40.107Z,-49.6663,117.2989,10.0,4.5,mb,13,152,16.723,0.88,us,us7000sgy0,2026-05-03T22:58:55.040Z,western Indian-Antarctic Ridge,earthquake,17.15,1.944,0.18,11.0,reviewed,us,us,Global
2026-04-20T00:53:48.610Z,36.212166666667,-117.9775,2.55,3.0,ml,38,48,0.1038,0.18,ci,ci41445272,2026-04-28T01:56:28.040Z,"8 km SSE of Olancha, CA",earthquake,0.19,0.79,0.16193624817015,104.0,reviewed,ci,ci,Global
2026-04-20T00:37:18.890Z,19.224,-64.675333333333,41.48,3.32,md,10,273,0.7743,0.15,pr,pr71513983,2026-04-20T03:18:24.040Z,"99 km N of Cruz Bay, U.S. Virgin Islands",earthquake,3.13,9.41,0.097809186347555,7.0,reviewed,pr,pr,Global
2026-04-20T00:19:20.598Z,-32.6135,-177.5522,10.0,4.9,mb,19,202,3.373,0.76,us,us6000srg8,2026-05-12T23:05:51.040Z,south of the Kermadec Islands,earthquake,8.41,1.988,0.126,21.0,reviewed,us,us,Global
2026-04-19T23:52:29.815Z,-32.317,-177.9136,10.0,5.1,mb,35,119,3.062,0.75,us,us6000srg6,2026-05-12T23:03:04.040Z,south of the Kermadec Islands,earthquake,10.37,1.756,0.099,33.0,reviewed,us,us,Global
2026-04-19T23:35:40.182Z,67.154,-164.463,28.9,3.5,ml,52,155,1.1,1.2,ak,aka2026hsbiyx,2026-05-12T23:00:29.040Z,"63 km S of Kivalina, Alaska",earthquake,6.1,12.4382,0.2,34.0,reviewed,ak,ak,Global
2026-04-19T23:25:41.603Z,54.757,170.8,10.0,3.8,mb,27,165,2.822,0.85,us,us7000sgqu,2026-05-12T22:55:29.040Z,"264 km NW of Attu Station, Alaska",earthquake,12.2,1.962,0.117,19.0,reviewed,us,us,Global
2026-04-19T23:16:00.607Z,-23.5776,179.7995,546.165,4.5,mb,35,133,6.029,0.62,us,us7000sgqs,2026-04-29T00:32:12.040Z,south of the Fiji Islands,earthquake,13.2,8.682,0.104,27.0,reviewed,us,us,Global
2026-04-19T22:39:36.852Z,-7.5429,157.9479,10.0,4.5,mb,17,167,2.731,0.68,us,us7000sgqr,2026-05-12T22:00:02.040Z,"136 km ENE of Gizo, Solomon Islands",earthquake,11.97,1.958,0.14,15.0,reviewed,us,us,Global
2026-04-19T22:33:45.040Z,-5.4685,127.3422,402.477,4.4,mb,26,55,2.72,0.57,us,us6000srft,2026-04-28T22:19:11.040Z,"217 km SSW of Ambon, Indonesia",earthquake,6.71,8.844,0.143,14.0,reviewed,us,us,Global
2026-04-19T22:31:02.580Z,19.051000595093,-155.37783813477,31.840000152588,3.35,ml,53,207,0.1309,0.140000001,hv,hv74939067,2026-05-12T21:59:37.719Z,"19 km SSE of Pāhala, Hawaii",earthquake,0.47,0.660000026,0.35,42.0,automatic,hv,hv,Global
2026-04-19T22:04:09.731Z,-6.9706,147.0156,129.201,4.2,mb,16,150,2.423,0.81,us,us7000sgqq,2026-05-12T21:52:12.040Z,"27 km S of Lae, Papua New Guinea",earthquake,11.03,7.575,0.152,12.0,reviewed,us,us,Global
2026-04-19T21:59:09.111Z,39.2784,-119.0981,8.5619,2.66,ml,23,77,0.052,0.161,nn,nn00915706,2026-05-12T21:49:29.040Z,"18 km SE of Silver Springs, Nevada",earthquake,,1.527,0.4,11.0,reviewed,nn,nn,Global
2026-04-19T21:49:17.910Z,52.379,176.4065,10.0,4.0,mb,22,163,1.399,0.88,us,us7000sgqp,2026-04-28T21:37:50.040Z,"224 km ESE of Attu Station, Alaska",earthquake,7.55,1.935,0.143,13.0,reviewed,us,us,Global
2026-04-19T21:46:05.507Z,52.11,176.3263,12.857,4.2,mb,39,171,1.395,0.76,us,us7000sgqm,2026-04-28T21:27:39.040Z,"228 km ESE of Attu Station, Alaska",earthquake,7.39,6.368,0.112,22.0,reviewed,us,us,Global
2026-04-19T21:23:04.041Z,31.672,-104.343,5.5872,2.8,ml,29,70,0.1,0.1,tx,tx2026hrwvmf,2026-04-19T21:41:33.040Z,"55 km S of Whites City, New Mexico",earthquake,0.8257263790585,0.97431252003935,0.2,18.0,reviewed,tx,tx,Global
2026-04-19T21:08:51.108Z,24.8982,123.1689,171.806,3.9,mb,16,132,0.452,0.64,us,us6000srfi,2026-05-12T21:42:36.040Z,"50 km NNE of Yonakuni, Japan",earthquake,10.55,6.418,0.23,5.0,reviewed,us,us,Global
2026-04-19T21:05:04.786Z,-1.2423,123.6907,10.0,4.1,mb,23,82,5.431,0.46,us,us7000sgql,2026-04-28T21:09:21.040Z,"105 km ESE of Luwuk, Indonesia",earthquake,6.3,1.859,0.135,15.0,reviewed,us,us,Global
2026-04-19T20:18:09.330Z,18.942,-67.417166666667,17.94,2.82,md,9,316,0.554,0.11,pr,pr71513973,2026-04-19T21:00:53.020Z,"60 km NW of San Antonio, Puerto Rico",earthquake,4.42,8.86,0.11487961815249,5.0,reviewed,pr,pr,Global
2026-04-19T19:55:37.997Z,-32.4085,-178.088,10.0,4.9,mb,30,177,3.156,0.72,us,us6000srf6,2026-05-03T15:49:26.040Z,south of the Kermadec Islands,earthquake,8.86,1.951,0.11,26.0,reviewed,us,us,Global
2026-04-19T19:54:07.952Z,-32.3786,-178.1302,10.0,4.8,mb,19,176,3.128,0.61,us,us7000sgqg,2026-05-02T15:58:45.040Z,south of the Kermadec Islands,earthquake,10.97,1.963,0.148,14.0,reviewed,us,us,Global
2026-04-19T19:50:33.135Z,53.0097,160.8726,32.017,4.1,mb,32,162,1.918,0.74,us,us7000sgqh,2026-05-02T16:05:27.040Z,"150 km E of Petropavlovsk-Kamchatsky, Russia",earthquake,13.37,6.42,0.109,23.0,reviewed,us,us,Global
2026-04-19T19:31:58.393Z,39.2718,-119.0865,8.7735,2.89,ml,24,80,0.041,0.1432,nn,nn00915666,2026-05-03T15:46:45.040Z,"19 km SE of Silver Springs, Nevada",earthquake,,1.3582,0.34,11.0,reviewed,nn,nn,Global
2026-04-19T19:02:28.362Z,54.54,-159.97,4.4,2.5,ml,12,271,1.3,0.5,ak,aka2026hrshqc,2026-04-21T21:48:54.336Z,"94 km SSE of Sand Point, Alaska",earthquake,8.8,4.8803,0.1,10.0,reviewed,ak,ak,Global
2026-04-19T19:01:13.993Z,-32.4271,-178.415,10.0,4.7,mb,20,172,3.199,0.28,us,us6000srez,2026-05-03T15:45:50.040Z,south of the Kermadec Islands,earthquake,7.46,1.946,0.127,19.0,reviewed,us,us,Global
2026-04-19T18:35:44.601Z,3.479,126.5469,35.0,4.8,mb,65,84,3.695,0.54,us,us6000sret,2026-05-03T15:41:06.040Z,"244 km SSE of Sarangani, Philippines",earthquake,10.29,1.842,0.062,79.0,reviewed,us,us,Global
2026-04-19T18:20:29.883Z,44.7363,149.4687,35.0,4.4,mb,75,143,4.963,0.83,us,us6000sren,2026-05-03T15:38:40.040Z,"136 km ESE of Kuril’sk, Russia",earthquake,10.51,1.93,0.059,83.0,reviewed,us,us,Global
2026-04-19T18:20:00.574Z,-17.969,-69.7964,133.732,4.4,mb,23,77,0.456,0.8,us,us6000srel,2026-05-03T15:34:45.040Z,"27 km SE of Palca, Peru",earthquake,7.11,4.92,0.117,21.0,reviewed,us,us,Global
2026-04-19T17:44:34.237Z,-32.1561,-178.3314,10.0,4.5,mb,14,150,2.922,0.5,us,us7000sgqa,2026-05-01T19:38:04.040Z,south of the Kermadec Islands,earthquake,11.04,1.95,0.181,10.0,reviewed,us,us,Global
2026-04-19T17:38:53.937Z,39.2806,-119.0993,6.9148,2.89,ml,26,60,0.054,0.1872,nn,nn00915634,2026-05-03T15:24:14.040Z,"18 km SE of Silver Springs, Nevada",earthquake,,1.1837,0.41,16.0,reviewed,nn,nn,Global
2026-04-19T17:34:47.284Z,-15.2155,-173.4844,36.0,6.1,mww,85,35,2.098,0.79,us,us6000sred,2026-05-03T15:45:34.278Z,"88 km NNE of Hihifo, Tonga",earthquake,9.51,1.942,0.061,26.0,reviewed,us,us,Global
2026-04-19T17:22:08.799Z,53.0351,-161.9102,10.0,3.5,mb,37,235,1.955,0.56,us,us6000sre7,2026-05-03T15:13:56.040Z,"225 km SSE of False Pass, Alaska",earthquake,5.43,1.829,0.186,7.0,reviewed,us,us,Global
2026-04-19T17:17:57.449Z,-32.3215,-178.254,10.0,4.3,mb,15,174,3.079,0.56,us,us6000srea,2026-05-03T15:23:06.040Z,south of the Kermadec Islands,earthquake,8.41,1.944,0.168,11.0,reviewed,us,us,Global
2026-04-19T17:15:51.515Z,53.0298,-161.8432,10.0,3.2,ml,27,239,1.966,0.46,us,us6000srxe,2026-04-26T14:59:34.040Z,"227 km SSE of False Pass, Alaska",earthquake,3.45,2.017,0.085,18.0,reviewed,us,us,Global
2026-04-19T17:15:01.400Z,39.3439,-119.0145,6.8508,2.97,ml,27,78,0.064,0.2133,nn,nn00915630,2026-05-03T15:06:41.040Z,"19 km ESE of Silver Springs, Nevada",earthquake,,1.9267,0.16,15.0,reviewed,nn,nn,Global
2026-04-19T16:52:09.102Z,39.265,-119.0951,6.6789,2.95,ml,22,91,0.044,0.144,nn,nn00915622,2026-05-08T13:28:50.040Z,"20 km SSE of Silver Springs, Nevada",earthquake,,1.8726,0.21,11.0,reviewed,nn,nn,Global
2026-04-19T16:48:44.590Z,-5.5575,147.1142,186.065,4.5,mb,26,52,3.5,0.81,us,us7000sgq8,2026-05-08T13:27:39.040Z,"129 km N of Lae, Papua New Guinea",earthquake,9.01,7.204,0.135,16.0,reviewed,us,us,Global
2026-04-19T16:29:24.550Z,38.720333333333,-112.467,7.42,2.5,ml,22,58,0.1117,0.23,uu,uu80137201,2026-05-07T21:22:09.040Z,"9 km SSW of Kanosh, Utah",earthquake,0.4,1.02,0.13880916474993,25.0,reviewed,uu,uu,Global
2026-04-19T15:42:48.287Z,61.582,-150.9,77.4,3.2,ml,153,18,0.5,0.8,ak,aka2026hrlrni,2026-05-11T13:23:28.040Z,"21 km WNW of Susitna, Alaska",earthquake,1.6,1.7992,0.1,104.0,reviewed,ak,ak,Global
2026-04-19T15:18:02.574Z,52.8093,161.0022,10.0,4.9,mb,68,139,2.011,1.07,us,us6000srd5,2026-05-07T21:19:36.040Z,"162 km E of Petropavlovsk-Kamchatsky, Russia",earthquake,9.97,1.895,0.036,237.0,reviewed,us,us,Global
2026-04-19T14:59:58.881Z,-7.2438,155.8964,92.88,4.8,mb,55,69,4.563,0.96,us,us6000srcw,2026-05-07T21:08:11.040Z,"112 km SSE of Panguna, Papua New Guinea",earthquake,9.02,7.31,0.084,44.0,reviewed,us,us,Global
2026-04-19T14:53:47.000Z,38.710833333333,-112.4805,8.12,2.52,ml,14,80,0.1045,0.16,uu,uu80137126,2026-05-07T19:38:38.040Z,"10 km SSW of Kanosh, Utah",earthquake,0.45,1.24,0.23819112145928,20.0,reviewed,uu,uu,Global
2026-04-19T14:47:11.248Z,39.2757,-119.102,10.2144,2.87,ml,30,59,0.053,0.2674,nn,nn00915556,2026-05-08T19:42:45.228Z,"18 km SE of Silver Springs, Nevada",earthquake,,0.4707,0.27,12.0,automatic,nn,nn,Global
2026-04-19T14:43:47.970Z,38.724,-112.46616666667,4.07,3.63,ml,28,63,0.1153,0.2,uu,uu80137106,2026-05-07T19:40:22.633Z,"8 km SSW of Kanosh, Utah",earthquake,0.34,1.6,0.23022017637436,24.0,reviewed,uu,uu,Global
2026-04-19T14:42:45.143Z,39.2692,-119.1178,10.0,4.1,mwr,59,74,0.299,0.79,us,us6000srkh,2026-05-07T20:12:57.335Z,"18 km SSE of Silver Springs, Nevada",earthquake,2.57,0.989,0.048,41.0,reviewed,us,us,Global
2026-04-19T14:39:16.331Z,39.2685,-119.0857,6.0,4.73,mwr,11,90,0.039,0.1626,nn,nn00915543,2026-05-07T19:40:37.754Z,"20 km SE of Silver Springs, Nevada",earthquake,,2.0833,,,reviewed,nn,nn,Global
2026-04-19T14:26:06.864Z,0.7346,125.777,45.224,4.4,mb,13,156,6.296,0.42,us,us7000sgq6,2026-05-07T19:24:12.040Z,"106 km SE of Bitung, Indonesia",earthquake,14.97,7.511,0.202,8.0,reviewed,us,us,Global
2026-04-19T14:20:43.463Z,14.1586,-91.7607,46.643,4.0,mb,26,218,1.939,0.83,us,us7000sgq5,2026-05-07T19:04:43.040Z,"22 km SE of Champerico, Guatemala",earthquake,13.2,13.345,0.119,19.0,reviewed,us,us,Global
2026-04-19T13:58:15.262Z,39.2739,-119.0979,7.1843,2.59,ml,27,63,0.05,0.1495,nn,nn00915516,2026-05-07T18:55:10.040Z,"19 km SE of Silver Springs, Nevada",earthquake,,1.6455,0.36,11.0,reviewed,nn,nn,Global
2026-04-19T13:47:13.720Z,38.730666666667,-112.46483333333,6.78,3.26,ml,36,56,0.1218,0.2,uu,uu80137056,2026-05-07T18:48:19.299Z,"8 km SSW of Kanosh, Utah",earthquake,0.27,0.75,0.18022047387818,33.0,reviewed,uu,uu,Global
2026-04-19T13:25:26.617Z,51.5931,-176.9726,62.933,3.1,ml,15,209,0.235,0.49,us,us6000srx2,2026-05-11T13:18:30.040Z,"39 km SW of Adak, Alaska",earthquake,7.18,9.564,0.128,8.0,reviewed,us,us,Global
2026-04-19T13:10:17.890Z,39.2773,-119.0932,9.6749,2.59,ml,29,74,0.048,0.2905,nn,nn00915498,2026-05-07T18:34:44.040Z,"19 km SE of Silver Springs, Nevada",earthquake,,0.4932,0.17,12.0,automatic,nn,nn,Global
2026-04-19T13:00:04.467Z,52.6768,161.094,10.0,4.6,mb,32,149,2.102,0.58,us,us6000srbm,2026-04-19T14:07:27.040Z,"171 km ESE of Petropavlovsk-Kamchatsky, Russia",earthquake,7.13,1.946,0.09,37.0,reviewed,us,us,Global
2026-04-19T12:57:17.363Z,39.328,-119.0267,8.1863,2.83,ml,26,75,0.078,0.1515,nn,nn00915484,2026-05-11T12:15:01.040Z,"19 km ESE of Silver Springs, Nevada",earthquake,,0.944,0.32,15.0,reviewed,nn,nn,Global
2026-04-19T12:51:56.452Z,39.2709,-119.1004,7.536,2.88,ml,15,86,0.05,0.1296,nn,nn00915473,2026-05-11T12:10:10.040Z,"19 km SSE of Silver Springs, Nevada",earthquake,,1.6974,0.29,9.0,reviewed,nn,nn,Global
2026-04-19T12:50:27.685Z,60.4825,-139.9707,5.0,2.9,ml,36,93,0.583,1.03,us,us6000srbd,2026-05-12T15:39:26.040Z,"105 km N of Yakutat, Alaska",earthquake,3.05,1.959,0.036,104.0,reviewed,us,us,Global
2026-04-19T12:45:14.930Z,39.2579,-119.0964,7.5747,2.77,ml,11,104,0.044,0.2948,nn,nn00915463,2026-05-12T15:41:27.287Z,"20 km SSE of Silver Springs, Nevada",earthquake,,3.8487,0.31,6.0,reviewed,nn,nn,Global
2026-04-19T12:43:31.056Z,39.2754,-119.0985,3.0,4.15,mwr,8,87,0.051,0.1932,nn,nn00915459,2026-05-12T15:43:44.250Z,"18 km SE of Silver Springs, Nevada",earthquake,,3.194,,,reviewed,nn,nn,Global
2026-04-19T12:40:48.682Z,-32.4066,-178.4064,10.0,4.4,mb,21,187,6.892,0.45,us,us7000sgq3,2026-05-12T12:45:14.040Z,south of the Kermadec Islands,earthquake,9.73,1.966,0.131,17.0,reviewed,us,us,Global
2026-04-19T12:25:14.680Z,43.6505,-127.5982,10.0,3.0,ml,21,267,2.576,1.14,us,us6000srb4,2026-05-12T15:31:19.040Z,"265 km WNW of Bandon, Oregon",earthquake,8.68,2.022,0.038,92.0,reviewed,us,us,Global
2026-04-19T12:03:42.956Z,-5.1363,151.3649,162.335,4.3,mb,59,76,1.231,0.78,us,us6000srb1,2026-05-12T15:30:25.040Z,"133 km SW of Kokopo, Papua New Guinea",earthquake,9.28,6.793,0.079,46.0,reviewed,us,us,Global
2026-04-19T11:57:17.348Z,52.1205,176.381,10.0,4.1,mb,79,160,1.363,0.65,us,us7000sgq0,2026-05-12T11:59:13.040Z,"231 km ESE of Attu Station, Alaska",earthquake,8.5,1.928,0.055,89.0,reviewed,us,us,Global
2026-04-19T11:48:09.290Z,38.719166666667,-112.478,7.42,2.59,ml,31,56,0.1121,0.2,uu,uu80136971,2026-05-11T12:28:13.040Z,"9 km SSW of Kanosh, Utah",earthquake,0.37,0.87,0.1861013971451,23.0,reviewed,uu,uu,Global
2026-04-19T11:45:29.040Z,38.733833333333,-112.46783333333,4.13,3.2,ml,37,56,0.1252,0.23,uu,uu80136966,2026-05-12T15:35:07.076Z,"7 km SSW of Kanosh, Utah",earthquake,0.33,1.22,0.16546322696214,33.0,reviewed,uu,uu,Global
2026-04-19T11:34:33.501Z,60.58,-151.994,87.7,2.6,ml,106,37,0.3,0.8,ak,aka2026hrdloq,2026-05-12T15:26:01.040Z,"37 km W of Salamatof, Alaska",earthquake,2.1,1.7064,0.2,73.0,reviewed,ak,ak,Global
2026-04-19T11:26:07.553Z,-32.454,-178.6374,35.0,4.4,mb,19,131,3.256,1.08,us,us7000sgpz,2026-05-12T11:45:44.040Z,south of the Kermadec Islands,earthquake,6.33,1.957,0.134,16.0,reviewed,us,us,Global
2026-04-19T11:04:37.148Z,60.403,-151.148,4.9,2.5,ml,63,54,0.4,0.9,ak,aka2026hrclud,2026-04-21T21:10:09.395Z,"8 km ESE of Kalifornsky, Alaska",earthquake,1.6,1.2687,0.2,43.0,reviewed,ak,ak,Global
2026-04-19T10:45:10.461Z,51.3407,-175.8184,35.0,3.4,ml,22,210,0.638,1.11,us,us6000srdm,2026-05-11T12:34:04.040Z,"81 km SE of Adak, Alaska",earthquake,4.51,2.012,0.105,12.0,reviewed,us,us,Global
2026-04-19T10:45:01.162Z,34.7615,92.9004,10.0,4.5,mb,69,90,5.262,0.55,us,us6000srak,2026-05-12T15:17:50.040Z,"Southern Qinghai, China",earthquake,8.61,1.875,0.07,60.0,reviewed,us,us,Global
2026-04-19T10:41:56.308Z,-6.1378,127.6334,393.966,4.4,mb,50,31,2.773,0.71,us,us6000srai,2026-05-12T15:15:44.040Z,"272 km NNE of Lospalos, Timor Leste",earthquake,9.63,9.472,0.093,33.0,reviewed,us,us,Global
2026-04-19T10:22:59.515Z,57.3142,120.9586,10.0,4.2,mb,76,76,5.048,0.71,us,us7000sgpy,2026-05-12T09:02:23.040Z,"169 km ENE of Chara, Russia",earthquake,5.53,1.875,0.068,60.0,reviewed,us,us,Global
2026-04-19T10:04:13.990Z,19.682,-64.1848,33.0,3.74,md,17,289,1.2112,0.41,pr,pr2026109000,2026-05-11T12:19:34.040Z,"162 km NNE of Cruz Bay, U.S. Virgin Islands",earthquake,2.57,25.68,0.16,15.0,reviewed,pr,pr,Global
2026-04-19T09:03:20.486Z,45.2219,151.1843,10.0,4.7,mb,81,136,6.225,0.79,us,us6000srab,2026-05-12T15:14:21.040Z,"259 km E of Kuril’sk, Russia",earthquake,10.28,1.888,0.044,159.0,reviewed,us,us,Global
2026-04-19T09:01:26.158Z,52.2238,176.4496,10.0,3.8,mb,50,144,1.336,0.47,us,us7000sgpw,2026-05-12T08:45:42.040Z,"232 km ESE of Attu Station, Alaska",earthquake,8.41,1.893,0.084,37.0,reviewed,us,us,Global
2026-04-19T08:55:44.310Z,8.0655,-83.1698,10.0,4.4,mb,20,143,1.191,0.68,us,us6000sra9,2026-05-03T06:47:40.040Z,"33 km W of Burica, Panama",earthquake,3.99,1.938,0.155,12.0,reviewed,us,us,Global
2026-04-19T08:51:12.246Z,-15.2422,-173.039,10.0,4.3,mb,19,136,1.799,0.75,us,us7000sgpu,2026-05-03T06:46:16.040Z,"113 km NE of Hihifo, Tonga",earthquake,11.03,1.93,0.148,13.0,reviewed,us,us,Global
2026-04-19T08:07:33.770Z,-21.7953,68.7455,10.0,4.8,mb,41,67,5.423,1.15,us,us6000sra6,2026-05-03T06:38:21.040Z,Mid-Indian Ridge,earthquake,8.34,1.875,0.089,39.0,reviewed,us,us,Global
2026-04-19T08:05:15.528Z,-32.3484,-177.3276,10.0,4.6,mb,15,189,3.136,0.82,us,us7000sgpt,2026-05-03T06:36:10.040Z,south of the Kermadec Islands,earthquake,12.36,1.981,0.165,11.0,reviewed,us,us,Global
2026-04-19T07:45:39.742Z,17.6895,145.7149,179.65,4.1,mb,23,117,2.443,0.8,us,us7000sgps,2026-05-02T11:30:54.040Z,"274 km N of Saipan, Northern Mariana Islands",earthquake,15.45,9.042,0.123,18.0,reviewed,us,us,Global
2026-04-19T07:38:58.300Z,18.816833333333,-64.743333333333,5.96,2.85,md,6,242,0.4114,0.44,pr,pr71513948,2026-04-19T08:19:13.450Z,"54 km N of Cruz Bay, U.S. Virgin Islands",earthquake,1.78,3.54,0.032839524507952,4.0,reviewed,pr,pr,Global
2026-04-19T07:04:38.896Z,34.8978,25.8415,10.0,4.8,mb,62,96,0.872,0.87,us,us6000sr9u,2026-05-02T11:20:35.040Z,"15 km SE of Ierápetra, Greece",earthquake,3.64,1.821,0.054,105.0,reviewed,us,us,Global
2026-04-19T06:37:45.940Z,37.537333333333,-113.20366666667,2.2,2.99,ml,27,40,0.109,0.2,uu,uu80136961,2026-05-05T16:57:51.962Z,"1 km W of Kanarraville, Utah",earthquake,0.34,2.46,0.16043212676004,23.0,reviewed,uu,uu,Global
2026-04-19T06:31:03.170Z,17.975,-66.822,11.69,2.87,md,20,164,0.0545,0.25,pr,pr71513938,2026-04-19T07:04:25.460Z,"2 km S of Indios, Puerto Rico",earthquake,0.61,0.53,0.073743591431771,4.0,reviewed,pr,pr,Global
2026-04-19T06:23:52.084Z,67.205,-153.58,7.8,2.8,ml,55,64,0.0,0.9,ak,aka2026hqtdva,2026-04-30T12:50:55.040Z,"81 km NNW of Alatna, Alaska",earthquake,3.0,2.4638,0.1,37.0,reviewed,ak,ak,Global
2026-04-19T06:13:29.994Z,-31.8532,-178.1393,10.0,4.6,mb,16,176,2.606,0.58,us,us7000sgpn,2026-04-30T12:43:40.040Z,Kermadec Islands region,earthquake,14.08,1.973,0.141,15.0,reviewed,us,us,Global
2026-04-19T05:47:21.452Z,-15.3253,168.2858,10.0,4.1,mb,14,275,1.051,0.6,us,us7000sgpm,2026-05-13T06:22:58.040Z,"122 km E of Luganville, Vanuatu",earthquake,7.95,1.978,0.175,9.0,reviewed,us,us,Global
2026-04-19T05:41:11.130Z,6.6199,127.284,10.0,4.6,mb,27,132,1.751,0.65,us,us7000sgpl,2026-04-30T12:27:31.040Z,"103 km ESE of San Ignacio, Philippines",earthquake,12.91,1.927,0.095,33.0,reviewed,us,us,Global
2026-04-19T05:35:16.256Z,-32.2134,-178.226,10.0,5.1,mww,60,72,2.97,0.8,us,us6000sr9c,2026-05-13T06:39:30.040Z,south of the Kermadec Islands,earthquake,12.1,1.84,0.083,14.0,reviewed,us,us,Global
2026-04-19T05:13:53.052Z,-25.063,-179.2923,402.237,4.2,mb,20,130,4.339,0.97,us,us6000sr99,2026-04-30T12:10:54.040Z,south of the Fiji Islands,earthquake,12.12,14.57,0.131,16.0,reviewed,us,us,Global
2026-04-19T05:09:07.830Z,32.264333333333,-115.3215,10.63,2.91,ml,36,67,0.1328,0.37,ci,ci41444792,2026-04-30T12:08:57.040Z,"15 km WNW of Alberto Oviedo Mota, B.C., MX",earthquake,0.45,1.16,0.14406600099473,71.0,reviewed,ci,ci,Global
2026-04-19T05:07:19.781Z,52.8587,159.6371,73.495,4.2,mb,35,170,1.198,0.68,us,us7000sgpj,2026-04-30T11:44:06.040Z,"71 km ESE of Petropavlovsk-Kamchatsky, Russia",earthquake,12.01,9.024,0.105,25.0,reviewed,us,us,Global
2026-04-19T04:56:53.654Z,53.5147,159.9403,75.209,4.3,mb,39,133,1.405,0.6,us,us7000sgph,2026-04-29T01:50:00.040Z,"100 km ENE of Petropavlovsk-Kamchatsky, Russia",earthquake,12.17,8.11,0.078,48.0,reviewed,us,us,Global
2026-04-19T04:50:33.313Z,-31.9911,-177.929,35.0,4.6,mb,11,180,2.737,1.16,us,us7000sgpi,2026-04-29T01:36:30.040Z,Kermadec Islands region,earthquake,13.65,1.932,0.182,9.0,reviewed,us,us,Global
2026-04-19T04:20:10.766Z,51.1182,-175.8089,10.0,3.4,ml,18,227,0.833,0.51,us,us6000sr9r,2026-05-06T22:29:47.040Z,"101 km SE of Adak, Alaska",earthquake,3.41,1.998,0.115,10.0,reviewed,us,us,Global
2026-04-19T04:20:04.717Z,2.7742,99.0225,170.684,4.1,mb,26,132,0.127,0.91,us,us7000sgpg,2026-04-29T01:27:09.040Z,"15 km NE of Parapat, Indonesia",earthquake,9.47,4.236,0.127,18.0,reviewed,us,us,Global
2026-04-19T04:15:58.037Z,31.668,-104.363,6.9202,3.3,ml,35,69,0.1,0.1,tx,tx2026hqoxqm,2026-04-29T01:20:00.717Z,"56 km S of Whites City, New Mexico",earthquake,0.65647518606639,0.70505527398968,0.2,28.0,reviewed,tx,tx,Global
2026-04-19T03:45:47.266Z,31.706,-104.129,6.5228,3.3,ml,42,75,0.1,0.1,tx,tx2026hqnvbf,2026-04-29T01:11:00.040Z,"50 km W of Mentone, Texas",earthquake,0.38688611900467,0.51729362164438,0.2,40.0,reviewed,tx,tx,Global
2026-04-19T03:40:34.812Z,-22.4163,-177.9378,365.542,4.4,mb,35,112,5.982,1.06,us,us6000sr8m,2026-04-29T01:08:18.040Z,south of the Fiji Islands,earthquake,13.34,8.447,0.081,48.0,reviewed,us,us,Global
2026-04-19T03:12:29.585Z,-32.053,-177.8026,10.0,5.0,mb,26,141,2.801,1.34,us,us6000sr8i,2026-04-29T01:04:51.040Z,south of the Kermadec Islands,earthquake,10.88,1.912,0.141,19.0,reviewed,us,us,Global
2026-04-19T02:42:58.896Z,-15.4564,-173.6026,132.737,4.4,mb,25,140,6.834,0.9,us,us7000sgpe,2026-04-29T00:58:24.040Z,"58 km NNE of Hihifo, Tonga",earthquake,12.43,6.247,0.126,22.0,reviewed,us,us,Global
2026-04-19T02:09:08.506Z,-33.4908,-70.1694,109.799,4.2,mb,26,91,0.091,0.64,us,us6000sr8a,2026-05-06T22:35:05.040Z,"38 km E of Villa Presidente Frei, Chile",earthquake,4.85,2.856,0.216,6.0,reviewed,us,us,Global
2026-04-19T02:07:54.610Z,18.971166666667,-64.5155,8.2,3.28,md,15,272,0.4902,0.25,pr,pr71513928,2026-04-29T00:22:11.040Z,"76 km NNE of Cruz Bay, U.S. Virgin Islands",earthquake,1.59,1.85,0.061782491088776,7.0,reviewed,pr,pr,Global
2026-04-19T01:37:19.850Z,40.316,-124.66516666667,17.22,2.72,md,21,280,0.2482,0.13,nc,nc75347412,2026-04-23T21:33:45.040Z,"32 km W of Petrolia, CA",earthquake,2.45,0.8,0.165,30.0,reviewed,nc,nc,Global
2026-04-19T00:18:31.790Z,19.293,-155.23433333333,1.34,2.83,ml,50,139,0.01486,0.17,hv,hv74938562,2026-05-05T03:07:21.040Z,"16 km S of Volcano, Hawaii",earthquake,0.25,0.33,0.23796418345215,41.0,reviewed,hv,hv,Global
2026-04-19T00:05:33.406Z,57.3,-154.758,54.6,2.9,ml,76,150,0.8,0.5,ak,aka2026hqgpvw,2026-05-05T02:52:58.040Z,"35 km SSW of Karluk, Alaska",earthquake,3.8,4.8593,0.2,54.0,reviewed,ak,ak,Global
2026-04-19T00:04:20.215Z,1.1806,97.1907,32.68,4.4,mb,33,146,0.404,0.82,us,us7000sgpb,2026-04-28T22:25:50.040Z,"48 km WSW of Gunungsitoli, Indonesia",earthquake,9.52,5.687,0.12,20.0,reviewed,us,us,Global
2026-04-19T00:01:48.623Z,1.1591,96.9344,10.0,4.3,mb,22,178,0.657,1.22,us,us6000sr7y,2026-05-05T02:39:34.040Z,"77 km W of Gunungsitoli, Indonesia",earthquake,4.6,1.931,0.142,14.0,reviewed,us,us,Global
2026-04-18T23:58:04.372Z,63.069,-149.167,3.9,2.7,ml,94,23,0.3,0.9,ak,aka2026hqgjkb,2026-05-04T04:09:34.040Z,"37 km SSW of Cantwell, Alaska",earthquake,2.1,2.0296,0.1,68.0,reviewed,ak,ak,Global
2026-04-18T23:56:48.171Z,-8.0771,-74.4626,150.862,4.2,mb,15,122,4.537,0.63,us,us6000sr7v,2026-05-05T02:29:09.040Z,"34 km NNE of Pucallpa, Peru",earthquake,12.69,11.804,0.141,14.0,reviewed,us,us,Global
2026-04-18T22:58:21.630Z,18.124833333333,-66.364666666667,5.65,2.54,md,14,127,0.1563,0.21,pr,pr71513918,2026-04-18T23:15:07.840Z,"5 km N of Coamo, Puerto Rico",earthquake,0.38,0.49,0.21496873982568,13.0,reviewed,pr,pr,Global
2026-04-18T22:55:58.460Z,52.3894,176.5052,10.0,4.2,mb,28,87,1.344,1.2,us,us7000sghz,2026-05-02T22:24:44.040Z,"230 km ESE of Attu Station, Alaska",earthquake,5.52,1.904,0.089,37.0,reviewed,us,us,Global
2026-04-18T22:48:36.230Z,19.2025,-155.3745,30.42,2.5,ml,39,171,0.04105,0.11,hv,hv74938517,2026-05-05T02:20:54.040Z,"10 km E of Pāhala, Hawaii",earthquake,0.45,0.59,0.15283253118735,32.0,reviewed,hv,hv,Global
2026-04-18T22:21:37.320Z,19.6765,-64.256166666667,49.65,3.4,md,10,305,1.188,0.29,pr,pr71513908,2026-05-05T02:13:33.040Z,"159 km NNE of Cruz Bay, U.S. Virgin Islands",earthquake,5.56,20.03,0.121565501633,4.0,reviewed,pr,pr,Global
2026-04-18T22:18:52.021Z,36.6284,70.7672,189.355,4.1,mb,16,181,2.167,1.05,us,us7000sghx,2026-05-02T05:21:37.040Z,"26 km SSW of Jurm, Afghanistan",earthquake,7.75,8.965,0.174,9.0,reviewed,us,us,Pakistan
2026-04-18T22:16:04.020Z,5.621,126.515,112.026,4.2,mb,23,96,1.714,1.06,us,us7000sghy,2026-05-02T05:07:21.040Z,"89 km SSE of Pondaguitan, Philippines",earthquake,12.64,8.809,0.132,17.0,reviewed,us,us,Global
2026-04-18T22:09:25.250Z,19.746,-64.3775,34.0,3.9,md,22,277,1.2557,0.2,pr,pr2026108000,2026-05-05T02:08:02.040Z,"162 km NNE of Cruz Bay, U.S. Virgin Islands",earthquake,1.44,13.9,0.07,15.0,reviewed,pr,pr,Global
2026-04-18T21:37:00.117Z,-2.4982,140.1131,27.947,4.4,mb,24,73,0.589,0.68,us,us7000sghw,2026-05-01T04:13:03.040Z,"58 km W of Abepura, Indonesia",earthquake,6.17,5.758,0.143,14.0,reviewed,us,us,Global
2026-04-18T21:27:44.411Z,32.693,90.1828,10.0,4.1,mb,27,130,3.088,0.58,us,us7000sghv,2026-05-05T04:24:25.040Z,"222 km NW of Nagqu, China",earthquake,13.25,1.914,0.1,27.0,reviewed,us,us,Global
2026-04-18T20:55:57.322Z,-32.4577,-177.734,10.0,4.6,mb,15,183,3.207,0.52,us,us7000sght,2026-05-01T18:35:13.040Z,south of the Kermadec Islands,earthquake,11.22,1.967,0.173,11.0,reviewed,us,us,Global
2026-04-18T20:25:56.350Z,39.3025,-119.1115,9.4289,3.02,ml,29,68,0.075,0.0967,nn,nn00915371,2026-05-03T15:03:26.040Z,"15 km SE of Silver Springs, Nevada",earthquake,,0.92,0.25,15.0,reviewed,nn,nn,Global
2026-04-18T20:06:50.008Z,1.1159,96.9827,18.0,5.7,mww,105,56,0.621,0.64,us,us6000sr5z,2026-05-02T19:31:36.282Z,"72 km WSW of Gunungsitoli, Indonesia",earthquake,5.07,1.688,0.073,18.0,reviewed,us,us,Global
2026-04-18T19:56:24.152Z,-31.9656,-177.8591,10.0,4.3,mb,12,181,2.712,0.7,us,us7000sghr,2026-05-01T18:22:25.040Z,Kermadec Islands region,earthquake,12.11,1.97,0.178,9.0,reviewed,us,us,Global
2026-04-18T19:47:56.515Z,53.5879,-166.4205,96.159,2.7,ml,22,200,0.263,0.29,us,us6000sr9f,2026-05-03T15:04:23.040Z,"32 km SSE of Unalaska, Alaska",earthquake,11.42,12.858,0.097,14.0,reviewed,us,us,Global
2026-04-18T19:46:53.383Z,-5.6271,147.0495,187.285,4.6,mb,65,54,3.574,0.93,us,us6000sr5w,2026-05-02T19:05:06.936Z,"121 km N of Lae, Papua New Guinea",earthquake,9.67,7.478,0.05,118.0,reviewed,us,us,Global
2026-04-18T18:53:08.100Z,57.091,-156.51,80.4,3.9,ml,179,151,0.5,0.7,ak,aka2026hpwgqc,2026-05-02T19:00:06.040Z,"71 km SE of Ugashik, Alaska",earthquake,3.8,1.9358,0.2,120.0,reviewed,ak,ak,Global
2026-04-18T18:29:59.405Z,-32.3506,-178.1304,12.0,5.4,mww,151,41,3.1,0.8,us,us6000sr5n,2026-05-01T16:53:25.796Z,south of the Kermadec Islands,earthquake,7.77,1.708,0.048,42.0,reviewed,us,us,Global
2026-04-18T18:24:54.073Z,31.4585,49.9419,10.0,4.7,mb,86,85,5.08,0.81,us,us6000sr5m,2026-05-02T18:22:01.040Z,"37 km ENE of Rāmhormoz, Iran",earthquake,10.44,1.875,0.049,126.0,reviewed,us,us,Global
2026-04-18T17:58:38.636Z,54.455,-161.791,7.5,2.5,ml,17,230,0.6,0.6,ak,aka2026hpulsb,2026-04-19T05:50:41.618Z,"75 km SSE of King Cove, Alaska",earthquake,6.9,3.0984,0.2,13.0,reviewed,ak,ak,Global
2026-04-18T17:57:01.974Z,2.7049,-84.3846,10.0,4.2,mb,33,94,6.417,0.51,us,us6000sr5i,2026-05-02T18:16:18.040Z,off the coast of Central America,earthquake,9.07,1.961,0.159,11.0,reviewed,us,us,Global
2026-04-18T17:54:41.415Z,54.753,-156.891,5.0,3.4,ml,63,227,1.8,1.1,ak,aka2026hpuile,2026-05-02T18:13:57.040Z,"192 km SE of Perryville, Alaska",earthquake,6.9,,0.1,8.0,automatic,ak,ak,Global
2026-04-18T17:25:15.397Z,63.56,-150.925,3.6,2.6,ml,66,33,0.7,0.9,ak,aka2026hptixr,2026-05-02T18:11:21.040Z,"39 km E of Denali National Park, Alaska",earthquake,2.3,2.1126,0.1,47.0,reviewed,ak,ak,Global
2026-04-18T16:53:02.457Z,-15.3048,-177.616,410.426,4.1,mb,21,97,3.125,0.9,us,us7000sgi6,2026-05-09T21:39:20.040Z,"122 km SSE of Alo, Wallis and Futuna",earthquake,13.04,9.845,0.111,22.0,reviewed,us,us,Global
2026-04-18T16:38:25.449Z,39.3311,-119.0361,8.679,2.54,ml,25,69,0.08,0.0846,nn,nn00915337,2026-05-09T21:22:03.040Z,"18 km ESE of Silver Springs, Nevada",earthquake,,0.714,0.23,18.0,reviewed,nn,nn,Global
2026-04-18T16:37:18.876Z,52.1868,176.4062,10.881,3.8,mb,31,168,1.356,0.69,us,us7000sghp,2026-05-09T21:15:24.040Z,"230 km ESE of Attu Station, Alaska",earthquake,4.38,6.114,0.102,25.0,reviewed,us,us,Global
2026-04-18T16:03:44.801Z,-32.0016,-178.1123,11.774,5.0,mww,128,63,2.752,0.68,us,us6000sr4y,2026-05-09T18:51:14.040Z,south of the Kermadec Islands,earthquake,7.59,3.04,0.103,9.0,reviewed,us,us,Global
2026-04-18T16:01:50.353Z,-4.6081,153.502,115.568,4.3,mb,39,103,1.397,0.74,us,us7000sghm,2026-05-09T18:38:18.040Z,"139 km ESE of Kokopo, Papua New Guinea",earthquake,10.15,7.321,0.092,36.0,reviewed,us,us,Global
2026-04-18T15:32:22.026Z,-12.8477,168.7656,611.454,4.4,mb,111,45,2.996,0.77,us,us6000sr4r,2026-05-09T18:00:59.040Z,"173 km NE of Sola, Vanuatu",earthquake,11.14,7.699,0.049,120.0,reviewed,us,us,Global
2026-04-18T15:24:33.144Z,-37.0796,-97.243,10.0,4.6,mb,120,160,20.311,0.54,us,us7000sghj,2026-05-09T17:56:39.040Z,southeast of Easter Island,earthquake,16.64,1.94,0.05,122.0,reviewed,us,us,Global
2026-04-18T15:03:01.272Z,-10.6593,161.552,58.805,5.8,mww,248,17,1.992,0.64,us,us6000sr4k,2026-05-09T17:33:19.644Z,"46 km WSW of Kirakira, Solomon Islands",earthquake,7.46,4.069,0.042,55.0,reviewed,us,us,Global
2026-04-18T14:26:11.219Z,28.2182,103.5182,10.0,4.5,mb,113,28,5.61,0.59,us,us6000sr4f,2026-05-09T16:58:13.040Z,"85 km WSW of Shuanglong, China",earthquake,8.01,1.85,0.056,102.0,reviewed,us,us,Global
2026-04-18T14:12:46.669Z,-32.0356,-177.8623,10.0,4.9,mb,19,137,2.782,0.93,us,us7000sghh,2026-05-09T16:37:14.040Z,south of the Kermadec Islands,earthquake,12.75,1.928,0.132,18.0,reviewed,us,us,Global
2026-04-18T14:05:01.402Z,7.1007,-75.3286,66.025,4.3,mb,46,93,2.455,0.62,us,us7000sghg,2026-05-09T16:30:14.040Z,"13 km NNW of Campamento, Colombia",earthquake,8.95,9.174,0.09,35.0,reviewed,us,us,Global
2026-04-18T13:42:29.560Z,-16.1051,-175.9454,109.282,4.6,mb,18,165,4.577,0.83,us,us7000sghf,2026-05-09T16:01:28.040Z,"230 km W of Hihifo, Tonga",earthquake,19.48,23.531,0.158,13.0,reviewed,us,us,Global
2026-04-18T13:27:15.271Z,-4.5157,153.5898,115.332,4.3,mb,15,158,1.458,0.39,us,us7000sgha,2026-05-09T15:08:11.040Z,"147 km E of Kokopo, Papua New Guinea",earthquake,12.5,8.088,0.153,12.0,reviewed,us,us,Global
2026-04-18T13:26:59.150Z,-32.0511,-177.9414,10.0,4.5,mb,12,179,2.797,0.19,us,us7000sgh8,2026-05-09T14:59:28.040Z,south of the Kermadec Islands,earthquake,14.82,1.984,0.171,12.0,reviewed,us,us,Global
2026-04-18T13:23:38.831Z,-32.0241,-178.0387,10.0,4.6,mb,13,178,2.772,0.85,us,us7000sghd,2026-05-09T14:45:11.040Z,south of the Kermadec Islands,earthquake,9.97,1.869,0.181,9.0,reviewed,us,us,Global
2026-04-18T13:15:09.569Z,51.4562,-179.5842,37.657,5.0,mww,175,79,0.491,0.75,us,us6000sr43,2026-05-16T13:25:14.189Z,"209 km WSW of Adak, Alaska",earthquake,11.96,8.407,0.059,28.0,reviewed,us,us,Global
2026-04-18T12:30:53.299Z,5.6624,125.501,236.71,4.3,mb,48,110,1.4,1.13,us,us7000sgh7,2026-04-30T11:37:07.040Z,"4 km E of Sugal, Philippines",earthquake,10.4,6.164,0.08,44.0,reviewed,us,us,Global
2026-04-18T12:29:21.049Z,60.197,-159.114,6.0,2.5,ml,19,82,0.5,0.6,ak,aka2026hpjoks,2026-04-19T03:59:57.099Z,"106 km NNW of Aleknagik, Alaska",earthquake,3.9,3.5754,0.2,15.0,reviewed,ak,ak,Global
2026-04-18T12:19:25.366Z,39.3093,-119.055,7.2918,3.18,ml,16,144,0.059,0.1578,nn,nn00915285,2026-05-01T12:24:09.425Z,"18 km SE of Silver Springs, Nevada",earthquake,,2.2287,0.31,6.0,reviewed,nn,nn,Global
2026-04-18T12:16:26.645Z,-32.0158,-178.0536,10.0,5.1,mb,85,41,2.764,0.66,us,us6000sr3w,2026-05-03T08:21:31.040Z,south of the Kermadec Islands,earthquake,11.37,1.859,0.046,157.0,reviewed,us,us,Global
2026-04-18T12:15:48.654Z,-31.8865,-178.1256,10.0,4.8,mb,31,134,2.638,0.59,us,us6000sr3x,2026-05-03T08:14:03.040Z,Kermadec Islands region,earthquake,13.83,1.534,0.1,31.0,reviewed,us,us,Global
2026-04-18T12:05:43.716Z,-15.075,-173.2699,10.0,4.6,mb,39,64,1.849,0.58,us,us7000sgh6,2026-04-30T11:14:40.040Z,"112 km NNE of Hihifo, Tonga",earthquake,10.66,1.878,0.107,26.0,reviewed,us,us,Global
2026-04-18T12:01:20.487Z,15.0356,122.2694,10.0,4.6,mb,48,114,8.363,0.93,us,us6000sr3t,2026-04-30T08:53:50.040Z,"25 km ENE of Karligan, Philippines",earthquake,11.94,1.9,0.08,46.0,reviewed,us,us,Global
2026-04-18T11:45:56.167Z,-31.8933,-178.1215,10.0,4.6,mb,24,118,2.645,0.61,us,us7000sgh5,2026-04-30T08:51:53.040Z,Kermadec Islands region,earthquake,12.72,1.924,0.111,24.0,reviewed,us,us,Global
2026-04-18T11:23:00.743Z,53.8114,-164.2989,29.308,2.5,ml,19,220,0.684,0.57,us,us6000sr93,2026-04-30T07:37:00.040Z,"103 km ESE of Akutan, Alaska",earthquake,4.18,13.96,0.105,12.0,reviewed,us,us,Global
2026-04-18T11:04:56.721Z,0.3117,125.7149,35.0,5.0,mb,58,66,6.37,1.1,us,us6000sr3p,2026-04-30T07:13:14.040Z,"140 km SSE of Bitung, Indonesia",earthquake,8.98,1.925,0.071,63.0,reviewed,us,us,Global
2026-04-18T10:56:39.478Z,-31.9801,-178.0719,10.0,4.8,mb,33,118,2.729,1.08,us,us7000sgh0,2026-05-03T07:58:49.040Z,Kermadec Islands region,earthquake,10.77,1.919,0.103,29.0,reviewed,us,us,Global
2026-04-18T10:53:35.005Z,-32.3036,-178.6408,10.0,4.7,mb,22,115,3.11,0.48,us,us7000sgh3,2026-05-03T08:11:51.040Z,south of the Kermadec Islands,earthquake,10.72,1.88,0.123,20.0,reviewed,us,us,Global
2026-04-18T10:47:55.388Z,-32.0028,-178.0923,13.0,5.9,mww,96,33,2.752,1.0,us,us6000sr3l,2026-04-30T06:41:31.689Z,south of the Kermadec Islands,earthquake,11.25,1.854,0.061,26.0,reviewed,us,us,Global
2026-04-18T10:42:34.393Z,10.1195,-77.1509,10.0,4.4,mb,41,73,2.813,0.61,us,us7000sgh1,2026-04-30T06:16:26.040Z,"137 km NE of Achutupo, Panama",earthquake,7.21,1.911,0.104,27.0,reviewed,us,us,Global
2026-04-18T10:31:11.698Z,0.2069,125.6297,34.466,4.2,mb,27,128,6.349,1.08,us,us7000sggy,2026-04-29T13:10:58.040Z,"135 km ESE of Modisi, Indonesia",earthquake,12.05,5.977,0.124,18.0,reviewed,us,us,Global
2026-04-18T10:25:27.355Z,-15.9744,-173.2748,34.568,4.5,mb,34,100,2.51,0.48,us,us7000sggz,2026-04-30T06:05:41.040Z,"55 km E of Hihifo, Tonga",earthquake,10.58,5.827,0.106,26.0,reviewed,us,us,Global
2026-04-18T10:24:59.265Z,6.798,-73.0411,166.033,4.6,mb,48,83,2.321,0.84,us,us6000sr3g,2026-04-30T06:08:01.040Z,"8 km WNW of Cepitá, Colombia",earthquake,11.3,10.259,0.029,362.0,reviewed,us,us,Global
2026-04-18T10:23:40.919Z,0.2615,125.7654,35.0,4.9,mb,47,90,6.299,0.86,us,us6000sr3h,2026-04-30T05:51:08.040Z,"148 km SSE of Bitung, Indonesia",earthquake,9.54,1.933,0.08,49.0,reviewed,us,us,Global
2026-04-18T09:32:01.891Z,-15.2282,-173.2611,10.0,4.8,mb,45,76,1.942,0.8,us,us6000sr3d,2026-04-30T05:25:23.040Z,"98 km NE of Hihifo, Tonga",earthquake,10.17,1.87,0.048,134.0,reviewed,us,us,Global
2026-04-18T09:28:16.147Z,-15.2272,-173.005,10.0,4.6,mb,26,106,1.766,1.17,us,us7000sggv,2026-04-29T12:44:31.040Z,"116 km NE of Hihifo, Tonga",earthquake,11.63,1.89,0.125,19.0,reviewed,us,us,Global
2026-04-18T09:25:49.773Z,-11.2076,164.1255,10.0,4.5,mb,25,123,4.471,0.76,us,us6000sr3c,2026-05-03T07:16:41.040Z,"190 km WSW of Lata, Solomon Islands",earthquake,12.06,1.946,0.124,19.0,reviewed,us,us,Global
2026-04-18T08:49:29.325Z,24.9665,62.9227,10.0,4.3,mb,44,226,6.098,0.59,us,us6000sr38,2026-05-12T15:10:19.040Z,"62 km ESE of Gwadar, Pakistan",earthquake,13.53,2.004,0.092,33.0,reviewed,us,us,Pakistan
2026-04-18T08:45:47.309Z,6.472,125.9238,150.863,4.4,mb,38,121,0.685,0.57,us,us7000sggu,2026-05-12T08:27:54.040Z,"19 km WSW of Luzon, Philippines",earthquake,12.3,6.805,0.087,38.0,reviewed,us,us,Global
2026-04-18T07:08:46.923Z,56.4729,-148.8782,10.0,2.7,ml,36,228,2.86,0.41,us,us6000sr8n,2026-05-11T12:05:35.040Z,"242 km ESE of Chiniak, Alaska",earthquake,7.23,2.018,0.054,45.0,reviewed,us,us,Global
2026-04-18T06:54:27.509Z,55.689,-160.731,125.6,2.7,ml,25,165,0.6,0.3,ak,aka2026hoyleu,2026-04-19T03:42:05.483Z,"41 km NNW of Sand Point, Alaska",earthquake,19.3,2.9975,0.4,18.0,reviewed,ak,ak,Global
2026-04-18T06:17:45.186Z,6.5146,60.2642,10.0,4.5,mb,36,133,18.734,0.9,us,us7000sggr,2026-05-11T14:04:27.040Z,Carlsberg Ridge,earthquake,14.13,1.934,0.106,26.0,reviewed,us,us,Global
2026-04-18T06:09:27.248Z,43.3179,-126.8241,10.0,2.6,ml,40,261,2.064,0.88,us,us6000sr2p,2026-05-12T15:05:18.040Z,"197 km W of Bandon, Oregon",earthquake,10.4,2.021,0.041,78.0,reviewed,us,us,Global
2026-04-18T06:04:34.977Z,6.5279,60.2467,10.0,4.9,mb,60,63,12.102,0.6,us,us6000sr2q,2026-05-12T15:07:48.040Z,Carlsberg Ridge,earthquake,10.43,1.883,0.077,52.0,reviewed,us,us,Global
2026-04-18T05:59:58.529Z,6.4116,60.1996,10.0,5.5,mww,69,64,11.977,0.69,us,us6000sr2n,2026-05-12T15:11:44.083Z,Carlsberg Ridge,earthquake,10.28,1.878,0.093,11.0,reviewed,us,us,Global
2026-04-18T05:58:06.815Z,6.4698,60.1939,10.0,4.6,mb,42,63,12.028,1.05,us,us7000sggq,2026-05-11T15:58:02.040Z,Carlsberg Ridge,earthquake,8.76,1.678,0.092,35.0,reviewed,us,us,Global
2026-04-18T05:54:30.884Z,36.5941,137.8377,10.0,4.9,mww,154,44,0.299,0.67,us,us6000sr2i,2026-05-12T15:01:00.950Z,"10 km NNW of Ōmachi, Japan",earthquake,3.34,1.853,0.11,8.0,reviewed,us,us,Global
2026-04-18T05:35:49.482Z,60.291,-152.323,97.6,3.5,ml,202,30,0.3,0.9,ak,aka2026hovvir,2026-05-12T14:53:35.040Z,"45 km NW of Ninilchik, Alaska",earthquake,1.7,1.213,0.2,132.0,reviewed,ak,ak,Global
2026-04-18T05:14:47.845Z,1.1244,126.2095,62.633,4.2,mb,32,99,14.711,0.61,us,us7000sggp,2026-05-12T14:35:37.040Z,"125 km ESE of Bitung, Indonesia",earthquake,8.43,8.42,0.102,27.0,reviewed,us,us,Global
2026-04-18T04:40:13.085Z,45.898,151.6669,35.0,5.2,mww,98,94,6.674,0.8,us,us6000sr27,2026-04-29T00:03:26.040Z,Kuril Islands,earthquake,9.1,1.826,0.071,19.0,reviewed,us,us,Global
2026-04-18T04:37:13.155Z,-5.6283,130.0167,211.379,4.5,mb,23,83,1.104,1.32,us,us6000sr22,2026-04-28T23:50:41.040Z,"280 km SSE of Amahai, Indonesia",earthquake,11.04,8.653,0.156,12.0,reviewed,us,us,Global
2026-04-18T04:20:05.394Z,36.5963,137.8008,10.0,4.9,mww,61,51,0.329,0.53,us,us6000sr1y,2026-05-06T22:15:10.040Z,"12 km NNW of Ōmachi, Japan",earthquake,6.39,1.869,0.089,12.0,reviewed,us,us,Global
2026-04-18T04:06:49.414Z,-31.8517,-178.01,10.0,4.9,mb,20,178,2.599,1.22,us,us6000sr31,2026-04-28T23:34:43.040Z,Kermadec Islands region,earthquake,12.37,1.928,0.155,14.0,reviewed,us,us,Global
2026-04-18T03:51:50.498Z,51.4061,-177.9001,58.3,3.2,ml,13,215,0.35,0.24,us,us6000sr2h,2026-05-13T22:12:56.040Z,"101 km WSW of Adak, Alaska",earthquake,5.5,7.236,0.115,10.0,reviewed,us,us,Global
2026-04-18T03:16:13.222Z,36.5948,70.8201,196.578,4.5,mb,77,61,2.167,1.15,us,us6000sr1k,2026-04-28T23:27:52.040Z,"29 km S of Jurm, Afghanistan",earthquake,8.11,6.819,0.054,103.0,reviewed,us,us,Pakistan
2026-04-18T02:54:20.435Z,36.5227,70.8653,200.678,5.4,mww,83,36,2.204,1.0,us,us6000sr1e,2026-05-06T10:29:33.647Z,"38 km S of Jurm, Afghanistan",earthquake,8.08,5.928,0.055,32.0,reviewed,us,us,Pakistan
2026-04-18T02:22:15.490Z,32.0352,-93.3774,9.415,2.5,ml,6,112,0.03,0.76,us,us6000srfv,2026-04-22T23:59:56.341Z,"4 km NW of Coushatta, Louisiana",earthquake,2.3,1.309,0.128,8.0,reviewed,us,us,Global
2026-04-18T02:18:17.470Z,52.2249,176.3244,17.682,3.9,mb,22,191,1.412,0.73,us,us7000sggj,2026-05-07T04:01:55.040Z,"223 km ESE of Attu Station, Alaska",earthquake,9.29,8.175,0.142,13.0,reviewed,us,us,Global
2026-04-18T02:14:34.165Z,1.3682,126.1551,35.0,4.7,mb,44,79,6.948,1.15,us,us6000sr16,2026-04-28T22:28:05.040Z,"114 km E of Bitung, Indonesia",earthquake,8.98,1.903,0.083,49.0,reviewed,us,us,Global
2026-04-18T02:08:08.346Z,-20.9594,-68.2593,121.245,4.5,mb,35,59,1.15,1.03,us,us6000sr12,2026-04-28T22:25:43.040Z,"29 km N of Ollagüe, Chile",earthquake,5.92,7.158,0.118,22.0,reviewed,us,us,Global
2026-04-18T01:59:30.821Z,39.3175,-119.0629,6.2168,2.55,ml,20,88,0.069,0.1176,nn,nn00915193,2026-04-28T22:17:32.040Z,"17 km SE of Silver Springs, Nevada",earthquake,,1.2536,0.28,14.0,reviewed,nn,nn,Global
2026-04-18T00:47:40.311Z,51.2162,-178.5114,37.294,2.8,ml,15,218,0.387,0.92,us,us6000sr10,2026-05-04T04:06:25.040Z,"149 km WSW of Adak, Alaska",earthquake,4.97,12.128,0.105,14.0,reviewed,us,us,Global
2026-04-18T00:28:22.084Z,45.3642,150.9553,38.202,5.0,mb,66,112,6.085,0.73,us,us6000sr09,2026-05-05T02:02:14.040Z,"241 km E of Kuril’sk, Russia",earthquake,9.95,5.669,0.036,241.0,reviewed,us,us,Global
2026-04-17T23:56:31.497Z,31.736,-104.113,7.6508,3.2,ml,40,67,0.0,0.1,tx,tx2026hokoxt,2026-05-04T04:18:30.040Z,"48 km W of Mentone, Texas",earthquake,0.38761911324774,0.46018860699321,0.2,40.0,reviewed,tx,tx,Global
2026-04-17T23:29:38.089Z,1.2934,126.2705,35.0,5.1,mb,59,80,7.295,1.22,us,us6000sqzn,2026-05-05T01:03:28.040Z,"128 km E of Bitung, Indonesia",earthquake,9.51,1.887,0.051,126.0,reviewed,us,us,Global
2026-04-17T23:27:34.807Z,1.3072,126.1854,35.0,5.0,mb,49,92,5.756,0.98,us,us6000ssmc,2026-05-03T21:21:24.040Z,"118 km E of Bitung, Indonesia",earthquake,8.71,1.911,0.084,45.0,reviewed,us,us,Global
2026-04-17T23:21:27.212Z,0.0471,123.7874,120.399,5.1,mww,92,26,6.443,1.05,us,us6000sqzl,2026-05-04T23:40:27.040Z,"84 km WSW of Modisi, Indonesia",earthquake,9.49,5.675,0.073,18.0,reviewed,us,us,Global
2026-04-17T23:15:05.069Z,-24.9149,-68.2097,126.28,4.1,mb,25,87,1.276,0.76,us,us6000sqzj,2026-05-04T23:13:10.040Z,"150 km NNW of Antofagasta de la Sierra, Argentina",earthquake,5.98,14.329,0.233,5.0,reviewed,us,us,Global
2026-04-17T22:36:41.297Z,-32.7865,-178.4953,10.0,4.4,mb,14,170,3.563,0.72,us,us6000ssma,2026-05-10T23:23:06.040Z,south of the Kermadec Islands,earthquake,11.23,1.567,0.19,8.0,reviewed,us,us,Global
2026-04-17T22:19:20.867Z,-6.2079,131.2785,65.339,4.7,mb,35,108,2.162,0.83,us,us6000sqz7,2026-05-04T23:05:48.040Z,"175 km WSW of Tual, Indonesia",earthquake,8.24,7.978,0.088,39.0,reviewed,us,us,Global
2026-04-17T22:08:33.433Z,30.9265,-41.7287,10.0,4.6,mb,22,160,21.156,0.86,us,us6000ssm9,2026-05-02T23:45:09.040Z,northern Mid-Atlantic Ridge,earthquake,10.36,1.93,0.137,16.0,reviewed,us,us,Global
2026-04-17T22:04:32.791Z,57.868,-136.637,10.0,3.7,ml,51,122,0.2,3.4,ak,aka2026hogxjn,2026-05-04T22:55:29.993Z,"26 km WSW of Pelican, Alaska",earthquake,3.7,0.0,0.1,33.0,reviewed,ak,ak,Global
2026-04-17T21:46:31.206Z,-5.9716,148.5258,97.801,5.0,mb,58,46,3.67,0.64,us,us6000sqz1,2026-05-04T22:40:43.040Z,"99 km NE of Finschhafen, Papua New Guinea",earthquake,7.45,5.762,0.051,120.0,reviewed,us,us,Global
2026-04-17T21:12:54.601Z,51.8818,176.2776,10.0,4.1,mb,28,189,1.385,1.09,us,us6000sr0y,2026-05-04T04:04:42.040Z,"236 km ESE of Attu Station, Alaska",earthquake,6.66,1.958,0.104,25.0,reviewed,us,us,Global
2026-04-17T21:07:51.797Z,-20.4017,-68.8073,99.114,4.4,mwr,40,64,0.416,1.08,us,us6000sqyu,2026-05-04T22:22:22.040Z,"88 km E of La Tirana, Chile",earthquake,5.68,5.494,0.083,14.0,reviewed,us,us,Global
2026-04-17T21:00:05.064Z,52.1174,-175.7443,144.99,3.9,mb,27,136,0.172,0.29,us,us6000sqyt,2026-05-04T03:55:49.040Z,"66 km ENE of Adak, Alaska",earthquake,9.14,5.316,0.109,23.0,reviewed,us,us,Global
2026-04-17T20:52:26.389Z,-32.1948,-178.0282,10.0,4.7,mb,23,135,2.941,1.1,us,us6000ssm6,2026-05-08T20:03:22.040Z,south of the Kermadec Islands,earthquake,10.3,1.66,0.126,20.0,reviewed,us,us,Global
2026-04-17T20:51:08.855Z,51.3915,160.178,9.092,4.1,mb,28,155,2.297,1.17,us,us6000ssm7,2026-05-08T19:42:09.040Z,"209 km SE of Vilyuchinsk, Russia",earthquake,7.68,6.956,0.117,22.0,reviewed,us,us,Global
2026-04-17T17:10:07.050Z,18.6148,-101.4297,85.232,4.3,mb,40,182,1.044,0.58,us,us6000ssm0,2026-05-01T15:17:23.040Z,"16 km NNW of Aratichanguío, Mexico",earthquake,7.09,6.916,0.081,43.0,reviewed,us,us,Global
2026-04-17T16:33:07.722Z,53.626,-165.0106,10.0,3.4,ml,11,213,0.723,0.78,us,us6000sqvn,2026-04-17T23:39:48.696Z,"75 km SE of Akutan, Alaska",earthquake,2.55,2.0,0.085,18.0,reviewed,us,us,Global
2026-04-17T15:49:24.942Z,54.875,-160.808,19.8,2.6,ml,25,220,0.7,0.5,ak,aka2026hnulkp,2026-04-18T00:06:39.039Z,"54 km SSW of Sand Point, Alaska",earthquake,5.6,3.6458,0.2,18.0,reviewed,ak,ak,Global
2026-04-17T15:20:21.399Z,56.744,-155.267,28.4,2.9,ml,63,184,1.1,0.5,ak,aka2026hntmiz,2026-05-11T13:17:33.040Z,"70 km WSW of Akhiok, Alaska",earthquake,5.1,6.9927,0.2,44.0,reviewed,ak,ak,Global
2026-04-17T14:49:26.486Z,1.8023,127.3648,123.511,4.2,mb,20,126,6.77,0.64,us,us6000sslx,2026-05-07T18:26:35.040Z,"72 km W of Tobelo, Indonesia",earthquake,14.27,7.162,0.141,16.0,reviewed,us,us,Global
2026-04-17T14:26:37.154Z,39.3199,-119.0591,7.1637,2.66,ml,32,61,0.07,0.1103,nn,nn00915102,2026-05-07T18:09:25.040Z,"17 km SE of Silver Springs, Nevada",earthquake,,0.895,0.28,16.0,reviewed,nn,nn,Global
2026-04-17T13:51:15.140Z,32.7365,140.0609,127.576,4.2,mb,30,131,3.635,0.65,us,us6000sslv,2026-05-07T18:06:37.040Z,"238 km SSE of Shimoda, Japan",earthquake,11.42,3.767,0.132,16.0,reviewed,us,us,Global
2026-04-17T13:34:27.073Z,39.3165,-119.0617,8.1964,2.85,ml,30,80,0.067,0.0953,nn,nn00915093,2026-05-07T17:57:11.040Z,"17 km SE of Silver Springs, Nevada",earthquake,,0.9159,0.34,15.0,reviewed,nn,nn,Global
2026-04-17T13:13:15.088Z,51.1948,-179.123,28.079,3.4,ml,19,211,0.408,0.76,us,us6000sqzb,2026-05-11T13:14:38.040Z,"188 km WSW of Adak, Alaska",earthquake,3.61,6.318,0.085,18.0,reviewed,us,us,Global
2026-04-17T13:03:42.170Z,34.839166666667,-116.41016666667,1.33,3.54,ml,45,67,0.0626,0.15,ci,ci41443376,2026-05-07T17:55:06.040Z,"26 km WNW of Ludlow, CA",earthquake,0.14,0.33,0.17170134862582,305.0,reviewed,ci,ci,Global
2026-04-17T12:47:22.168Z,34.698,25.8279,10.0,4.1,mb,39,250,0.969,0.46,us,us6000sslu,2026-05-11T11:22:31.040Z,"35 km SSE of Ierápetra, Greece",earthquake,5.81,1.948,0.101,27.0,reviewed,us,us,Global
2026-04-17T12:39:26.696Z,13.3223,-44.7899,10.0,5.4,mww,87,87,11.252,0.67,us,us6000sqta,2026-05-12T14:53:55.365Z,northern Mid-Atlantic Ridge,earthquake,10.27,1.878,0.098,10.0,reviewed,us,us,Global
2026-04-17T12:37:12.264Z,50.2781,156.5772,70.313,4.6,mb,92,127,2.919,0.71,us,us6000sqtb,2026-05-12T14:49:57.040Z,"54 km SE of Severo-Kuril’sk, Russia",earthquake,9.15,7.053,0.044,153.0,reviewed,us,us,Global
2026-04-17T11:51:06.143Z,-31.5796,-178.1957,35.0,4.5,mb,19,140,2.338,0.98,us,us6000sslt,2026-05-11T13:48:30.040Z,Kermadec Islands region,earthquake,12.31,1.946,0.124,19.0,reviewed,us,us,Global
2026-04-17T11:16:33.418Z,11.8458,125.334,67.63,4.3,mb,38,131,29.754,0.37,us,us6000sslp,2026-05-12T14:23:06.040Z,"10 km WSW of Mantang, Philippines",earthquake,15.47,7.731,0.096,31.0,reviewed,us,us,Global
2026-04-17T11:15:12.283Z,17.8808,-76.6286,10.0,4.3,mb,30,112,0.928,0.61,us,us6000sslq,2026-05-12T14:25:54.040Z,"6 km SW of Easington, Jamaica",earthquake,5.87,1.949,0.133,16.0,reviewed,us,us,Global
2026-04-17T11:04:06.835Z,-24.144,-67.0703,210.485,4.3,mb,26,104,1.563,0.85,us,us6000sqrh,2026-05-12T14:39:18.040Z,"76 km W of San Antonio de los Cobres, Argentina",earthquake,9.23,8.314,0.143,14.0,reviewed,us,us,Global
2026-04-17T10:31:13.432Z,36.7242,74.5216,10.0,4.3,mb,40,169,2.266,0.48,us,us6000sslm,2026-05-14T11:18:35.040Z,"47 km NNW of Barishal, Pakistan",earthquake,11.78,1.974,0.091,34.0,reviewed,us,us,Pakistan
2026-04-17T10:21:16.033Z,0.7142,126.3355,35.0,4.6,mb,59,87,6.306,0.35,us,us6000sqrf,2026-05-13T11:00:48.040Z,"117 km W of Ternate, Indonesia",earthquake,10.09,1.906,0.073,56.0,reviewed,us,us,Global
2026-04-17T10:03:53.294Z,61.214,-150.521,50.2,2.8,ml,113,43,0.3,0.9,ak,aka2026hnizrb,2026-05-13T06:50:19.040Z,"31 km ENE of Beluga, Alaska",earthquake,1.9,2.5889,0.2,77.0,reviewed,ak,ak,Global
2026-04-17T09:57:27.251Z,60.5006,-139.8095,5.0,2.8,ml,26,87,0.672,0.6,us,us6000sqr8,2026-05-13T06:31:01.040Z,"106 km N of Yakutat, Alaska",earthquake,1.93,1.946,0.043,70.0,reviewed,us,us,Global
2026-04-17T08:53:37.462Z,26.4175,96.0185,112.016,4.3,mb,47,106,5.285,0.88,us,us6000sqr4,2026-04-29T12:21:14.040Z,"80 km SE of Khonsa, India",earthquake,8.47,6.128,0.094,32.0,reviewed,us,us,Global
2026-04-17T07:42:20.265Z,-15.1402,167.3678,123.604,4.3,mb,18,275,0.344,0.81,us,us6000sslk,2026-04-29T11:57:26.040Z,"33 km ESE of Port-Olry, Vanuatu",earthquake,15.1,4.818,0.153,12.0,reviewed,us,us,Global
2026-04-17T07:28:03.173Z,-3.4051,138.6235,71.73,4.5,mb,25,89,2.257,0.58,us,us6000ssli,2026-04-29T11:47:30.040Z,"240 km WSW of Abepura, Indonesia",earthquake,12.01,8.199,0.101,29.0,reviewed,us,us,Global
2026-04-17T07:03:02.250Z,19.310166666667,-155.22216666667,0.35,2.73,ml,37,131,0.02888,0.16,hv,hv74937497,2026-04-29T11:27:08.040Z,"14 km S of Volcano, Hawaii",earthquake,0.23,0.24,0.20887126001021,32.0,reviewed,hv,hv,Global
2026-04-17T06:49:01.601Z,58.836,-143.355,63.3,2.5,ml,31,189,1.4,0.5,ak,aka2026hncnsk,2026-04-17T19:55:04.272Z,"221 km WSW of Yakutat, Alaska",earthquake,7.6,20.3822,0.4,20.0,reviewed,ak,ak,Global
2026-04-17T06:47:16.905Z,9.6712,125.7062,120.188,4.5,mb,58,113,2.588,0.84,us,us6000sqqr,2026-05-04T06:30:37.563Z,"8 km N of Gigaquit, Philippines",earthquake,10.78,2.91,0.054,100.0,reviewed,us,us,Global
2026-04-17T06:19:48.509Z,-31.4474,-69.3163,120.379,4.8,mb,56,44,0.56,1.26,us,us6000sqqg,2026-04-29T10:51:04.638Z,"16 km SE of Calingasta, Argentina",earthquake,5.64,4.963,0.031,325.0,reviewed,us,us,Global
2026-04-17T05:20:37.243Z,17.742,145.8537,138.986,4.3,mb,43,79,11.772,0.54,us,us6000sslg,2026-04-29T10:38:44.040Z,"280 km N of Saipan, Northern Mariana Islands",earthquake,11.98,8.011,0.075,51.0,reviewed,us,us,Global
2026-04-17T04:38:56.367Z,62.621,-149.161,67.4,2.5,ml,85,22,0.3,0.8,ak,aka2026hmyfqz,2026-04-17T22:01:23.727Z,"52 km ENE of Chase, Alaska",earthquake,1.9,2.5814,0.2,63.0,reviewed,ak,ak,Global
2026-04-17T03:54:26.808Z,-18.3028,-71.3997,38.05,4.1,mb,17,254,1.007,0.69,us,us6000sqq2,2026-05-12T05:01:01.040Z,"72 km S of Pacocha, Peru",earthquake,9.7,13.055,0.185,8.0,reviewed,us,us,Global
2026-04-17T02:51:24.137Z,-5.1449,154.1545,430.772,4.0,mb,20,129,2.199,0.57,us,us6000sslb,2026-05-12T04:52:01.040Z,"196 km NW of Panguna, Papua New Guinea",earthquake,17.16,9.61,0.138,14.0,reviewed,us,us,Global
2026-04-17T02:38:34.244Z,-31.5443,-66.8018,122.574,4.5,mb,56,61,1.595,0.82,us,us6000sqpv,2026-05-12T04:45:20.040Z,"108 km WNW of Candelaria, Argentina",earthquake,9.0,7.518,0.094,33.0,reviewed,us,us,Global
2026-04-17T01:37:34.675Z,6.7502,-73.0368,162.893,4.1,mb,32,146,2.284,0.66,us,us6000ssl9,2026-05-12T04:25:10.040Z,"6 km NNW of Aratoca, Colombia",earthquake,11.28,12.889,0.12,19.0,reviewed,us,us,Global
2026-04-17T01:27:21.242Z,62.305,-150.825,73.6,3.3,ml,172,16,0.2,0.9,ak,aka2026hmrwnl,2026-05-12T04:21:24.040Z,"21 km S of Petersville, Alaska",earthquake,1.7,2.1875,0.2,127.0,reviewed,ak,ak,Global
2026-04-17T01:03:02.743Z,31.676,-104.485,6.3562,2.8,ml,24,83,0.0,0.1,tx,tx2026hmrbqf,2026-05-12T04:12:00.040Z,"56 km S of Whites City, New Mexico",earthquake,0.98712239945777,0.50536696316623,0.1,19.0,reviewed,tx,tx,Global
2026-04-17T00:58:02.096Z,16.6908,-95.7614,54.896,4.7,mb,44,129,2.819,0.9,us,us6000sqpd,2026-05-04T05:27:13.601Z,"19 km SSW of Santiago Quiavicuzas, Mexico",earthquake,8.68,8.99,0.037,228.0,reviewed,us,us,Global
2026-04-17T00:54:35.170Z,18.507,-65.584833333333,89.64,3.27,md,20,181,0.2569,0.34,pr,pr71513783,2026-05-04T05:14:32.040Z,"20 km NE of Luquillo, Puerto Rico",earthquake,1.72,1.01,0.083119570248841,16.0,reviewed,pr,pr,Global
2026-04-17T00:26:41.319Z,-20.3071,-177.8488,509.058,4.0,mb,26,167,4.634,0.45,us,us6000ssl7,2026-05-02T23:02:22.040Z,"281 km WNW of Houma, Tonga",earthquake,18.35,9.092,0.125,17.0,reviewed,us,us,Global
2026-04-17T00:26:12.470Z,51.165,-176.29,25.0,2.5,ml,15,287,0.7,0.2,ak,aka2026hmpvws,2026-04-17T20:07:38.489Z,"82 km SSE of Adak, Alaska",earthquake,11.1,5.7432,0.1,13.0,reviewed,ak,ak,Global
